Priority,Business Name,Type,Phone,Rating,Reviews,Address,Maps Link,Website
A - Cloud Kitchen,Colonel's Kababz | Corporate Office & Cloud Kitchen,north_indian_restaurant,098683 74769,3.5,10,"GROUND FLOOR, 832, Udyog Vihar Phase V Rd, Phase V, Udyog Vihar, Sector 19, New Delhi, Gurugram, Haryana 122016, India",https://maps.google.com/?cid=325508217810332655&g_mp=Cilnb29nbGUubWFwcy5wbGFjZXMudjEuUGxhY2VzLlNlYXJjaE5lYXJieRACGAQgAA,
A - Cloud Kitchen,"The Croffle Guys | Udyog Vihar, Cloud Kitchen",restaurant,093548 55455,4.7,7,"651, Udyog Vihar Phase V Rd, Udyog Vihar 3, Phase V, Udyog Vihar, Sector 19, Gurugram, Haryana 122016, India",https://maps.google.com/?cid=13064431075310700087&g_mp=Cilnb29nbGUubWFwcy5wbGFjZXMudjEuUGxhY2VzLlNlYXJjaE5lYXJieRACGAQgAA,https://www.thecroffleguys.com/
A - Delivery/Takeaway,ROYAL BITE,meal_delivery,099993 58896,5,2,"Sub. Major Laxmi Chand Rd, Sector 18, Sarhol, Gurugram, Haryana 122015, India",https://maps.google.com/?cid=17902535156618146895&g_mp=Cilnb29nbGUubWFwcy5wbGFjZXMudjEuUGxhY2VzLlNlYXJjaE5lYXJieRACGAQgAA,https://www.royalbite.in/
A - Delivery/Takeaway,Shree Shyam Food Point,meal_takeaway,093190 58955,,,"House 327, Indstuil Complex, Bangla Mohhalla, Udyog Vihar Phase 1, Udyog Vihar, Sector 20, Gurugram, Haryana 122001, India",https://maps.google.com/?cid=16711795553173081560&g_mp=Cilnb29nbGUubWFwcy5wbGFjZXMudjEuUGxhY2VzLlNlYXJjaE5lYXJieRACGAQgAA,https://magicpin.in/Gurgaon/Udyog-Vihar/Restaurant/Shree-Shyam-Food-Point/store/1704a31/?utm_source=gbp
B - Catering/Tiffin,Gaye Mata Ki Rasoi,restaurant,072899 27974,3,23,"Plot 1A, Lane 2, near Sector 17, Sarhaul, Sector 18, Gurugram, Haryana 122015, India",https://maps.google.com/?cid=4652770177483581426&g_mp=Cilnb29nbGUubWFwcy5wbGFjZXMudjEuUGxhY2VzLlNlYXJjaE5lYXJieRACGAQgAA,https://magicpin.in/Gurgaon/Sector-18/Restaurant/Gaye-Mata-Ki-Rasoi/store/3ac6b8/?utm_source=gbp
B - Catering/Tiffin,Royal Cuisine Caterers,catering_service,099110 65459,4.8,17,"S- 5/16, DLF Phase 3, Sector 24, Gurugram, Haryana 122002, India",https://maps.google.com/?cid=5513032994449191752&g_mp=Cilnb29nbGUubWFwcy5wbGFjZXMudjEuUGxhY2VzLlNlYXJjaE5lYXJieRACGAQgAA,https://royalcuisinecaterers.com/index.html
B - Catering/Tiffin,Maa ki Rasoi,indian_restaurant,084485 52646,5,2,"V block lane, no V-21, DLF PHASE 3, Nathupur, Sector 24, Gurugram, Haryana 122002, India",https://maps.google.com/?cid=8720045819822660999&g_mp=Cilnb29nbGUubWFwcy5wbGFjZXMudjEuUGxhY2VzLlNlYXJjaE5lYXJieRACGAQgAA,
B - Catering/Tiffin,Dadi Ki Rasoi,cafe,088003 19100,,,"Plot No. 402, Phase III, Udyog Vihar, Sector 20, Gurugram, Haryana 122016, India",https://maps.google.com/?cid=14511766266374384910&g_mp=Cilnb29nbGUubWFwcy5wbGFjZXMudjEuUGxhY2VzLlNlYXJjaE5lYXJieRACGAQgAA,
B - Fast Food,Subway Ambience Mall,fast_food_restaurant,073037 14346,3.5,49,"Ambience Mall 3, Ambience Island, DLF Phase 3, Sector 24, Gurugram, Haryana 122002, India",https://maps.google.com/?cid=1542245316527331220&g_mp=Cilnb29nbGUubWFwcy5wbGFjZXMudjEuUGxhY2VzLlNlYXJjaE5lYXJieRACGAQgAA,https://subway.in/
B - Fast Food,"Golden Grillz - 309-310, Phase IV, Udyog Vihar,",fast_food_restaurant,098919 22696,4.5,48,"309-310, Phase IV, Udyog Vihar, Sector 18, Gurugram, Haryana 122015, India",https://maps.google.com/?cid=8782188392977460725&g_mp=Cilnb29nbGUubWFwcy5wbGFjZXMudjEuUGxhY2VzLlNlYXJjaE5lYXJieRACGAQgAA,
B - Fast Food,Midnight Rider,fast_food_restaurant,097115 38340,4,29,"V23/1-2, V Block, DLF Phase 3, Sector 24, Gurugram, Haryana 122010, India",https://maps.google.com/?cid=502434890569820150&g_mp=Cilnb29nbGUubWFwcy5wbGFjZXMudjEuUGxhY2VzLlNlYXJjaE5lYXJieRACGAQgAA,
B - Fast Food,Rakesh Fast Food,fast_food_restaurant,091997 31446,3.2,23,"5, Udyog Vihar, Sector 20, Gurugram, Haryana 122016, India",https://maps.google.com/?cid=2993760005426452958&g_mp=Cilnb29nbGUubWFwcy5wbGFjZXMudjEuUGxhY2VzLlNlYXJjaE5lYXJieRACGAQgAA,
B - Fast Food,EATFIT,fast_food_restaurant,088824 00587,2,14,"832, Udyog Vihar Phase V Rd, Phase V, Udyog Vihar, Sector 19, Gurugram, Haryana 122016, India",https://maps.google.com/?cid=5685483780517332326&g_mp=Cilnb29nbGUubWFwcy5wbGFjZXMudjEuUGxhY2VzLlNlYXJjaE5lYXJieRACGAQgAA,
B - Fast Food,DosTEA Cafe,fast_food_restaurant,079822 53585,4.9,12,"U-69/3, U Block, DLF Phase 3, Sector 24, Gurugram, Haryana 122002, India",https://maps.google.com/?cid=12222226707622098187&g_mp=Cilnb29nbGUubWFwcy5wbGFjZXMudjEuUGxhY2VzLlNlYXJjaE5lYXJieRACGAQgAA,
B - Fast Food,Sanjay Shop,fast_food_restaurant,094606 86268,5,3,"68, Near, Me Road, Sector 28, Maruti Housing Colony, Gurugram, Haryana 122009, India",https://maps.google.com/?cid=5611481191263479301&g_mp=Cilnb29nbGUubWFwcy5wbGFjZXMudjEuUGxhY2VzLlNlYXJjaE5lYXJieRACGAQgAA,
B - Fast Food,Hariram Pal,fast_food_restaurant,072177 32431,3.7,3,"shop no-3, Sec 25, Market, DLF Phase 2, Palam Vihar, Gurugram, Haryana 122002, India",https://maps.google.com/?cid=6287522835984097005&g_mp=Cilnb29nbGUubWFwcy5wbGFjZXMudjEuUGxhY2VzLlNlYXJjaE5lYXJieRACGAQgAA,
B - Fast Food,Nirula's Guru Dronacharya,fast_food_restaurant,1800 102 5247,3.7,3,"GARDEN ESTATE, Mehrauli-Gurgaon Rd, Garden Estate, DLF Phase 3, Sector 24, Gurugram, Haryana 122010, India",https://maps.google.com/?cid=9309886465348350130&g_mp=Cilnb29nbGUubWFwcy5wbGFjZXMudjEuUGxhY2VzLlNlYXJjaE5lYXJieRACGAQgAA,https://nirulas.com/
B - Fast Food,As Fast Food,fast_food_restaurant,081301 12845,5,2,"Sarhaul, Sector, Gurugram, Haryana 122015, India",https://maps.google.com/?cid=10209979967241544458&g_mp=Cilnb29nbGUubWFwcy5wbGFjZXMudjEuUGxhY2VzLlNlYXJjaE5lYXJieRACGAQgAA,
B - Fast Food,BONABITE,fast_food_restaurant,097287 70606,5,2,"111, Basment Market, U Block, DLF Phase 3, Sector 24, Gurugram, Haryana 122002, India",https://maps.google.com/?cid=3799031687496428702&g_mp=Cilnb29nbGUubWFwcy5wbGFjZXMudjEuUGxhY2VzLlNlYXJjaE5lYXJieRACGAQgAA,https://link.zomato.com/xqzv/rshare?id=57400934305630f6
B - Fast Food,B. S. Food,fast_food_restaurant,096674 21700,3,2,"a, 3-113, Nathupur, Sector 26A, Gurugram, Haryana 122002, India",https://maps.google.com/?cid=850088673982280414&g_mp=Cilnb29nbGUubWFwcy5wbGFjZXMudjEuUGxhY2VzLlNlYXJjaE5lYXJieRACGAQgAA,
B - Fast Food,Vikash Dosa Point,fast_food_restaurant,099588 59069,5,1,"OFFICE, GLOBAL BUSINESS PARK, Sikanderpur, Sector 26, Gurugram, Haryana 122002, India",https://maps.google.com/?cid=17571728540080873100&g_mp=Cilnb29nbGUubWFwcy5wbGFjZXMudjEuUGxhY2VzLlNlYXJjaE5lYXJieRACGAQgAA,
B - Fast Food,Ashok Fast Food,fast_food_restaurant,079959 04620,5,1,"Shop No.28, Sector 21A, Sector 28, Dundahera Village, Sector 20, Gurugram, Haryana 122016, India",https://maps.google.com/?cid=6439421239740126621&g_mp=Cilnb29nbGUubWFwcy5wbGFjZXMudjEuUGxhY2VzLlNlYXJjaE5lYXJieRACGAQgAA,
B - Fast Food,Jitendra Kumar fast food,fast_food_restaurant,085955 98382,,,"Sector 28A, Chakkarpur, Gurugram, Haryana 122002, India",https://maps.google.com/?cid=2012327491888487860&g_mp=Cilnb29nbGUubWFwcy5wbGFjZXMudjEuUGxhY2VzLlNlYXJjaE5lYXJieRACGAQgAA,
B - Fast Food,Momo king,fast_food_restaurant,092201 27333,,,"01, Ram Maher Residency, Sikanderpur, DLF Phase 1, Sector 26, Gurugram, Haryana 122002, India",https://maps.google.com/?cid=12453372086123602745&g_mp=Cilnb29nbGUubWFwcy5wbGFjZXMudjEuUGxhY2VzLlNlYXJjaE5lYXJieRACGAQgAA,
B - Fast Food,TRANSPORT INDIA PASS,fast_food_restaurant,072900 00731,,,"Shaheed Ripon Katyal Marg, Sarhaul, Sector 18, Gurugram, Haryana 122015, India",https://maps.google.com/?cid=15555307316125719225&g_mp=Cilnb29nbGUubWFwcy5wbGFjZXMudjEuUGxhY2VzLlNlYXJjaE5lYXJieRACGAQgAA,
B - Fast Food,PATIENCE Food Cafe,fast_food_restaurant,095480 20337,,,"Sarhaul, Sector 18, Sarhol, Gurugram, Haryana 122015, India",https://maps.google.com/?cid=1479882483586289900&g_mp=Cilnb29nbGUubWFwcy5wbGFjZXMudjEuUGxhY2VzLlNlYXJjaE5lYXJieRACGAQgAA,
B - Fast Food,Sauth Indian Fast Food,fast_food_restaurant,076697 00320,,,"Shop No 99, Phase IV, Udyog Vihar, Sector 18, Gurugram, Haryana 122015, India",https://maps.google.com/?cid=6799211231737307393&g_mp=Cilnb29nbGUubWFwcy5wbGFjZXMudjEuUGxhY2VzLlNlYXJjaE5lYXJieRACGAQgAA,
B - Fast Food,Chinese Live Counter,fast_food_restaurant,095215 70040,,,"U 51, 2, Balveer Market, DLF Phase 3, Sector 24, Gurugram, Haryana 122002, India",https://maps.google.com/?cid=17961440526549652215&g_mp=Cilnb29nbGUubWFwcy5wbGFjZXMudjEuUGxhY2VzLlNlYXJjaE5lYXJieRACGAQgAA,
C - Restaurant,GOODGAON (BILLU'S PARANTHA),restaurant,078275 65203,4.4,866,"Shop No. 1Shree, Krishna Chowk, Anfilco Housing Colony, Sector 22A, Sector 22, Gurugram, Haryana 122022, India",https://maps.google.com/?cid=2530156320808020333&g_mp=Cilnb29nbGUubWFwcy5wbGFjZXMudjEuUGxhY2VzLlNlYXJjaE5lYXJieRACGAQgAA,
C - Restaurant,Rajpoot Dhabha,north_indian_restaurant,097180 15627,4.1,475,"375, Rao Gajraj Singh Marg, Electronic City, Phase IV, Udyog Vihar, Sector 18, Gurugram, Haryana 122015, India",https://maps.google.com/?cid=11054752963975514689&g_mp=Cilnb29nbGUubWFwcy5wbGFjZXMudjEuUGxhY2VzLlNlYXJjaE5lYXJieRACGAQgAA,
C - Restaurant,GOOD FLIPPIN' BURGERS®,hamburger_restaurant,1800 202 3312,4.8,429,"Rao Gajraj Singh Marg, Plot 651 & 652, Phase 5, Udyog Vihar 3, Udyog Vihar, Sector 19, Gurugram, Haryana 122016, India",https://maps.google.com/?cid=17855605412921148279&g_mp=Cilnb29nbGUubWFwcy5wbGFjZXMudjEuUGxhY2VzLlNlYXJjaE5lYXJieRACGAQgAA,https://stores.goodflippin.com/store-pages/good-flippin-burgers-udyog-vihar-gurugram/
C - Restaurant,Handi X-press,north_indian_restaurant,096500 01213,3.7,408,"Shop No 4,Housing Board, Shopping Complex, Mehrauli-Gurgaon Rd, Saraswati Vihar, Maruti Housing Colony, Gurugram, Haryana 122002, India",https://maps.google.com/?cid=16350720095081073948&g_mp=Cilnb29nbGUubWFwcy5wbGFjZXMudjEuUGxhY2VzLlNlYXJjaE5lYXJieRACGAQgAA,http://www.handixpress.in/
C - Restaurant,Dana Pani Restaurant,north_indian_restaurant,097171 58046,3.8,403,"GH-1, Old Delhi Gurugram Rd, Palam Vihar Extension, Gurugram, Haryana 122015, India",https://maps.google.com/?cid=10481997050240310480&g_mp=Cilnb29nbGUubWFwcy5wbGFjZXMudjEuUGxhY2VzLlNlYXJjaE5lYXJieRACGAQgAA,
C - Restaurant,Lynx Gurugram | BYOB,restaurant,098736 11551,4.7,319,"UNIT NO 1, Udyog Vihar Phase III, near RADISSON HOTEL, Kapas Hera Estate, Gurugram, Haryana 122022, India",https://maps.google.com/?cid=5359065189312323330&g_mp=Cilnb29nbGUubWFwcy5wbGFjZXMudjEuUGxhY2VzLlNlYXJjaE5lYXJieRACGAQgAA,
C - Restaurant,EVOO - Gurugram,italian_restaurant,099992 33403,4.4,298,"The Kitchens, Unit No 7, Ground Floor, TOWER-A, Global Gateway Towers, Sikanderpur, Sector 26, Gurugram, Haryana 122002, India",https://maps.google.com/?cid=14432429153690666781&g_mp=Cilnb29nbGUubWFwcy5wbGFjZXMudjEuUGxhY2VzLlNlYXJjaE5lYXJieRACGAQgAA,https://www.evooeaterypizzeria.com/
C - Restaurant,Niko - Modern Asian,restaurant,099100 16717,4.3,267,"The Kitchens, Ground Floor, Tower A, Global Gateway Towers, Mehrauli-Gurgaon Rd, Sikanderpur, Sector 26, Gurugram, Haryana 122002, India",https://maps.google.com/?cid=5455108152627346429&g_mp=Cilnb29nbGUubWFwcy5wbGFjZXMudjEuUGxhY2VzLlNlYXJjaE5lYXJieRACGAQgAA,http://www.nikoindia.in/
C - Restaurant,Punjabi Tadka Restaurant,north_indian_restaurant,099103 07510,3.5,257,"Shop Number -120 , Basement Market, U Block, DLF Phase 3, Sector 24, Gurugram, Haryana 122010, India",https://maps.google.com/?cid=13807943543595407305&g_mp=Cilnb29nbGUubWFwcy5wbGFjZXMudjEuUGxhY2VzLlNlYXJjaE5lYXJieRACGAQgAA,
C - Restaurant,Anjeer - New Age Indian,indian_restaurant,084478 02226,4.4,222,"Ground Floor, TOWER-A, Global Gateway Towers, Unit 6, Mehrauli-Gurgaon Rd, Sikanderpur, Sector 26, Gurugram, Haryana 122002, India",https://maps.google.com/?cid=16024710625243929969&g_mp=Cilnb29nbGUubWFwcy5wbGFjZXMudjEuUGxhY2VzLlNlYXJjaE5lYXJieRACGAQgAA,https://www.anjeer.restaurant/
C - Restaurant,Zanotta,restaurant,097175 96088,4.3,217,"The Leela Ambience Gurugram Hotel, 8, National Highway, Ambience Island, DLF Phase 3, Sector 24, Gurugram, Haryana 122010, India",https://maps.google.com/?cid=3482770990430468600&g_mp=Cilnb29nbGUubWFwcy5wbGFjZXMudjEuUGxhY2VzLlNlYXJjaE5lYXJieRACGAQgAA,https://www.theleela.com/the-leela-ambience-gurugram-hotel-residences/restaurants/zanotta?utm_source=GMBlisting&utm_medium=organic&utm_campaign=gbp-leela-ambience-hotel-residences-gurugram-zanotta&utm_content=restaurant-website-click
C - Restaurant,Biryani By Kilo- Palam Vihar,indian_restaurant,1800 212 2212,4,195,"Shop No 1, H No. 586, Palam Vihar, Sector 20, Gurugram, Haryana 122016, India",https://maps.google.com/?cid=9914143530843275815&g_mp=Cilnb29nbGUubWFwcy5wbGFjZXMudjEuUGxhY2VzLlNlYXJjaE5lYXJieRACGAQgAA,https://web.biryanibykilo.com/
C - Restaurant,Nikhil Food Point,north_indian_restaurant,098109 26355,3.7,189,"U-69, 3, U Block, DLF Phase 3, Sector 24, Gurugram, Haryana 122002, India",https://maps.google.com/?cid=14836787195511127146&g_mp=Cilnb29nbGUubWFwcy5wbGFjZXMudjEuUGxhY2VzLlNlYXJjaE5lYXJieRACGAQgAA,
C - Restaurant,Mama Da Dhaba,indian_restaurant,099683 56886,4.1,152,"Phase V, Udyog Vihar, Sector 19, Gurugram, Haryana 122016, India",https://maps.google.com/?cid=11137089458498549806&g_mp=Cilnb29nbGUubWFwcy5wbGFjZXMudjEuUGxhY2VzLlNlYXJjaE5lYXJieRACGAQgAA,
C - Restaurant,Easy Tiger by Boraan Thai,thai_restaurant,092661 21836,4.4,144,"Global Gateway Towers, Mehrauli-Gurgaon Rd, Sikanderpur, Sector 26, Gurugram, Haryana 122002, India",https://maps.google.com/?cid=4692119090423543004&g_mp=Cilnb29nbGUubWFwcy5wbGFjZXMudjEuUGxhY2VzLlNlYXJjaE5lYXJieRACGAQgAA,http://www.easytiger.co.in/
C - Restaurant,Miss Margarita (Gurugram),mexican_restaurant,092206 91966,4,139,"Ground Floor, Unit-8, Global Gateway Towers, Sikanderpur, A Virendra Gram, Sector 26, Gurugram, Haryana 122002, India",https://maps.google.com/?cid=186536808833177545&g_mp=Cilnb29nbGUubWFwcy5wbGFjZXMudjEuUGxhY2VzLlNlYXJjaE5lYXJieRACGAQgAA,
C - Restaurant,Chaap Guru,indian_restaurant,099966 69082,4.8,139,"Shop no 112, Basement Market, Galli Number 69, U Block, DLF Phase 3, Sector 24, Gurugram, Haryana 122001, India",https://maps.google.com/?cid=3653319341963147472&g_mp=Cilnb29nbGUubWFwcy5wbGFjZXMudjEuUGxhY2VzLlNlYXJjaE5lYXJieRACGAQgAA,
C - Restaurant,Laidback Cafe - Ambience Mall,restaurant,082870 38856,4.5,138,"3rd Floor, Ambience Mall, NH 8, Ambience Island, DLF Phase 3, Sector 24, Gurugram, Haryana 122002, India",https://maps.google.com/?cid=426777529727463665&g_mp=Cilnb29nbGUubWFwcy5wbGFjZXMudjEuUGxhY2VzLlNlYXJjaE5lYXJieRACGAQgAA,https://www.laidbackcafe.in/
C - Restaurant,Restaurant,breakfast_restaurant,0124 383 1273,4.3,132,"15/1 Ground Floor, Hyatt Place, Old Delhi Gurugram Rd, Electronic City, Phase IV, Udyog Vihar, Sector 18, Gurugram, Haryana 122015, India",https://maps.google.com/?cid=11456325292973391009&g_mp=Cilnb29nbGUubWFwcy5wbGFjZXMudjEuUGxhY2VzLlNlYXJjaE5lYXJieRACGAQgAA,https://www.hyattrestaurants.com/en/dining/india/gurgaon/multi-cuisine-restaurant-in-gurugram-udyog-vihar-gallery-cafe-hyatt-place?utm_source=onlinedeliverylisting_DELZO&utm_medium=restaurant&utm_campaign=OnlineDelivery
C - Restaurant,𝐏𝐔𝐊𝐇𝐓𝐀𝐀𝐍 𝐒𝐄𝐂𝐓𝐎𝐑 𝟐𝟐- 𝐋𝐄𝐆𝐀𝐂𝐘 𝐎𝐅 𝐏𝐀𝐃𝐌𝐀𝐒𝐇𝐑𝐈 𝐂𝐇𝐄𝐅 𝐈𝐌𝐓𝐈𝐀𝐙 𝐐𝐔𝐑𝐄𝐒𝐇𝐈,restaurant,093553 00900,4,126,"Shop-1, Shiv ashram compound, Old Delhi Gurugram Rd, near sector-22, Sector 22A, Sector 22, Gurugram, Haryana 122016, India",https://maps.google.com/?cid=15213431180214324977&g_mp=Cilnb29nbGUubWFwcy5wbGFjZXMudjEuUGxhY2VzLlNlYXJjaE5lYXJieRACGAQgAA,
C - Restaurant,Palmyra,buffet_restaurant,0124 435 1111,4.1,113,"""The Bristol Hotel "", F3HR+MMH, NH 236, Saraswati Vihar, DLF Phase 1, Sector 26, Gurugram, Haryana 122002, India",https://maps.google.com/?cid=8412386215605762483&g_mp=Cilnb29nbGUubWFwcy5wbGFjZXMudjEuUGxhY2VzLlNlYXJjaE5lYXJieRACGAQgAA,http://thebristolhotel.com/
C - Restaurant,The Fio Table - Gurugram,restaurant,093118 47292,4.3,110,"Unit No. 2, Ground Floor, Global Gateway Towers, A, Mehrauli-Gurgaon Rd, Sikanderpur, Sector 26, Gurugram, Haryana 122002, India",https://maps.google.com/?cid=6259812237938494333&g_mp=Cilnb29nbGUubWFwcy5wbGFjZXMudjEuUGxhY2VzLlNlYXJjaE5lYXJieRACGAQgAA,
C - Restaurant,Dom Dang Restaurant,chinese_restaurant,093196 47469,4.7,105,"LGF, shop no-112,u block, stop n shop market, U Block, DLF Phase 3, Sector 24, Gurugram, Haryana 122010, India",https://maps.google.com/?cid=14820728808384984240&g_mp=Cilnb29nbGUubWFwcy5wbGFjZXMudjEuUGxhY2VzLlNlYXJjaE5lYXJieRACGAQgAA,
C - Restaurant,ASPER - Cocktail Bar,restaurant,093194 47114,4.5,93,"Global Gateway, The Kitchens, Tower A, Sikanderpur, Sector 26A, Gurugram, Haryana 122002, India",https://maps.google.com/?cid=15020769836610192287&g_mp=Cilnb29nbGUubWFwcy5wbGFjZXMudjEuUGxhY2VzLlNlYXJjaE5lYXJieRACGAQgAA,http://asperindia.com/
C - Restaurant,Diversion Dine,north_indian_restaurant,095608 07789,4.5,83,"Shop No. 3, Ambience Island, DLF Phase 3, Sector 24, Gurugram, Haryana 122010, India",https://maps.google.com/?cid=13051750543956616964&g_mp=Cilnb29nbGUubWFwcy5wbGFjZXMudjEuUGxhY2VzLlNlYXJjaE5lYXJieRACGAQgAA,https://m.facebook.com/diversiondinein
C - Restaurant,Sarvachi Mumbai Vada Pav,indian_restaurant,098115 38425,4.9,81,"Shop No 110, Basement Market, U Block, DLF Phase 3, Sector 24, Gurugram, Haryana 122002, India",https://maps.google.com/?cid=6336496131829964918&g_mp=Cilnb29nbGUubWFwcy5wbGFjZXMudjEuUGxhY2VzLlNlYXJjaE5lYXJieRACGAQgAA,https://sarvachi-mumbai-vada.grexa.site/
C - Restaurant,The Grills King,buffet_restaurant,0124 400 5772,4.2,79,"Ground Floor, MGF Metropolitan Mall, Mehrauli-Gurgaon Rd, Heritage City, Sector 25, Gurugram, Haryana 122009, India",https://maps.google.com/?cid=13311061213443357878&g_mp=Cilnb29nbGUubWFwcy5wbGFjZXMudjEuUGxhY2VzLlNlYXJjaE5lYXJieRACGAQgAA,
C - Restaurant,The Sweet Space,restaurant,074282 24400,4.9,76,"47, K-10, Phase I, DLF Phase 2, Sector 25, Gurugram, Haryana 122002, India",https://maps.google.com/?cid=15922300211128414396&g_mp=Cilnb29nbGUubWFwcy5wbGFjZXMudjEuUGxhY2VzLlNlYXJjaE5lYXJieRACGAQgAA,
C - Restaurant,Saffron,indian_restaurant,0124 245 0505,4.5,74,"443, Udyog Vihar, Phase V, Phase V, Udyog Vihar, Sector 19, Gurugram, Haryana 122016, India",https://maps.google.com/?cid=2289836230612355993&g_mp=Cilnb29nbGUubWFwcy5wbGFjZXMudjEuUGxhY2VzLlNlYXJjaE5lYXJieRACGAQgAA,https://www.tridenthotels.com/hotels-in-gurgaon/restaurant-in-gurgaon/saffron?utm_source=GMBlisting&utm_medium=organic
C - Restaurant,Mughal Sarai (Authentic Mughlai),north_indian_restaurant,088606 44837,4.5,68,"Club Essel Tower, Essel Towers, Mehrauli-Gurgaon Rd, Indian Airlines Pilots Society, Sushant Lok Phase I, Gurugram, Haryana 122009, India",https://maps.google.com/?cid=15180943864773972803&g_mp=Cilnb29nbGUubWFwcy5wbGFjZXMudjEuUGxhY2VzLlNlYXJjaE5lYXJieRACGAQgAA,http://mugalsarai.dotpe.in/
C - Restaurant,Casa Dona | Food Court,mexican_restaurant,080060 08909,4.7,67,"Casa Dona Food Court Quattro Iconic, Plot No.273, Udyog Vihar II Rd, Udyog Vihar Phase 1, Udyog Vihar, Sector 20, Gurugram, Haryana 122016, India",https://maps.google.com/?cid=4636406191652334623&g_mp=Cilnb29nbGUubWFwcy5wbGFjZXMudjEuUGxhY2VzLlNlYXJjaE5lYXJieRACGAQgAA,https://mycasadona.com/casa-dona-food-court/
C - Restaurant,VYANJAN 2.0,chinese_restaurant,097111 10289,2.9,54,"Shop No. 1, near vatika, Saraswati Vihar, Maruti Housing Colony, market, Gurugram, Haryana 122002, India",https://maps.google.com/?cid=9189562411884709256&g_mp=Cilnb29nbGUubWFwcy5wbGFjZXMudjEuUGxhY2VzLlNlYXJjaE5lYXJieRACGAQgAA,https://vynjn20.wixsite.com/vyanjan20
C - Restaurant,Happy Ratio | Udyog Vihar Gurgaon,restaurant,078277 53669,4.6,39,"Plot 651 & 652, Udyog Vihar 3, Udyog Vihar, Sector 19, Gurugram, Haryana 122016, India",https://maps.google.com/?cid=16307789150224162288&g_mp=Cilnb29nbGUubWFwcy5wbGFjZXMudjEuUGxhY2VzLlNlYXJjaE5lYXJieRACGAQgAA,http://happyratio.com/
C - Restaurant,vaango,vegetarian_restaurant,096602 93729,4.4,37,"Ambience Mall, NH 8, Ambience Island, DLF Phase 3, Sector 24, Gurugram, Haryana 122010, India",https://maps.google.com/?cid=18088696838326647294&g_mp=Cilnb29nbGUubWFwcy5wbGFjZXMudjEuUGxhY2VzLlNlYXJjaE5lYXJieRACGAQgAA,
C - Restaurant,Basil Health,restaurant,084477 22196,3.7,28,"Second floor, Food court, Ambience Island, DLF Phase 3, Sector 24, Gurugram, Haryana 122010, India",https://maps.google.com/?cid=12855083058714202376&g_mp=Cilnb29nbGUubWFwcy5wbGFjZXMudjEuUGxhY2VzLlNlYXJjaE5lYXJieRACGAQgAA,https://www.basil.health/
C - Restaurant,Taco Bell,restaurant,084489 92836,1.8,26,"3rd Floor, Ambience Mall, NH 8, Ambience Island, DLF Phase 3, Sector 24, Gurugram, Haryana 122002, India",https://maps.google.com/?cid=11964046786663401295&g_mp=Cilnb29nbGUubWFwcy5wbGFjZXMudjEuUGxhY2VzLlNlYXJjaE5lYXJieRACGAQgAA,https://www.tacobell.co.in/
C - Restaurant,"Charcoal Eats, Natupura",indian_restaurant,090225 00500,3.4,22,"Jeena Number 4, 1st Floor, H16/6, Sikanderpur, DLF Phase 1, Sector 26, Gurugram, Haryana 122002, India",https://maps.google.com/?cid=8818784738255952897&g_mp=Cilnb29nbGUubWFwcy5wbGFjZXMudjEuUGxhY2VzLlNlYXJjaE5lYXJieRACGAQgAA,http://www.charcoaleats.com/
C - Restaurant,"Domino's Pizza | DLF Cyber City, Gurugram",pizza_restaurant,1800 208 1234,3.9,22,"Upper Ground Floor, Park-N-Shop, DLF City, Shop No. 201 & 202, L Block, Sector 28, DLF Phase 2, Gurugram, Haryana 122009, India",https://maps.google.com/?cid=15892828427294091619&g_mp=Cilnb29nbGUubWFwcy5wbGFjZXMudjEuUGxhY2VzLlNlYXJjaE5lYXJieRACGAQgAA,https://www.dominos.co.in/store-locations/?src=local_gmb&utm_source=Google_GMB&utm_medium=GMB_SEO_urls_website
C - Restaurant,The Anna's Hut,south_indian_restaurant,083686 93202,3.4,22,"U-16/31, 32, near Yadav Properties, U Block, DLF Phase 3, Sector 24, Gurugram, Haryana 122002, India",https://maps.google.com/?cid=15315028223252708110&g_mp=Cilnb29nbGUubWFwcy5wbGFjZXMudjEuUGxhY2VzLlNlYXJjaE5lYXJieRACGAQgAA,https://magicpin.in/Gurgaon/Dlf-phase-3/Restaurant/The-annas-hut/store/a78967/?utm_source=gbp
C - Restaurant,Mala Akhbari,north_indian_restaurant,099585 70381,4.8,22,"G33X+833, Ambience Island, DLF Phase 3, Sector 24, Gurugram, Haryana 122010, India",https://maps.google.com/?cid=3756720711401957664&g_mp=Cilnb29nbGUubWFwcy5wbGFjZXMudjEuUGxhY2VzLlNlYXJjaE5lYXJieRACGAQgAA,
C - Restaurant,Chini Bowl,chinese_restaurant,098711 60169,3.9,20,"Club, Essel Towers, Mehrauli-Gurgaon Rd, Indian Airlines Pilots Society, Sushant Lok Phase I, Gurugram, Haryana 122009, India",https://maps.google.com/?cid=6474910880470628567&g_mp=Cilnb29nbGUubWFwcy5wbGFjZXMudjEuUGxhY2VzLlNlYXJjaE5lYXJieRACGAQgAA,
C - Restaurant,Haldiram's - T3 INT Departure Right A,restaurant,08071 370 015,4.6,19,"T-3, IGI Airport International Departure, IDPL Twp, Sector 22A, Sector 19, New Delhi, Gurugram, Delhi 122016, India",https://maps.google.com/?cid=18212699591582152592&g_mp=Cilnb29nbGUubWFwcy5wbGFjZXMudjEuUGxhY2VzLlNlYXJjaE5lYXJieRACGAQgAA,https://hrstores.haldiram.com/haldiram-s-t3-int-departure-right-a-restaurants-igi-airport-new-delhi-455547/Home
C - Restaurant,Tamarind Foods,restaurant,099018 66770,4.9,18,"651, Ground Floor, K-08, IDPL Twp, Sector 22A, Sector 19, Gurugram, Haryana 122001, India",https://maps.google.com/?cid=9190567799417353394&g_mp=Cilnb29nbGUubWFwcy5wbGFjZXMudjEuUGxhY2VzLlNlYXJjaE5lYXJieRACGAQgAA,https://tamarindfoods.in/
C - Restaurant,Aravali – Signature Fine Dining at Welcomhotel New Delhi by ITC Hotels | Near IGI Airport & Gurgaon,restaurant,092180 12508,4.8,18,"Gurgaon - Delhi Expy, near Toll Plaza, D Block, Kapas Hera, New Delhi, Delhi 110097, India",https://maps.google.com/?cid=10802290131082444883&g_mp=Cilnb29nbGUubWFwcy5wbGFjZXMudjEuUGxhY2VzLlNlYXJjaE5lYXJieRACGAQgAA,https://welcomhoteldelhi.com/restaurant/
C - Restaurant,Yum Yum Cha,asian_restaurant,098100 02993,4.4,17,"Tuli House, 90, Phase IV, DLF Phase 2, Sector 24, Gurugram, Haryana 122015, India",https://maps.google.com/?cid=10879940551539383280&g_mp=Cilnb29nbGUubWFwcy5wbGFjZXMudjEuUGxhY2VzLlNlYXJjaE5lYXJieRACGAQgAA,http://yumyumcha.in/
C - Restaurant,Manna dosa point,south_indian_restaurant,092177 99844,4.9,15,"MANA DOSA POINT, Shop no -11, Lohia Market, NR Road, DLF Phase, 3, DLF Phase 3, Sector 24, Gurugram, Haryana 122010, India",https://maps.google.com/?cid=18360527796980829994&g_mp=Cilnb29nbGUubWFwcy5wbGFjZXMudjEuUGxhY2VzLlNlYXJjaE5lYXJieRACGAQgAA,
C - Restaurant,The Village Cafe,vegetarian_restaurant,099900 08431,4.1,14,"F3RQ+QF9, DLF Cyber City, DLF Phase 2, Sector 24, Gurugram, Haryana 122002, India",https://maps.google.com/?cid=8407938046647594875&g_mp=Cilnb29nbGUubWFwcy5wbGFjZXMudjEuUGxhY2VzLlNlYXJjaE5lYXJieRACGAQgAA,
C - Restaurant,Curry culture,restaurant,081785 96098,5,11,"Speed Kitchen, 651, Udyog Vihar Phase V Rd, Udyog Vihar 3, Phase V, Udyog Vihar, Sector 19, Gurugram, Haryana 122016, India",https://maps.google.com/?cid=1394805213696381696&g_mp=Cilnb29nbGUubWFwcy5wbGFjZXMudjEuUGxhY2VzLlNlYXJjaE5lYXJieRACGAQgAA,
C - Restaurant,WOW China,chinese_restaurant,070440 36673,4.6,11,"No FT/2, 1st Floor, Dlf Cyber Hub, DLF Cyber City, Udyog Vihar, Sector 20, Gurugram, Haryana 122016, India",https://maps.google.com/?cid=793057899166895305&g_mp=Cilnb29nbGUubWFwcy5wbGFjZXMudjEuUGxhY2VzLlNlYXJjaE5lYXJieRACGAQgAA,https://restaurantswowchina.wowmomo.com/wow-china-dlf-cyber-park-food-truck-chinese-restaurants-cyber-city-gurugram-334971/Home?utm_source=locator&utm_medium=googleplaces
C - Restaurant,OMI by Aldott,restaurant,088008 87353,4.4,10,"5th Floor, The Aldott, 81, Moulsari Ave, DLF Phase 3, Sector 24, Gurugram, Haryana 122002, India",https://maps.google.com/?cid=774273037069650918&g_mp=Cilnb29nbGUubWFwcy5wbGFjZXMudjEuUGxhY2VzLlNlYXJjaE5lYXJieRACGAQgAA,https://www.thealdott.com/
C - Restaurant,Well Served,restaurant,096433 25256,4.6,9,"Kitchen No.27, Plot, 651, Udyog Vihar Phase V Rd, Udyog Vihar 3, Udyog Vihar, Sector 19, Gurugram, Haryana 122016, India",https://maps.google.com/?cid=488429392517653251&g_mp=Cilnb29nbGUubWFwcy5wbGFjZXMudjEuUGxhY2VzLlNlYXJjaE5lYXJieRACGAQgAA,http://wellserved.in/
C - Restaurant,House Of Chaap,restaurant,092169 59549,5,7,"111, U Block, DLF Phase 3, Sector 24, Gurugram, Haryana 122002, India",https://maps.google.com/?cid=7914471783684889453&g_mp=Cilnb29nbGUubWFwcy5wbGFjZXMudjEuUGxhY2VzLlNlYXJjaE5lYXJieRACGAQgAA,
C - Restaurant,Hudson Chopsticks,chinese_restaurant,099589 41440,4.7,7,"651, Udyog Vihar Phase V Rd, Udyog Vihar 3, Phase V, Udyog Vihar, Sector 19, Gurugram, Haryana 122016, India",https://maps.google.com/?cid=11583655672066628149&g_mp=Cilnb29nbGUubWFwcy5wbGFjZXMudjEuUGxhY2VzLlNlYXJjaE5lYXJieRACGAQgAA,https://link.zomato.com/xqzv/rshare?id=48189580305636ca
C - Restaurant,Divyansh bhature,restaurant,073030 58782,5,6,"Nathupur, Sector 24, Gurugram, Haryana 122010, India",https://maps.google.com/?cid=18148276094428942633&g_mp=Cilnb29nbGUubWFwcy5wbGFjZXMudjEuUGxhY2VzLlNlYXJjaE5lYXJieRACGAQgAA,
C - Restaurant,LAXMI HOTEL,restaurant,098910 68147,3.4,5,"Shop No-17, near Union Bank, Saraswati Vihar, Maruti Housing Colony, Gurugram, Haryana 122002, India",https://maps.google.com/?cid=2738553516296504156&g_mp=Cilnb29nbGUubWFwcy5wbGFjZXMudjEuUGxhY2VzLlNlYXJjaE5lYXJieRACGAQgAA,
C - Restaurant,Pollo Campero,chicken_restaurant,0124 466 5434,3.3,4,"No 12, Food Union, Ambience Mall 3rd Floor Food Court, Ambience Island, DLF Phase 3, Sector 24, Gurugram, Haryana 122002, India",https://maps.google.com/?cid=18302854083640094635&g_mp=Cilnb29nbGUubWFwcy5wbGFjZXMudjEuUGxhY2VzLlNlYXJjaE5lYXJieRACGAQgAA,http://www.campero.com/
C - Restaurant,Khana khazana dhaba,vegetarian_restaurant,080570 79836,5,3,"832, Shri Ganesh Mandir Marg, A Block, Chakkarpur, Gurugram, Haryana 122002, India",https://maps.google.com/?cid=1725062068626703743&g_mp=Cilnb29nbGUubWFwcy5wbGFjZXMudjEuUGxhY2VzLlNlYXJjaE5lYXJieRACGAQgAA,
C - Restaurant,Roast & Curry,restaurant,097111 10279,5,3,"Shop no 1, Housing Board Colony, market, Gurugram, Haryana 122002, India",https://maps.google.com/?cid=13570691240716791789&g_mp=Cilnb29nbGUubWFwcy5wbGFjZXMudjEuUGxhY2VzLlNlYXJjaE5lYXJieRACGAQgAA,
C - Restaurant,The Food Corner,restaurant,099907 49508,3.3,3,"Sector 18, Gurugram, Haryana 122015, India",https://maps.google.com/?cid=8497682003740311337&g_mp=Cilnb29nbGUubWFwcy5wbGFjZXMudjEuUGxhY2VzLlNlYXJjaE5lYXJieRACGAQgAA,
C - Restaurant,Somdhara Hospitality Pvt Ltd,restaurant,070117 58704,5,3,"H NO 301, Gulmohar Residency, Sector 22A, Sector 22, Gurugram, Haryana 122015, India",https://maps.google.com/?cid=9118440189694791267&g_mp=Cilnb29nbGUubWFwcy5wbGFjZXMudjEuUGxhY2VzLlNlYXJjaE5lYXJieRACGAQgAA,
C - Restaurant,Veggie Delight,restaurant,098110 30055,5,2,"Cyber city, 69A, Siris Rd, near Mehrauli-Gurgaon Road, DLF Phase 3, Sector 24, Gurugram, Haryana 122010, India",https://maps.google.com/?cid=3832572480757126914&g_mp=Cilnb29nbGUubWFwcy5wbGFjZXMudjEuUGxhY2VzLlNlYXJjaE5lYXJieRACGAQgAA,
C - Restaurant,cafe coffee day,restaurant,092668 76692,3,2,"213, U 60 Rd, U Block, DLF Phase 3, Sector 24, Gurugram, Haryana 122002, India",https://maps.google.com/?cid=4740950305112895757&g_mp=Cilnb29nbGUubWFwcy5wbGFjZXMudjEuUGxhY2VzLlNlYXJjaE5lYXJieRACGAQgAA,
C - Restaurant,Ashish Restaurant,restaurant,095829 31910,5,2,"Shop 4 Plot 20, Ground Floor, Olad Delhi Road, Satguru Enclave Rd, opposite Maruti Gate 1, Maruti Udyog, Sector 18, Gurugram, Haryana 122015, India",https://maps.google.com/?cid=14291611470394040468&g_mp=Cilnb29nbGUubWFwcy5wbGFjZXMudjEuUGxhY2VzLlNlYXJjaE5lYXJieRACGAQgAA,
C - Restaurant,Brijwasi Fast Food,restaurant,095682 46540,5,2,"near Old Delhi Road, Udyog Vihar Phase 1, Udyog Vihar, Sector 20, Gurugram, Haryana 122016, India",https://maps.google.com/?cid=9889523488906501052&g_mp=Cilnb29nbGUubWFwcy5wbGFjZXMudjEuUGxhY2VzLlNlYXJjaE5lYXJieRACGAQgAA,
C - Restaurant,SUSHIL SAH SWIGGY SERVICE,restaurant,085275 56256,5,1,"Shop No -43, near Sahara Mall, Sector 28, Chakkarpur, Sector 26, Gurugram, Haryana 122002, India",https://maps.google.com/?cid=15699905583054030520&g_mp=Cilnb29nbGUubWFwcy5wbGFjZXMudjEuUGxhY2VzLlNlYXJjaE5lYXJieRACGAQgAA,
C - Restaurant,NIRAJ PANDAY SWIGGY SERVICE,restaurant,062054 28661,5,1,"Shop No -25, Nambardar Road, Sector 28, Chakkarpur, Gurugram, Haryana 122002, India",https://maps.google.com/?cid=4842206219773814525&g_mp=Cilnb29nbGUubWFwcy5wbGFjZXMudjEuUGxhY2VzLlNlYXJjaE5lYXJieRACGAQgAA,
C - Restaurant,Food Adda26,restaurant,098187 33041,5,1,"MG Road, Main Market, near by Metro Pillar No. 63, Sikanderpur, DLF Phase 1, Sector 26, Gurugram, Haryana 122002, India",https://maps.google.com/?cid=8097710189771456544&g_mp=Cilnb29nbGUubWFwcy5wbGFjZXMudjEuUGxhY2VzLlNlYXJjaE5lYXJieRACGAQgAA,
C - Restaurant,Between 2 buns,restaurant,098090 00901,5,1,"V-23/1, V block, Sector 24, DLF phase 3 Gurgaon - 122001, DLF Phase 3, Sector 24, Gurugram, Haryana 122002, India",https://maps.google.com/?cid=9832644792909154820&g_mp=Cilnb29nbGUubWFwcy5wbGFjZXMudjEuUGxhY2VzLlNlYXJjaE5lYXJieRACGAQgAA,
C - Restaurant,R.K Tea Stall,restaurant,093048 40233,5,1,"Plot No.199, Udyog Vihar II Rd, Udyog Vihar Phase 1, Udyog Vihar, Sector 20, Gurugram, Haryana 122016, India",https://maps.google.com/?cid=989567045149351167&g_mp=Cilnb29nbGUubWFwcy5wbGFjZXMudjEuUGxhY2VzLlNlYXJjaE5lYXJieRACGAQgAA,
C - Restaurant,SOUTH INDIAN FOOD,south_indian_restaurant,073488 78292,5,1,"G37Q+G7R, Udyog Vihar, Sector 20, Gurugram, Haryana 122016, India",https://maps.google.com/?cid=6953237946091581363&g_mp=Cilnb29nbGUubWFwcy5wbGFjZXMudjEuUGxhY2VzLlNlYXJjaE5lYXJieRACGAQgAA,
C - Restaurant,AVNEESH KUMAR SWIGGY SERVICE,restaurant,092609 85045,,,"Shop No -32, Namvardar Market, near Sahara Mall, Sector 28, Chakkarpur, Gurugram, Haryana 122002, India",https://maps.google.com/?cid=17249255248427244220&g_mp=Cilnb29nbGUubWFwcy5wbGFjZXMudjEuUGxhY2VzLlNlYXJjaE5lYXJieRACGAQgAA,
C - Restaurant,RAUSHAN KUMAR SWIGGY SERVICE,restaurant,088640 89385,,,"Shop No -14, near Sahara Mall, Sector 28, Chakkarpur, Sector 26, Gurugram, Haryana 122002, India",https://maps.google.com/?cid=11893575988345791360&g_mp=Cilnb29nbGUubWFwcy5wbGFjZXMudjEuUGxhY2VzLlNlYXJjaE5lYXJieRACGAQgAA,
C - Restaurant,Sachin Briyani,restaurant,078958 54314,,,"near Metro Station, Sikanderpur, DLF Phase 1, Sector 26, Gurugram, Haryana 122002, India",https://maps.google.com/?cid=497110517516547899&g_mp=Cilnb29nbGUubWFwcy5wbGFjZXMudjEuUGxhY2VzLlNlYXJjaE5lYXJieRACGAQgAA,
C - Restaurant,Pasta Dal Cuore,italian_restaurant,098105 77069,,,"50, Gulmohar Marg, Mushedpur, DLF Phase 2, Sector 25, Gurugram, Haryana 122002, India",https://maps.google.com/?cid=15774629866547635234&g_mp=Cilnb29nbGUubWFwcy5wbGFjZXMudjEuUGxhY2VzLlNlYXJjaE5lYXJieRACGAQgAA,
C - Restaurant,Pandit dabha,vegetarian_restaurant,085120 25613,,,"Ganpact, Phase-4, Maruti Udyog, Sector 18, Gurugram, Haryana 122015, India",https://maps.google.com/?cid=11235442113325521863&g_mp=Cilnb29nbGUubWFwcy5wbGFjZXMudjEuUGxhY2VzLlNlYXJjaE5lYXJieRACGAQgAA,
C - Restaurant,Yadav Restaurant,restaurant,088814 14222,,,"U1/39, 40, Balveer Market, U Block, DLF Phase 3, Sector 24, Gurugram, Haryana 122002, India",https://maps.google.com/?cid=257841834022415140&g_mp=Cilnb29nbGUubWFwcy5wbGFjZXMudjEuUGxhY2VzLlNlYXJjaE5lYXJieRACGAQgAA,
C - Restaurant,Jivika Gernal And Tea Stall,restaurant,073004 66978,,,"Shop No.45, Balveer Market, Nathupur, Sector 24, Gurugram, Haryana 122002, India",https://maps.google.com/?cid=12512616422225997731&g_mp=Cilnb29nbGUubWFwcy5wbGFjZXMudjEuUGxhY2VzLlNlYXJjaE5lYXJieRACGAQgAA,
C - Restaurant,Balanced Bite,restaurant,096678 98008,,,"Lower Ground, DLF Moulsari Arcade, DLF Phase 3, Sector 24, Gurugram, Haryana 122010, India",https://maps.google.com/?cid=11382383701215679739&g_mp=Cilnb29nbGUubWFwcy5wbGFjZXMudjEuUGxhY2VzLlNlYXJjaE5lYXJieRACGAQgAA,
C - Restaurant,MOD Masala by MOD avenue,restaurant,099119 99668,,,"53, Moulsari Ave, DLF Phase 3, Sector 24, Gurugram, Haryana 122001, India",https://maps.google.com/?cid=12707186499284385903&g_mp=Cilnb29nbGUubWFwcy5wbGFjZXMudjEuUGxhY2VzLlNlYXJjaE5lYXJieRACGAQgAA,
C - Restaurant,SHRI KHATU SHYAM JI BREAK FAST LUNCH DINNER,restaurant,098180 59654,,,"OPP GURGAON ONE, Old Delhi Gurugram Rd, Palam Vihar Extension, Gurugram, Haryana 122015, India",https://maps.google.com/?cid=3490303173670636494&g_mp=Cilnb29nbGUubWFwcy5wbGFjZXMudjEuUGxhY2VzLlNlYXJjaE5lYXJieRACGAQgAA,
C - Restaurant,Taste of Tongue by Ma says Chinese,restaurant,092664 52369,,,"B 23, Udyog Vihar Phase V Rd, Phase V, Udyog Vihar, Sector 19, Gurugram, Haryana 122016, India",https://maps.google.com/?cid=7076331602902621398&g_mp=Cilnb29nbGUubWFwcy5wbGFjZXMudjEuUGxhY2VzLlNlYXJjaE5lYXJieRACGAQgAA,
C - Restaurant,Pushpendra Tea Stall,restaurant,098707 55437,,,"Shop No.55, Phase IV, Udyog Vihar, Sector 19, Gurugram, Haryana 122015, India",https://maps.google.com/?cid=3460482523470694298&g_mp=Cilnb29nbGUubWFwcy5wbGFjZXMudjEuUGxhY2VzLlNlYXJjaE5lYXJieRACGAQgAA,
C - Restaurant,Guddu Shop,vegetarian_restaurant,092087 95084,,,"Shop No 2, Udyog Vihar Phase 1, Dundahera Village, Sector 20, Gurugram, Haryana 122016, India",https://maps.google.com/?cid=1087871609873241239&g_mp=Cilnb29nbGUubWFwcy5wbGFjZXMudjEuUGxhY2VzLlNlYXJjaE5lYXJieRACGAQgAA,
C - Cafe,Fig at MG,cafe,084471 02226,4.4,1002,"Ground Floor, TOWER-A, Global Gateway Towers, Unit 1, Mehrauli-Gurgaon Rd, Sikanderpur, Sector 26, Gurugram, Haryana 122002, India",https://maps.google.com/?cid=128419131791281617&g_mp=Cilnb29nbGUubWFwcy5wbGFjZXMudjEuUGxhY2VzLlNlYXJjaE5lYXJieRACGAQgAA,https://www.instagram.com/figatmgroad/
C - Cafe,Mjöl Bake House,cafe,099539 09226,4.5,324,"Ground Floor, TOWER-A, Global Gateway Towers, Mehrauli-Gurgaon Rd, Sikanderpur, Sector 26, Gurugram, Haryana 122002, India",https://maps.google.com/?cid=4740528216294227490&g_mp=Cilnb29nbGUubWFwcy5wbGFjZXMudjEuUGxhY2VzLlNlYXJjaE5lYXJieRACGAQgAA,
C - Cafe,"The Floof Pet Bakery ( Gourmet Dog cakes and more , made to order)",dog_cafe,097166 57130,4.8,110,"floor Sector 46, 1581, P-3, near amity school, Mushedpur, DLF Phase 2, Sector 25, Gurugram, Haryana 122002, India",https://maps.google.com/?cid=1566543514142475247&g_mp=Cilnb29nbGUubWFwcy5wbGFjZXMudjEuUGxhY2VzLlNlYXJjaE5lYXJieRACGAQgAA,
C - Cafe,"Chai Point - MD Regent Plaza, Gurgaon",cafe,088801 41000,4.6,101,"Ground Floor JMD Regent Plaza, Mehrauli-Gurgaon Rd, near IndiGo Guru Dronacharya Metro, Sikanderpur, Sector 26, Gurugram, Haryana 122002, India",https://maps.google.com/?cid=10267535365122981093&g_mp=Cilnb29nbGUubWFwcy5wbGFjZXMudjEuUGxhY2VzLlNlYXJjaE5lYXJieRACGAQgAA,https://mdregentplaza.chaipoint.com/
C - Cafe,Cafe OMI,cafe,098110 08684,4.5,50,"The Aldott, 81, Moulsari Ave, DLF Phase 3, Sector 24, Gurugram, Haryana 122002, India",https://maps.google.com/?cid=4956889282761145308&g_mp=Cilnb29nbGUubWFwcy5wbGFjZXMudjEuUGxhY2VzLlNlYXJjaE5lYXJieRACGAQgAA,http://www.thealdott.com/
C - Cafe,Avanços Coffee Co. (Specialty Coffee Studio),cafe,096190 51704,4.8,25,"Ground Floor, 378-379, Electronic City, Phase IV, Udyog Vihar, Sector 18, Gurugram, Haryana 122015, India",https://maps.google.com/?cid=16350112867204062609&g_mp=Cilnb29nbGUubWFwcy5wbGFjZXMudjEuUGxhY2VzLlNlYXJjaE5lYXJieRACGAQgAA,https://avancoscoffee.com/
C - Cafe,On The Go | Cyberpark,cafe,073032 39944,4.4,25,"Ground Floor, DLF Cyber Park, Block A, Phase III, Udyog Vihar, Sector 20, Gurugram, Haryana 122016, India",https://maps.google.com/?cid=16202259229296130249&g_mp=Cilnb29nbGUubWFwcy5wbGFjZXMudjEuUGxhY2VzLlNlYXJjaE5lYXJieRACGAQgAA,
C - Cafe,Simba’s Barkery- PET Bakery,dog_cafe,088002 83344,5,11,"IDPL Twp, Udyog Vihar, Sector 19, Gurugram, Haryana 122016, India",https://maps.google.com/?cid=13933193203044742409&g_mp=Cilnb29nbGUubWFwcy5wbGFjZXMudjEuUGxhY2VzLlNlYXJjaE5lYXJieRACGAQgAA,https://simbasbarkery.in/
C - Cafe,"Keventers - DLF Cyber Park, Gurugram",cafe,1800 102 5064,3.9,8,"Cyber park, Phase III, Udyog Vihar, Sector 20, Gurugram, Haryana 122016, India",https://maps.google.com/?cid=13008756771375548786&g_mp=Cilnb29nbGUubWFwcy5wbGFjZXMudjEuUGxhY2VzLlNlYXJjaE5lYXJieRACGAQgAA,
C - Cafe,Chandan E service STORE,internet_cafe,097438 43719,3.6,8,"C/O 429 , Shop Name - ChandanEserviceStore vats Market gali, near icici atm, Dundahera Village, Sector 20, Gurugram, Haryana 122016, India",https://maps.google.com/?cid=9060328069156956543&g_mp=Cilnb29nbGUubWFwcy5wbGFjZXMudjEuUGxhY2VzLlNlYXJjaE5lYXJieRACGAQgAA,
C - Cafe,Dunkin’ - RMZ Infinity,cafe,092052 16875,3.4,5,"RMZ Infinity, Plot No 15, nearby Apollo Pharmacy, Phase-4, Sector 18, Gurugram, Haryana 122008, India",https://maps.google.com/?cid=10404451364558400551&g_mp=Cilnb29nbGUubWFwcy5wbGFjZXMudjEuUGxhY2VzLlNlYXJjaE5lYXJieRACGAQgAA,https://www.jubilantfoodworks.com/brands/dunkin-donuts
C - Cafe,Digital Q Services,internet_cafe,079869 75145,4.7,3,"Hanuman Chowk, 178A, Old Gurgaon ROad, Chowk, Carterpuri, Gurugram, Haryana 122015, India",https://maps.google.com/?cid=13216910683674049998&g_mp=Cilnb29nbGUubWFwcy5wbGFjZXMudjEuUGxhY2VzLlNlYXJjaE5lYXJieRACGAQgAA,
C - Cafe,Mahinder Cafe,cafe,087507 06690,5,3,"Shop No 25, Electronic City, Phase IV, Udyog Vihar, Sector 18, Gurugram, Haryana 122015, India",https://maps.google.com/?cid=16642768761289946661&g_mp=Cilnb29nbGUubWFwcy5wbGFjZXMudjEuUGxhY2VzLlNlYXJjaE5lYXJieRACGAQgAA,
C - Cafe,First Coffee | DLF Atrium,cafe,092173 56974,5,1,"Tower 3, Ground Floor, DLF Phase III Atrium Place, Phase V, Udyog Vihar, Sector 19, Gurugram, Haryana 122016, India",https://maps.google.com/?cid=10105880570471587597&g_mp=Cilnb29nbGUubWFwcy5wbGFjZXMudjEuUGxhY2VzLlNlYXJjaE5lYXJieRACGAQgAA,https://nearme.firstcoffee.co.in/first-coffee-dlf-atrium-48094/home?utm_source=GBP
C - Cafe,Jai Shree Ram Ram Laadu,cafe,090276 47678,5,1,"48, 48, Old Delhi Gurugram Rd, Sector 21, Gurugram, Haryana 122016, India",https://maps.google.com/?cid=6796375651052553343&g_mp=Cilnb29nbGUubWFwcy5wbGFjZXMudjEuUGxhY2VzLlNlYXJjaE5lYXJieRACGAQgAA,
C - Cafe,Deepak Vyas,cafe,090791 61849,,,"Shop No.64, Main Market, Sarhaul, Sector 18, Gurugram, Haryana 122015, India",https://maps.google.com/?cid=15855923030011707324&g_mp=Cilnb29nbGUubWFwcy5wbGFjZXMudjEuUGxhY2VzLlNlYXJjaE5lYXJieRACGAQgAA,
C - Other,Uchef Foods,wholesaler,099994 83171,4.9,79,"BTR Complex, Plot No. 586, Ground Floor, Phase V, Dundahera, Shankar Chowk Marg, Gurugram 122016, Dundahera Village, Sector 20, Gurugram, Haryana 122001, India",https://maps.google.com/?cid=1255822015837888365&g_mp=Cilnb29nbGUubWFwcy5wbGFjZXMudjEuUGxhY2VzLlNlYXJjaE5lYXJieRACGAQgAA,https://www.uchef.in/
C - Other,Danone Foods & Beverages India Pvt Ltd,corporate_office,0124 471 4900,3.8,15,"The Centruim, Office Premise No. 1, 3rd Floor, Level 4, Phoenix Market City, LBS Marg, Kurla West, DLF Cyber City, DLF Phase 2, Sector 24, Mumbai, Gurugram, Maharashtra 122002, India",https://maps.google.com/?cid=8964870912543906405&g_mp=Cilnb29nbGUubWFwcy5wbGFjZXMudjEuUGxhY2VzLlNlYXJjaE5lYXJieRACGAQgAA,
C - Other,Vardaan Foods,asian_grocery_store,092661 59868,4.6,10,"Building No. 793, Road DLF Phase-III, U27, Nathupur, Sector 24, Gurugram, Haryana 122002, India",https://maps.google.com/?cid=4088415507468090477&g_mp=Cilnb29nbGUubWFwcy5wbGFjZXMudjEuUGxhY2VzLlNlYXJjaE5lYXJieRACGAQgAA,https://www.vardaanfoods.co.in/
C - Other,"BraaiCraft - BBQs, Offset Smokers, Grills, Firepits & Outdoor Kitchens",manufacturer,099808 51233,5,7,"150, The National Media Centre, Sector 24, Gurugram, Haryana 122002, India",https://maps.google.com/?cid=10202035394158606253&g_mp=Cilnb29nbGUubWFwcy5wbGFjZXMudjEuUGxhY2VzLlNlYXJjaE5lYXJieRACGAQgAA,https://www.braaicraft.com/
C - Other,Biryani House,butcher_shop,083950 90008,3.7,3,"16/8, U Block, DLF Phase 3, Sector 24, Gurugram, Haryana 122002, India",https://maps.google.com/?cid=7980274320240788407&g_mp=Cilnb29nbGUubWFwcy5wbGFjZXMudjEuUGxhY2VzLlNlYXJjaE5lYXJieRACGAQgAA,
C - Other,The Momos Mafia,food_court,093101 50591,4,3,"Plot no. 243, Udyog Vihar Phase V Rd, opposite to SP infocity, Rajiv Nagar, Udyog Vihar, Sector 20, Gurugram, Haryana 122016, India",https://maps.google.com/?cid=1954573002371431105&g_mp=Cilnb29nbGUubWFwcy5wbGFjZXMudjEuUGxhY2VzLlNlYXJjaE5lYXJieRACGAQgAA,
C - Other,Balaji Biryani Stall,food_court,087886 11718,5,1,"Shop 1, Airtel Road, Phase IV, Udyog Vihar, Sector 18, Gurugram, Haryana 122015, India",https://maps.google.com/?cid=11993921328430983343&g_mp=Cilnb29nbGUubWFwcy5wbGFjZXMudjEuUGxhY2VzLlNlYXJjaE5lYXJieRACGAQgAA,
C - Other,Narayan Fast Food,food_court,099582 14320,5,1,"Sec 21 Vaco, Binary Candor, Sector 21, Gurugram, Haryana 122016, India",https://maps.google.com/?cid=10222797787254170664&g_mp=Cilnb29nbGUubWFwcy5wbGFjZXMudjEuUGxhY2VzLlNlYXJjaE5lYXJieRACGAQgAA,