Priority,Business Name,Category,Suggested Roles to Pitch,Phone,Address,Maps,Status,Owner,Last Contact,Next Action,Notes
P1,Yum Yum Cha,asian_restaurant,"Kitchen helper, dishwasher, waiter, delivery boy",098100 02993,"Tuli House, 90, Phase IV, DLF Phase 2, Sector 24, Gurugram, Haryana 122015, India",https://maps.google.com/?cid=10879940551539383280&g_mp=Cilnb29nbGUubWFwcy5wbGFjZXMudjEuUGxhY2VzLlNlYXJjaE5lYXJieRACGAQgAA,Not contacted,,,,
P1,Aman General store,bakery,"Kitchen helper, dishwasher, waiter, delivery boy",099715 31044,"25A, Sector 18, Gurugram, Haryana 122015, India",https://maps.google.com/?cid=4516020433496524441&g_mp=Cilnb29nbGUubWFwcy5wbGFjZXMudjEuUGxhY2VzLlNlYXJjaE5lYXJieRACGAQgAA,Not contacted,,,,
P1,Bakegram Bakery and Cake Shop,bakery,"Kitchen helper, dishwasher, waiter, delivery boy",089299 09299,"Ground Floor, Basant Complex, near Vishal Mega Mart, opposite Royal Rooms PG, Udyog Vihar, Dundahera Village, Sector 20, Gurugram, Haryana 122016, India",https://maps.google.com/?cid=5122133576596245425&g_mp=Cilnb29nbGUubWFwcy5wbGFjZXMudjEuUGxhY2VzLlNlYXJjaE5lYXJieRACGAQgAA,Not contacted,,,,
P1,Blissful Bites by Juhie,bakery,"Kitchen helper, dishwasher, waiter, delivery boy",098917 46380,"14, V-2, V Block, DLF Phase 3, Sector 24, Gurugram, Haryana 122002, India",https://maps.google.com/?cid=8652780845392911685&g_mp=Cilnb29nbGUubWFwcy5wbGFjZXMudjEuUGxhY2VzLlNlYXJjaE5lYXJieRACGAQgAA,Not contacted,,,,
P1,CakeZone,bakery,"Kitchen helper, dishwasher, waiter, delivery boy",073494 16166,"FIRST FLOOR, 832, Udyog Vihar Phase V Rd, Phase V, Udyog Vihar, Sector 19, Gurugram, Haryana 122016, India",https://maps.google.com/?cid=5810093109020599706&g_mp=Cilnb29nbGUubWFwcy5wbGFjZXMudjEuUGxhY2VzLlNlYXJjaE5lYXJieRACGAQgAA,Not contacted,,,,
P1,Do Not Miss Out,bakery,"Kitchen helper, dishwasher, waiter, delivery boy",097182 29973,"Shop No2, Sikanderpur Market, Sikanderpur, Sector 26, Gurugram, Haryana 122002, India",https://maps.google.com/?cid=14763682771868936299&g_mp=Cilnb29nbGUubWFwcy5wbGFjZXMudjEuUGxhY2VzLlNlYXJjaE5lYXJieRACGAQgAA,Not contacted,,,,
P1,Harsh baker,bakery,"Kitchen helper, dishwasher, waiter, delivery boy",079004 48541,"near tikona park, DLF Phase 2, Sector 25, Sarhol, Gurugram, Haryana 122002, India",https://maps.google.com/?cid=7020085316491892027&g_mp=Cilnb29nbGUubWFwcy5wbGFjZXMudjEuUGxhY2VzLlNlYXJjaE5lYXJieRACGAQgAA,Not contacted,,,,
P1,Magnolia Bakery,bakery,"Kitchen helper, dishwasher, waiter, delivery boy",077608 70826,"Shop No: 8C/GF/5, Ground Floor, Cyber Hub, DLF Cyber City, DLF Phase 2, Sector 24, Gurugram, Haryana 122002, India",https://maps.google.com/?cid=9409591544465172722&g_mp=Cilnb29nbGUubWFwcy5wbGFjZXMudjEuUGxhY2VzLlNlYXJjaE5lYXJieRACGAQgAA,Not contacted,,,,
P1,Om Prakash Mandal,bakery,"Kitchen helper, dishwasher, waiter, delivery boy",070656 88663,"5, Balveer Market, U Block, DLF Phase 3, Sector 24, Gurugram, Haryana 122002, India",https://maps.google.com/?cid=10481617225190059216&g_mp=Cilnb29nbGUubWFwcy5wbGFjZXMudjEuUGxhY2VzLlNlYXJjaE5lYXJieRACGAQgAA,Not contacted,,,,
P1,Sun Sine Cakes,bakery,"Kitchen helper, dishwasher, waiter, delivery boy",095821 38997,"Shop No 1, 28, Sector 28, Chakkarpur, Gurugram, Haryana 122002, India",https://maps.google.com/?cid=16378000024798112566&g_mp=Cilnb29nbGUubWFwcy5wbGFjZXMudjEuUGxhY2VzLlNlYXJjaE5lYXJieRACGAQgAA,Not contacted,,,,
P1,"Kamal Mahal, Welcomhotel New Delhi by ITC Hotels - Luxury Banquet near Airport & Gurgaon for Business & Social Events",banquet_hall,"Housekeeping, room boy, security guard, helper",099113 38833,"WelcomHotel by ITC, Gurgaon - Delhi Expy, near Toll Plaza, D Block, Kapas Hera, New Delhi, Delhi 110097, India",https://maps.google.com/?cid=8082161296331227155&g_mp=Cilnb29nbGUubWFwcy5wbGFjZXMudjEuUGxhY2VzLlNlYXJjaE5lYXJieRACGAQgAA,Not contacted,,,,
P1,Avanços Coffee Co. (Specialty Coffee Studio),cafe,"Kitchen helper, dishwasher, waiter, delivery boy",096190 51704,"Ground Floor, 378-379, Electronic City, Phase IV, Udyog Vihar, Sector 18, Gurugram, Haryana 122015, India",https://maps.google.com/?cid=16350112867204062609&g_mp=Cilnb29nbGUubWFwcy5wbGFjZXMudjEuUGxhY2VzLlNlYXJjaE5lYXJieRACGAQgAA,Not contacted,,,,
P1,Cafe OMI,cafe,"Kitchen helper, dishwasher, waiter, delivery boy",098110 08684,"The Aldott, 81, Moulsari Ave, DLF Phase 3, Sector 24, Gurugram, Haryana 122002, India",https://maps.google.com/?cid=4956889282761145308&g_mp=Cilnb29nbGUubWFwcy5wbGFjZXMudjEuUGxhY2VzLlNlYXJjaE5lYXJieRACGAQgAA,Not contacted,,,,
P1,"Chai Point - MD Regent Plaza, Gurgaon",cafe,"Kitchen helper, dishwasher, waiter, delivery boy",088801 41000,"Ground Floor JMD Regent Plaza, Mehrauli-Gurgaon Rd, near IndiGo Guru Dronacharya Metro, Sikanderpur, Sector 26, Gurugram, Haryana 122002, India",https://maps.google.com/?cid=10267535365122981093&g_mp=Cilnb29nbGUubWFwcy5wbGFjZXMudjEuUGxhY2VzLlNlYXJjaE5lYXJieRACGAQgAA,Not contacted,,,,
P1,Dadi Ki Rasoi,cafe,"Kitchen helper, dishwasher, waiter, delivery boy",088003 19100,"Plot No. 402, Phase III, Udyog Vihar, Sector 20, Gurugram, Haryana 122016, India",https://maps.google.com/?cid=14511766266374384910&g_mp=Cilnb29nbGUubWFwcy5wbGFjZXMudjEuUGxhY2VzLlNlYXJjaE5lYXJieRACGAQgAA,Not contacted,,,,
P1,Deepak Vyas,cafe,"Kitchen helper, dishwasher, waiter, delivery boy",090791 61849,"Shop No.64, Main Market, Sarhaul, Sector 18, Gurugram, Haryana 122015, India",https://maps.google.com/?cid=15855923030011707324&g_mp=Cilnb29nbGUubWFwcy5wbGFjZXMudjEuUGxhY2VzLlNlYXJjaE5lYXJieRACGAQgAA,Not contacted,,,,
P1,Dunkin’ - RMZ Infinity,cafe,"Kitchen helper, dishwasher, waiter, delivery boy",092052 16875,"RMZ Infinity, Plot No 15, nearby Apollo Pharmacy, Phase-4, Sector 18, Gurugram, Haryana 122008, India",https://maps.google.com/?cid=10404451364558400551&g_mp=Cilnb29nbGUubWFwcy5wbGFjZXMudjEuUGxhY2VzLlNlYXJjaE5lYXJieRACGAQgAA,Not contacted,,,,
P1,Fig at MG,cafe,"Kitchen helper, dishwasher, waiter, delivery boy",084471 02226,"Ground Floor, TOWER-A, Global Gateway Towers, Unit 1, Mehrauli-Gurgaon Rd, Sikanderpur, Sector 26, Gurugram, Haryana 122002, India",https://maps.google.com/?cid=128419131791281617&g_mp=Cilnb29nbGUubWFwcy5wbGFjZXMudjEuUGxhY2VzLlNlYXJjaE5lYXJieRACGAQgAA,Not contacted,,,,
P1,First Coffee | DLF Atrium,cafe,"Kitchen helper, dishwasher, waiter, delivery boy",092173 56974,"Tower 3, Ground Floor, DLF Phase III Atrium Place, Phase V, Udyog Vihar, Sector 19, Gurugram, Haryana 122016, India",https://maps.google.com/?cid=10105880570471587597&g_mp=Cilnb29nbGUubWFwcy5wbGFjZXMudjEuUGxhY2VzLlNlYXJjaE5lYXJieRACGAQgAA,Not contacted,,,,
P1,Jai Shree Ram Ram Laadu,cafe,"Kitchen helper, dishwasher, waiter, delivery boy",090276 47678,"48, 48, Old Delhi Gurugram Rd, Sector 21, Gurugram, Haryana 122016, India",https://maps.google.com/?cid=6796375651052553343&g_mp=Cilnb29nbGUubWFwcy5wbGFjZXMudjEuUGxhY2VzLlNlYXJjaE5lYXJieRACGAQgAA,Not contacted,,,,
P1,Mahinder Cafe,cafe,"Kitchen helper, dishwasher, waiter, delivery boy",087507 06690,"Shop No 25, Electronic City, Phase IV, Udyog Vihar, Sector 18, Gurugram, Haryana 122015, India",https://maps.google.com/?cid=16642768761289946661&g_mp=Cilnb29nbGUubWFwcy5wbGFjZXMudjEuUGxhY2VzLlNlYXJjaE5lYXJieRACGAQgAA,Not contacted,,,,
P1,Mjöl Bake House,cafe,"Kitchen helper, dishwasher, waiter, delivery boy",099539 09226,"Ground Floor, TOWER-A, Global Gateway Towers, Mehrauli-Gurgaon Rd, Sikanderpur, Sector 26, Gurugram, Haryana 122002, India",https://maps.google.com/?cid=4740528216294227490&g_mp=Cilnb29nbGUubWFwcy5wbGFjZXMudjEuUGxhY2VzLlNlYXJjaE5lYXJieRACGAQgAA,Not contacted,,,,
P1,On The Go | Cyberpark,cafe,"Kitchen helper, dishwasher, waiter, delivery boy",073032 39944,"Ground Floor, DLF Cyber Park, Block A, Phase III, Udyog Vihar, Sector 20, Gurugram, Haryana 122016, India",https://maps.google.com/?cid=16202259229296130249&g_mp=Cilnb29nbGUubWFwcy5wbGFjZXMudjEuUGxhY2VzLlNlYXJjaE5lYXJieRACGAQgAA,Not contacted,,,,
P1,Chini Bowl,chinese_restaurant,"Kitchen helper, dishwasher, waiter, delivery boy",098711 60169,"Club, Essel Towers, Mehrauli-Gurgaon Rd, Indian Airlines Pilots Society, Sushant Lok Phase I, Gurugram, Haryana 122009, India",https://maps.google.com/?cid=6474910880470628567&g_mp=Cilnb29nbGUubWFwcy5wbGFjZXMudjEuUGxhY2VzLlNlYXJjaE5lYXJieRACGAQgAA,Not contacted,,,,
P1,Dom Dang Restaurant,chinese_restaurant,"Kitchen helper, dishwasher, waiter, delivery boy",093196 47469,"LGF, shop no-112,u block, stop n shop market, U Block, DLF Phase 3, Sector 24, Gurugram, Haryana 122010, India",https://maps.google.com/?cid=14820728808384984240&g_mp=Cilnb29nbGUubWFwcy5wbGFjZXMudjEuUGxhY2VzLlNlYXJjaE5lYXJieRACGAQgAA,Not contacted,,,,
P1,Hudson Chopsticks,chinese_restaurant,"Kitchen helper, dishwasher, waiter, delivery boy",099589 41440,"651, Udyog Vihar Phase V Rd, Udyog Vihar 3, Phase V, Udyog Vihar, Sector 19, Gurugram, Haryana 122016, India",https://maps.google.com/?cid=11583655672066628149&g_mp=Cilnb29nbGUubWFwcy5wbGFjZXMudjEuUGxhY2VzLlNlYXJjaE5lYXJieRACGAQgAA,Not contacted,,,,
P1,VYANJAN 2.0,chinese_restaurant,"Kitchen helper, dishwasher, waiter, delivery boy",097111 10289,"Shop No. 1, near vatika, Saraswati Vihar, Maruti Housing Colony, market, Gurugram, Haryana 122002, India",https://maps.google.com/?cid=9189562411884709256&g_mp=Cilnb29nbGUubWFwcy5wbGFjZXMudjEuUGxhY2VzLlNlYXJjaE5lYXJieRACGAQgAA,Not contacted,,,,
P1,WOW China,chinese_restaurant,"Kitchen helper, dishwasher, waiter, delivery boy",070440 36673,"No FT/2, 1st Floor, Dlf Cyber Hub, DLF Cyber City, Udyog Vihar, Sector 20, Gurugram, Haryana 122016, India",https://maps.google.com/?cid=793057899166895305&g_mp=Cilnb29nbGUubWFwcy5wbGFjZXMudjEuUGxhY2VzLlNlYXJjaE5lYXJieRACGAQgAA,Not contacted,,,,
P1,"The Floof Pet Bakery ( Gourmet Dog cakes and more , made to order)",dog_cafe,"Kitchen helper, dishwasher, waiter, delivery boy",097166 57130,"floor Sector 46, 1581, P-3, near amity school, Mushedpur, DLF Phase 2, Sector 25, Gurugram, Haryana 122002, India",https://maps.google.com/?cid=1566543514142475247&g_mp=Cilnb29nbGUubWFwcy5wbGFjZXMudjEuUGxhY2VzLlNlYXJjaE5lYXJieRACGAQgAA,Not contacted,,,,
P1,A DOT by GNH,event_venue,"Banquet staff, helpers, security, housekeeping",096503 94476,"Golf Dr, behind The Leela Hotel, Ambience Island, DLF Phase 3, Sector 24, Gurugram, Haryana 122010, India",https://maps.google.com/?cid=4489396273289356953&g_mp=Cilnb29nbGUubWFwcy5wbGFjZXMudjEuUGxhY2VzLlNlYXJjaE5lYXJieRACGAQgAA,Not contacted,,,,
P1,As Fast Food,fast_food_restaurant,"Kitchen helper, dishwasher, waiter, delivery boy",081301 12845,"Sarhaul, Sector, Gurugram, Haryana 122015, India",https://maps.google.com/?cid=10209979967241544458&g_mp=Cilnb29nbGUubWFwcy5wbGFjZXMudjEuUGxhY2VzLlNlYXJjaE5lYXJieRACGAQgAA,Not contacted,,,,
P1,Ashok Fast Food,fast_food_restaurant,"Kitchen helper, dishwasher, waiter, delivery boy",079959 04620,"Shop No.28, Sector 21A, Sector 28, Dundahera Village, Sector 20, Gurugram, Haryana 122016, India",https://maps.google.com/?cid=6439421239740126621&g_mp=Cilnb29nbGUubWFwcy5wbGFjZXMudjEuUGxhY2VzLlNlYXJjaE5lYXJieRACGAQgAA,Not contacted,,,,
P1,B. S. Food,fast_food_restaurant,"Kitchen helper, dishwasher, waiter, delivery boy",096674 21700,"a, 3-113, Nathupur, Sector 26A, Gurugram, Haryana 122002, India",https://maps.google.com/?cid=850088673982280414&g_mp=Cilnb29nbGUubWFwcy5wbGFjZXMudjEuUGxhY2VzLlNlYXJjaE5lYXJieRACGAQgAA,Not contacted,,,,
P1,BONABITE,fast_food_restaurant,"Kitchen helper, dishwasher, waiter, delivery boy",097287 70606,"111, Basment Market, U Block, DLF Phase 3, Sector 24, Gurugram, Haryana 122002, India",https://maps.google.com/?cid=3799031687496428702&g_mp=Cilnb29nbGUubWFwcy5wbGFjZXMudjEuUGxhY2VzLlNlYXJjaE5lYXJieRACGAQgAA,Not contacted,,,,
P1,Chinese Live Counter,fast_food_restaurant,"Kitchen helper, dishwasher, waiter, delivery boy",095215 70040,"U 51, 2, Balveer Market, DLF Phase 3, Sector 24, Gurugram, Haryana 122002, India",https://maps.google.com/?cid=17961440526549652215&g_mp=Cilnb29nbGUubWFwcy5wbGFjZXMudjEuUGxhY2VzLlNlYXJjaE5lYXJieRACGAQgAA,Not contacted,,,,
P1,DosTEA Cafe,fast_food_restaurant,"Kitchen helper, dishwasher, waiter, delivery boy",079822 53585,"U-69/3, U Block, DLF Phase 3, Sector 24, Gurugram, Haryana 122002, India",https://maps.google.com/?cid=12222226707622098187&g_mp=Cilnb29nbGUubWFwcy5wbGFjZXMudjEuUGxhY2VzLlNlYXJjaE5lYXJieRACGAQgAA,Not contacted,,,,
P1,EATFIT,fast_food_restaurant,"Kitchen helper, dishwasher, waiter, delivery boy",088824 00587,"832, Udyog Vihar Phase V Rd, Phase V, Udyog Vihar, Sector 19, Gurugram, Haryana 122016, India",https://maps.google.com/?cid=5685483780517332326&g_mp=Cilnb29nbGUubWFwcy5wbGFjZXMudjEuUGxhY2VzLlNlYXJjaE5lYXJieRACGAQgAA,Not contacted,,,,
P1,"Golden Grillz - 309-310, Phase IV, Udyog Vihar,",fast_food_restaurant,"Kitchen helper, dishwasher, waiter, delivery boy",098919 22696,"309-310, Phase IV, Udyog Vihar, Sector 18, Gurugram, Haryana 122015, India",https://maps.google.com/?cid=8782188392977460725&g_mp=Cilnb29nbGUubWFwcy5wbGFjZXMudjEuUGxhY2VzLlNlYXJjaE5lYXJieRACGAQgAA,Not contacted,,,,
P1,Hariram Pal,fast_food_restaurant,"Kitchen helper, dishwasher, waiter, delivery boy",072177 32431,"shop no-3, Sec 25, Market, DLF Phase 2, Palam Vihar, Gurugram, Haryana 122002, India",https://maps.google.com/?cid=6287522835984097005&g_mp=Cilnb29nbGUubWFwcy5wbGFjZXMudjEuUGxhY2VzLlNlYXJjaE5lYXJieRACGAQgAA,Not contacted,,,,
P1,Jitendra Kumar fast food,fast_food_restaurant,"Kitchen helper, dishwasher, waiter, delivery boy",085955 98382,"Sector 28A, Chakkarpur, Gurugram, Haryana 122002, India",https://maps.google.com/?cid=2012327491888487860&g_mp=Cilnb29nbGUubWFwcy5wbGFjZXMudjEuUGxhY2VzLlNlYXJjaE5lYXJieRACGAQgAA,Not contacted,,,,
P1,Midnight Rider,fast_food_restaurant,"Kitchen helper, dishwasher, waiter, delivery boy",097115 38340,"V23/1-2, V Block, DLF Phase 3, Sector 24, Gurugram, Haryana 122010, India",https://maps.google.com/?cid=502434890569820150&g_mp=Cilnb29nbGUubWFwcy5wbGFjZXMudjEuUGxhY2VzLlNlYXJjaE5lYXJieRACGAQgAA,Not contacted,,,,
P1,Momo king,fast_food_restaurant,"Kitchen helper, dishwasher, waiter, delivery boy",092201 27333,"01, Ram Maher Residency, Sikanderpur, DLF Phase 1, Sector 26, Gurugram, Haryana 122002, India",https://maps.google.com/?cid=12453372086123602745&g_mp=Cilnb29nbGUubWFwcy5wbGFjZXMudjEuUGxhY2VzLlNlYXJjaE5lYXJieRACGAQgAA,Not contacted,,,,
P1,PATIENCE Food Cafe,fast_food_restaurant,"Kitchen helper, dishwasher, waiter, delivery boy",095480 20337,"Sarhaul, Sector 18, Sarhol, Gurugram, Haryana 122015, India",https://maps.google.com/?cid=1479882483586289900&g_mp=Cilnb29nbGUubWFwcy5wbGFjZXMudjEuUGxhY2VzLlNlYXJjaE5lYXJieRACGAQgAA,Not contacted,,,,
P1,Rakesh Fast Food,fast_food_restaurant,"Kitchen helper, dishwasher, waiter, delivery boy",091997 31446,"5, Udyog Vihar, Sector 20, Gurugram, Haryana 122016, India",https://maps.google.com/?cid=2993760005426452958&g_mp=Cilnb29nbGUubWFwcy5wbGFjZXMudjEuUGxhY2VzLlNlYXJjaE5lYXJieRACGAQgAA,Not contacted,,,,
P1,Sanjay Shop,fast_food_restaurant,"Kitchen helper, dishwasher, waiter, delivery boy",094606 86268,"68, Near, Me Road, Sector 28, Maruti Housing Colony, Gurugram, Haryana 122009, India",https://maps.google.com/?cid=5611481191263479301&g_mp=Cilnb29nbGUubWFwcy5wbGFjZXMudjEuUGxhY2VzLlNlYXJjaE5lYXJieRACGAQgAA,Not contacted,,,,
P1,Sauth Indian Fast Food,fast_food_restaurant,"Kitchen helper, dishwasher, waiter, delivery boy",076697 00320,"Shop No 99, Phase IV, Udyog Vihar, Sector 18, Gurugram, Haryana 122015, India",https://maps.google.com/?cid=6799211231737307393&g_mp=Cilnb29nbGUubWFwcy5wbGFjZXMudjEuUGxhY2VzLlNlYXJjaE5lYXJieRACGAQgAA,Not contacted,,,,
P1,Subway Ambience Mall,fast_food_restaurant,"Kitchen helper, dishwasher, waiter, delivery boy",073037 14346,"Ambience Mall 3, Ambience Island, DLF Phase 3, Sector 24, Gurugram, Haryana 122002, India",https://maps.google.com/?cid=1542245316527331220&g_mp=Cilnb29nbGUubWFwcy5wbGFjZXMudjEuUGxhY2VzLlNlYXJjaE5lYXJieRACGAQgAA,Not contacted,,,,
P1,TRANSPORT INDIA PASS,fast_food_restaurant,"Kitchen helper, dishwasher, waiter, delivery boy",072900 00731,"Shaheed Ripon Katyal Marg, Sarhaul, Sector 18, Gurugram, Haryana 122015, India",https://maps.google.com/?cid=15555307316125719225&g_mp=Cilnb29nbGUubWFwcy5wbGFjZXMudjEuUGxhY2VzLlNlYXJjaE5lYXJieRACGAQgAA,Not contacted,,,,
P1,Vikash Dosa Point,fast_food_restaurant,"Kitchen helper, dishwasher, waiter, delivery boy",099588 59069,"OFFICE, GLOBAL BUSINESS PARK, Sikanderpur, Sector 26, Gurugram, Haryana 122002, India",https://maps.google.com/?cid=17571728540080873100&g_mp=Cilnb29nbGUubWFwcy5wbGFjZXMudjEuUGxhY2VzLlNlYXJjaE5lYXJieRACGAQgAA,Not contacted,,,,
P1,Balaji Biryani Stall,food_court,"Kitchen helper, dishwasher, waiter, delivery boy",087886 11718,"Shop 1, Airtel Road, Phase IV, Udyog Vihar, Sector 18, Gurugram, Haryana 122015, India",https://maps.google.com/?cid=11993921328430983343&g_mp=Cilnb29nbGUubWFwcy5wbGFjZXMudjEuUGxhY2VzLlNlYXJjaE5lYXJieRACGAQgAA,Not contacted,,,,
P1,BITHI,food_court,"Kitchen helper, dishwasher, waiter, delivery boy",083481 91937,"Sector 18, Gurugram, Haryana 122015, India",https://maps.google.com/?cid=10152054180956384353&g_mp=Cilnb29nbGUubWFwcy5wbGFjZXMudjEuUGxhY2VzLlNlYXJjaE5lYXJieRACGAQgAA,Not contacted,,,,
P1,MD Sahajad Auto,food_court,"Kitchen helper, dishwasher, waiter, delivery boy",089492 71955,"Shop No.22, Sikanderpur, DLF Phase 2, Sector 25, Gurugram, Haryana 122002, India",https://maps.google.com/?cid=2478207192834006617&g_mp=Cilnb29nbGUubWFwcy5wbGFjZXMudjEuUGxhY2VzLlNlYXJjaE5lYXJieRACGAQgAA,Not contacted,,,,
P1,Narayan Fast Food,food_court,"Kitchen helper, dishwasher, waiter, delivery boy",099582 14320,"Sec 21 Vaco, Binary Candor, Sector 21, Gurugram, Haryana 122016, India",https://maps.google.com/?cid=10222797787254170664&g_mp=Cilnb29nbGUubWFwcy5wbGFjZXMudjEuUGxhY2VzLlNlYXJjaE5lYXJieRACGAQgAA,Not contacted,,,,
P1,Piyush Mehta,food_court,"Kitchen helper, dishwasher, waiter, delivery boy",095605 56901,"Sector 28A, Chakkarpur, Gurugram, Haryana 122002, India",https://maps.google.com/?cid=12255930580655549322&g_mp=Cilnb29nbGUubWFwcy5wbGFjZXMudjEuUGxhY2VzLlNlYXJjaE5lYXJieRACGAQgAA,Not contacted,,,,
P1,Rawal Service,food_court,"Kitchen helper, dishwasher, waiter, delivery boy",081308 98804,"64, Mehrauli-Gurgaon Rd, Sector 28, Maruti Housing Colony, Sector 14, Gurugram, Haryana 122009, India",https://maps.google.com/?cid=3700950206804112234&g_mp=Cilnb29nbGUubWFwcy5wbGFjZXMudjEuUGxhY2VzLlNlYXJjaE5lYXJieRACGAQgAA,Not contacted,,,,
P1,Sandeep Golgape Wala,food_court,"Kitchen helper, dishwasher, waiter, delivery boy",097617 20106,"Shop No 01, Phase II, DLF Phase 3, Sector 20, Gurugram, Haryana 122016, India",https://maps.google.com/?cid=13565846616790531463&g_mp=Cilnb29nbGUubWFwcy5wbGFjZXMudjEuUGxhY2VzLlNlYXJjaE5lYXJieRACGAQgAA,Not contacted,,,,
P1,The Momos Mafia,food_court,"Kitchen helper, dishwasher, waiter, delivery boy",093101 50591,"Plot no. 243, Udyog Vihar Phase V Rd, opposite to SP infocity, Rajiv Nagar, Udyog Vihar, Sector 20, Gurugram, Haryana 122016, India",https://maps.google.com/?cid=1954573002371431105&g_mp=Cilnb29nbGUubWFwcy5wbGFjZXMudjEuUGxhY2VzLlNlYXJjaE5lYXJieRACGAQgAA,Not contacted,,,,
P1,uday prajapati,food_court,"Kitchen helper, dishwasher, waiter, delivery boy",070658 28538,"Shop 3, Nathuram Market, Saraswati Vihar, Maruti Housing Colony, Gurugram, Haryana 122002, India",https://maps.google.com/?cid=3279355096311184358&g_mp=Cilnb29nbGUubWFwcy5wbGFjZXMudjEuUGxhY2VzLlNlYXJjaE5lYXJieRACGAQgAA,Not contacted,,,,
P1,Lohmod House Co-living PG,guest_house,"Housekeeping, room boy, security guard, helper",098106 07422,"T-14/9, Near Shani Mandir, Via City Club, DLF Phase 3, 122022, T Block, Nathupur, Sector 24, Gurugram, Haryana 122002, India",https://maps.google.com/?cid=4865957175350005790&g_mp=Cilnb29nbGUubWFwcy5wbGFjZXMudjEuUGxhY2VzLlNlYXJjaE5lYXJieRACGAQgAA,Not contacted,,,,
P1,Tavisha Villa Golf Course Road MG road Gurgaon,guest_house,"Housekeeping, room boy, security guard, helper",099993 93158,"18, H-34 Rd, Block H, DLF Phase 1, Sector 26, Gurugram, Haryana 122002, India",https://maps.google.com/?cid=17582597063564712555&g_mp=Cilnb29nbGUubWFwcy5wbGFjZXMudjEuUGxhY2VzLlNlYXJjaE5lYXJieRACGAQgAA,Not contacted,,,,
P1,37 @ SIRIS ROAD,hotel,"Housekeeping, room boy, security guard, helper",098105 00332,"Block T, 37, Siris Rd, near City Club, T Block, DLF Phase 3, Sector 24, Gurugram, Haryana 122002, India",https://maps.google.com/?cid=6230928968931805709&g_mp=Cilnb29nbGUubWFwcy5wbGFjZXMudjEuUGxhY2VzLlNlYXJjaE5lYXJieRACGAQgAA,Not contacted,,,,
P1,Aadhar Hotel-Best Hotel In Gurgaon-Best Guest House In Gurgaon-Luxury Rooms In Gurgaon,hotel,"Housekeeping, room boy, security guard, helper",099999 28884,"Metro Station, 26, J-10, near Sikanderpur Road, DLF Phase 2, Sector 25, Gurugram, Haryana 122002, India",https://maps.google.com/?cid=17101845484185651715&g_mp=Cilnb29nbGUubWFwcy5wbGFjZXMudjEuUGxhY2VzLlNlYXJjaE5lYXJieRACGAQgAA,Not contacted,,,,
P1,ACE 7 Hotel and Residence,hotel,"Housekeeping, room boy, security guard, helper",070421 58001,"69A, Siris Rd, DLF Phase 3, Sector 24, Gurugram, Haryana 122010, India",https://maps.google.com/?cid=1309749400194949465&g_mp=Cilnb29nbGUubWFwcy5wbGFjZXMudjEuUGxhY2VzLlNlYXJjaE5lYXJieRACGAQgAA,Not contacted,,,,
P1,Anubhav Hotel Solutions,hotel,"Housekeeping, room boy, security guard, helper",098102 45112,"V, V, Block 13/9, DLF City Phase 3 Rd, near Police Station, DLF Phase 3, Sector 24, Gurugram, Haryana 122010, India",https://maps.google.com/?cid=12607933171394864818&g_mp=Cilnb29nbGUubWFwcy5wbGFjZXMudjEuUGxhY2VzLlNlYXJjaE5lYXJieRACGAQgAA,Not contacted,,,,
P1,Casenora Girls Pg Paying Guest,hotel,"Housekeeping, room boy, security guard, helper",097183 90395,"Jcm 37 b, DLF Phase 2, DLF Phase 2, Sector 25, Gurugram, Haryana 122002, India",https://maps.google.com/?cid=10840622480268537138&g_mp=Cilnb29nbGUubWFwcy5wbGFjZXMudjEuUGxhY2VzLlNlYXJjaE5lYXJieRACGAQgAA,Not contacted,,,,
P1,FabHotel Balram International,hotel,"Housekeeping, room boy, security guard, helper",070747 47474,"L-28/1, Heritage City, DLF Phase 2, Sector 25, Gurugram, Haryana 122002, India",https://maps.google.com/?cid=1548648668318242269&g_mp=Cilnb29nbGUubWFwcy5wbGFjZXMudjEuUGxhY2VzLlNlYXJjaE5lYXJieRACGAQgAA,Not contacted,,,,
P1,FabHotel Guru Kripa Residency,hotel,"Housekeeping, room boy, security guard, helper",070424 24242,"K-3/2, DLF Phase 2, Sector 25, Gurugram, Haryana 122002, India",https://maps.google.com/?cid=10119663619684360675&g_mp=Cilnb29nbGUubWFwcy5wbGFjZXMudjEuUGxhY2VzLlNlYXJjaE5lYXJieRACGAQgAA,Not contacted,,,,
P1,Fuji Ryokan Corporate Stays,hotel,"Housekeeping, room boy, security guard, helper",098188 68200,"T, 27/4, 27/4, DLF Phase 3, Sector 24, Gurugram, Haryana 122002, India",https://maps.google.com/?cid=7982654120543846969&g_mp=Cilnb29nbGUubWFwcy5wbGFjZXMudjEuUGxhY2VzLlNlYXJjaE5lYXJieRACGAQgAA,Not contacted,,,,
P1,Hotel Amazone Residency dlf phase 3 gurugram,hotel,"Housekeeping, room boy, security guard, helper",098712 37434,"37/8, near SHRI RAM SCHOOL, V Block, DLF Phase 3, Sector 24, Gurugram, Haryana 122010, India",https://maps.google.com/?cid=949030591530203101&g_mp=Cilnb29nbGUubWFwcy5wbGFjZXMudjEuUGxhY2VzLlNlYXJjaE5lYXJieRACGAQgAA,Not contacted,,,,
P1,Hotel Amisa,hotel,"Housekeeping, room boy, security guard, helper",075686 66455,"34, Plot number 17, Late, Amisa, Block H, DLF Phase 1, Sector 26, Gurugram, Haryana 122002, India",https://maps.google.com/?cid=7067385528845621227&g_mp=Cilnb29nbGUubWFwcy5wbGFjZXMudjEuUGxhY2VzLlNlYXJjaE5lYXJieRACGAQgAA,Not contacted,,,,
P1,Hotel コンフォートイン - 日本語のベストホテル,hotel,"Housekeeping, room boy, security guard, helper",070652 71479,"8, Lane Number V-37, DLF Phase 3, Sector 24, Gurugram, Haryana 122010, India",https://maps.google.com/?cid=8684425113262165313&g_mp=Cilnb29nbGUubWFwcy5wbGFjZXMudjEuUGxhY2VzLlNlYXJjaE5lYXJieRACGAQgAA,Not contacted,,,,
P1,MOD AVENUE,hotel,"Housekeeping, room boy, security guard, helper",099119 99668,"53, Moulsari Ave, DLF Phase 3, Sector 24, Gurugram, Haryana 122002, India",https://maps.google.com/?cid=1353275928496576162&g_mp=Cilnb29nbGUubWFwcy5wbGFjZXMudjEuUGxhY2VzLlNlYXJjaE5lYXJieRACGAQgAA,Not contacted,,,,
P1,Pawan enterprises,hotel,"Housekeeping, room boy, security guard, helper",088821 66078,"gaon, opposite Kunal complex, Sector 28, Chakkarpur, Gurugram, Haryana 122002, India",https://maps.google.com/?cid=8868984596627358305&g_mp=Cilnb29nbGUubWFwcy5wbGFjZXMudjEuUGxhY2VzLlNlYXJjaE5lYXJieRACGAQgAA,Not contacted,,,,
P1,Santosh Hotal &Tea stall,hotel,"Housekeeping, room boy, security guard, helper",070655 63065,"F3WH+WM7, Phase IV, Udyog Vihar, Sector 18, Gurugram, Haryana 122015, India",https://maps.google.com/?cid=17559511825049772493&g_mp=Cilnb29nbGUubWFwcy5wbGFjZXMudjEuUGxhY2VzLlNlYXJjaE5lYXJieRACGAQgAA,Not contacted,,,,
P1,Siris 18,hotel,"Housekeeping, room boy, security guard, helper",098180 07965,"18, Siris Rd, DLF Phase 3, Sector 24, Gurugram, Haryana 122002, India",https://maps.google.com/?cid=13936441789979429255&g_mp=Cilnb29nbGUubWFwcy5wbGFjZXMudjEuUGxhY2VzLlNlYXJjaE5lYXJieRACGAQgAA,Not contacted,,,,
P1,STEPiNN ACME,hotel,"Housekeeping, room boy, security guard, helper",098994 79622,"S5/16, DLF PHASE-3, SECTOR 24, GURGAON Gurgaon, DLF Phase 3, Sector 24, Gurugram, Haryana 122002, India",https://maps.google.com/?cid=14685398098869341732&g_mp=Cilnb29nbGUubWFwcy5wbGFjZXMudjEuUGxhY2VzLlNlYXJjaE5lYXJieRACGAQgAA,Not contacted,,,,
P1,Stok Palace Heritage Hotel,hotel,"Housekeeping, room boy, security guard, helper",096228 27727,"Ground Floor, U-26A/6, Qutub Enclave, White Town Houses, DLF Phase 3, Sector 24, Gurugram, Haryana 122002, India",https://maps.google.com/?cid=10817989639435138603&g_mp=Cilnb29nbGUubWFwcy5wbGFjZXMudjEuUGxhY2VzLlNlYXJjaE5lYXJieRACGAQgAA,Not contacted,,,,
P1,The Aldott Boutique Hotel,hotel,"Housekeeping, room boy, security guard, helper",098110 13689,"81, Moulsari Ave, DLF Phase 3, Sector 24, Gurugram, Haryana 122002, India",https://maps.google.com/?cid=16258023425846428993&g_mp=Cilnb29nbGUubWFwcy5wbGFjZXMudjEuUGxhY2VzLlNlYXJjaE5lYXJieRACGAQgAA,Not contacted,,,,
P1,The Altruist Business Stays (DLF Phase 3),hotel,"Housekeeping, room boy, security guard, helper",090560 88815,"Plot No. 70, The Altruist Business Stays, Siris Rd, DLF Phase 3, Sector 24, Gurugram, Haryana 122010, India",https://maps.google.com/?cid=7000718076692555287&g_mp=Cilnb29nbGUubWFwcy5wbGFjZXMudjEuUGxhY2VzLlNlYXJjaE5lYXJieRACGAQgAA,Not contacted,,,,
P1,The Cozy Corner,hotel,"Housekeeping, room boy, security guard, helper",096368 70519,"S-49/16-17, S Block, DLF Phase 3, Sector 24, Gurugram, Haryana 122010, India",https://maps.google.com/?cid=15535409587682323281&g_mp=Cilnb29nbGUubWFwcy5wbGFjZXMudjEuUGxhY2VzLlNlYXJjaE5lYXJieRACGAQgAA,Not contacted,,,,
P1,The Lalit Vibes,hotel,"Housekeeping, room boy, security guard, helper",099172 80722,"57A, Akashneem Marg, DLF Phase 2, Sector 25, Gurugram, Haryana 122002, India",https://maps.google.com/?cid=3980615322524729434&g_mp=Cilnb29nbGUubWFwcy5wbGFjZXMudjEuUGxhY2VzLlNlYXJjaE5lYXJieRACGAQgAA,Not contacted,,,,
P1,Tipsyy Inn Suites 006,hotel,"Housekeeping, room boy, security guard, helper",084470 28439,"DLF Phase 3, Sector 24, Gurugram, Haryana 122010, India",https://maps.google.com/?cid=696296408331568482&g_mp=Cilnb29nbGUubWFwcy5wbGFjZXMudjEuUGxhY2VzLlNlYXJjaE5lYXJieRACGAQgAA,Not contacted,,,,
P1,Trinity Corporate Suites,hotel,"Housekeeping, room boy, security guard, helper",098111 90257,"Suncity Trade Tower, Old Delhi Gurugram Rd, adjoining Candor Techspace, opposite Udyog Vihar, Sector 21, Gurugram, Haryana 122016, India",https://maps.google.com/?cid=3306069510908787084&g_mp=Cilnb29nbGUubWFwcy5wbGFjZXMudjEuUGxhY2VzLlNlYXJjaE5lYXJieRACGAQgAA,Not contacted,,,,
P1,Wowhotelz,hotel,"Housekeeping, room boy, security guard, helper",078348 11100,"Oppt, oakwood Apartment, DLF Phase : 2, 49, Akashneem Marg, DLF Phase 2, Sector 25, Gurugram, Haryana 122002, India",https://maps.google.com/?cid=7914208311001999209&g_mp=Cilnb29nbGUubWFwcy5wbGFjZXMudjEuUGxhY2VzLlNlYXJjaE5lYXJieRACGAQgAA,Not contacted,,,,
P1,Anjeer - New Age Indian,indian_restaurant,"Kitchen helper, dishwasher, waiter, delivery boy",084478 02226,"Ground Floor, TOWER-A, Global Gateway Towers, Unit 6, Mehrauli-Gurgaon Rd, Sikanderpur, Sector 26, Gurugram, Haryana 122002, India",https://maps.google.com/?cid=16024710625243929969&g_mp=Cilnb29nbGUubWFwcy5wbGFjZXMudjEuUGxhY2VzLlNlYXJjaE5lYXJieRACGAQgAA,Not contacted,,,,
P1,Chaap Guru,indian_restaurant,"Kitchen helper, dishwasher, waiter, delivery boy",099966 69082,"Shop no 112, Basement Market, Galli Number 69, U Block, DLF Phase 3, Sector 24, Gurugram, Haryana 122001, India",https://maps.google.com/?cid=3653319341963147472&g_mp=Cilnb29nbGUubWFwcy5wbGFjZXMudjEuUGxhY2VzLlNlYXJjaE5lYXJieRACGAQgAA,Not contacted,,,,
P1,"Charcoal Eats, Natupura",indian_restaurant,"Kitchen helper, dishwasher, waiter, delivery boy",090225 00500,"Jeena Number 4, 1st Floor, H16/6, Sikanderpur, DLF Phase 1, Sector 26, Gurugram, Haryana 122002, India",https://maps.google.com/?cid=8818784738255952897&g_mp=Cilnb29nbGUubWFwcy5wbGFjZXMudjEuUGxhY2VzLlNlYXJjaE5lYXJieRACGAQgAA,Not contacted,,,,
P1,Maa ki Rasoi,indian_restaurant,"Kitchen helper, dishwasher, waiter, delivery boy",084485 52646,"V block lane, no V-21, DLF PHASE 3, Nathupur, Sector 24, Gurugram, Haryana 122002, India",https://maps.google.com/?cid=8720045819822660999&g_mp=Cilnb29nbGUubWFwcy5wbGFjZXMudjEuUGxhY2VzLlNlYXJjaE5lYXJieRACGAQgAA,Not contacted,,,,
P1,Mama Da Dhaba,indian_restaurant,"Kitchen helper, dishwasher, waiter, delivery boy",099683 56886,"Phase V, Udyog Vihar, Sector 19, Gurugram, Haryana 122016, India",https://maps.google.com/?cid=11137089458498549806&g_mp=Cilnb29nbGUubWFwcy5wbGFjZXMudjEuUGxhY2VzLlNlYXJjaE5lYXJieRACGAQgAA,Not contacted,,,,
P1,Sarvachi Mumbai Vada Pav,indian_restaurant,"Kitchen helper, dishwasher, waiter, delivery boy",098115 38425,"Shop No 110, Basement Market, U Block, DLF Phase 3, Sector 24, Gurugram, Haryana 122002, India",https://maps.google.com/?cid=6336496131829964918&g_mp=Cilnb29nbGUubWFwcy5wbGFjZXMudjEuUGxhY2VzLlNlYXJjaE5lYXJieRACGAQgAA,Not contacted,,,,
P1,EVOO - Gurugram,italian_restaurant,"Kitchen helper, dishwasher, waiter, delivery boy",099992 33403,"The Kitchens, Unit No 7, Ground Floor, TOWER-A, Global Gateway Towers, Sikanderpur, Sector 26, Gurugram, Haryana 122002, India",https://maps.google.com/?cid=14432429153690666781&g_mp=Cilnb29nbGUubWFwcy5wbGFjZXMudjEuUGxhY2VzLlNlYXJjaE5lYXJieRACGAQgAA,Not contacted,,,,
P1,Pasta Dal Cuore,italian_restaurant,"Kitchen helper, dishwasher, waiter, delivery boy",098105 77069,"50, Gulmohar Marg, Mushedpur, DLF Phase 2, Sector 25, Gurugram, Haryana 122002, India",https://maps.google.com/?cid=15774629866547635234&g_mp=Cilnb29nbGUubWFwcy5wbGFjZXMudjEuUGxhY2VzLlNlYXJjaE5lYXJieRACGAQgAA,Not contacted,,,,
P1,"Bedchambers Serviced Apartments, DLF Cybercity Gurgaon",lodging,"Housekeeping, room boy, security guard, helper",085888 88655,"V40, 1, DLF Phase 3, Sector 24, Gurugram, Haryana 122002, India",https://maps.google.com/?cid=4838707718266024628&g_mp=Cilnb29nbGUubWFwcy5wbGFjZXMudjEuUGxhY2VzLlNlYXJjaE5lYXJieRACGAQgAA,Not contacted,,,,
P1,BrownBricks Service Apartments,lodging,"Housekeeping, room boy, security guard, helper",095550 34206,"26-27, V-19, DLF Phase 3, Sector 24, Gurugram, Haryana 122010, India",https://maps.google.com/?cid=13839298595074884350&g_mp=Cilnb29nbGUubWFwcy5wbGFjZXMudjEuUGxhY2VzLlNlYXJjaE5lYXJieRACGAQgAA,Not contacted,,,,
P1,Commune Siris,lodging,"Housekeeping, room boy, security guard, helper",099712 94321,"Cyber city, Siris Rd, DLF Phase 3, Sector 24, Gurugram, Haryana 122010, India",https://maps.google.com/?cid=9408115525855432339&g_mp=Cilnb29nbGUubWFwcy5wbGFjZXMudjEuUGxhY2VzLlNlYXJjaE5lYXJieRACGAQgAA,Not contacted,,,,
P1,Enkay Residency V Block,lodging,"Housekeeping, room boy, security guard, helper",098107 32640,"V-39/18 & 19, DLF Phase 3, Sector 24, Gurugram, Haryana 122010, India",https://maps.google.com/?cid=14663836967261945784&g_mp=Cilnb29nbGUubWFwcy5wbGFjZXMudjEuUGxhY2VzLlNlYXJjaE5lYXJieRACGAQgAA,Not contacted,,,,
P1,Homesphere Apartments by Aanandam Hospitality,lodging,"Housekeeping, room boy, security guard, helper",098711 39797,"Building number 1, Lane, V-20, DLF Phase 3, Sector 24, Gurugram, Haryana 122010, India",https://maps.google.com/?cid=14874318913225349840&g_mp=Cilnb29nbGUubWFwcy5wbGFjZXMudjEuUGxhY2VzLlNlYXJjaE5lYXJieRACGAQgAA,Not contacted,,,,
P1,"Livstations Co-living, MG Road",lodging,"Housekeeping, room boy, security guard, helper",093191 24466,"Community Centre, K Block, DLF Phase II, Gurgaon, Park, DLF Phase 2, Sector 25, Gurugram, Haryana 122022, India",https://maps.google.com/?cid=13261272529922713043&g_mp=Cilnb29nbGUubWFwcy5wbGFjZXMudjEuUGxhY2VzLlNlYXJjaE5lYXJieRACGAQgAA,Not contacted,,,,
P1,Ravi apartment,lodging,"Housekeeping, room boy, security guard, helper",087430 00090,"Jangra Bazar, Dundahera Village, Sector 20, Gurugram, Haryana 122016, India",https://maps.google.com/?cid=3030838410741690831&g_mp=Cilnb29nbGUubWFwcy5wbGFjZXMudjEuUGxhY2VzLlNlYXJjaE5lYXJieRACGAQgAA,Not contacted,,,,
P1,Roshan Apartments,lodging,"Housekeeping, room boy, security guard, helper",096545 49408,"F3RX+X5W, नया मोहल्ला मार्ग, Balveer Market, U Block, DLF Phase 3, Sector 24, Gurugram, Haryana 122002, India",https://maps.google.com/?cid=7989717347094620943&g_mp=Cilnb29nbGUubWFwcy5wbGFjZXMudjEuUGxhY2VzLlNlYXJjaE5lYXJieRACGAQgAA,Not contacted,,,,
P1,Casa Dona | Food Court,mexican_restaurant,"Kitchen helper, dishwasher, waiter, delivery boy",080060 08909,"Casa Dona Food Court Quattro Iconic, Plot No.273, Udyog Vihar II Rd, Udyog Vihar Phase 1, Udyog Vihar, Sector 20, Gurugram, Haryana 122016, India",https://maps.google.com/?cid=4636406191652334623&g_mp=Cilnb29nbGUubWFwcy5wbGFjZXMudjEuUGxhY2VzLlNlYXJjaE5lYXJieRACGAQgAA,Not contacted,,,,
P1,Miss Margarita (Gurugram),mexican_restaurant,"Kitchen helper, dishwasher, waiter, delivery boy",092206 91966,"Ground Floor, Unit-8, Global Gateway Towers, Sikanderpur, A Virendra Gram, Sector 26, Gurugram, Haryana 122002, India",https://maps.google.com/?cid=186536808833177545&g_mp=Cilnb29nbGUubWFwcy5wbGFjZXMudjEuUGxhY2VzLlNlYXJjaE5lYXJieRACGAQgAA,Not contacted,,,,
P1,Colonel's Kababz | Corporate Office & Cloud Kitchen,north_indian_restaurant,"Kitchen helper, dishwasher, waiter, delivery boy",098683 74769,"GROUND FLOOR, 832, Udyog Vihar Phase V Rd, Phase V, Udyog Vihar, Sector 19, New Delhi, Gurugram, Haryana 122016, India",https://maps.google.com/?cid=325508217810332655&g_mp=Cilnb29nbGUubWFwcy5wbGFjZXMudjEuUGxhY2VzLlNlYXJjaE5lYXJieRACGAQgAA,Not contacted,,,,
P1,Dana Pani Restaurant,north_indian_restaurant,"Kitchen helper, dishwasher, waiter, delivery boy",097171 58046,"GH-1, Old Delhi Gurugram Rd, Palam Vihar Extension, Gurugram, Haryana 122015, India",https://maps.google.com/?cid=10481997050240310480&g_mp=Cilnb29nbGUubWFwcy5wbGFjZXMudjEuUGxhY2VzLlNlYXJjaE5lYXJieRACGAQgAA,Not contacted,,,,
P1,Diversion Dine,north_indian_restaurant,"Kitchen helper, dishwasher, waiter, delivery boy",095608 07789,"Shop No. 3, Ambience Island, DLF Phase 3, Sector 24, Gurugram, Haryana 122010, India",https://maps.google.com/?cid=13051750543956616964&g_mp=Cilnb29nbGUubWFwcy5wbGFjZXMudjEuUGxhY2VzLlNlYXJjaE5lYXJieRACGAQgAA,Not contacted,,,,
P1,Handi X-press,north_indian_restaurant,"Kitchen helper, dishwasher, waiter, delivery boy",096500 01213,"Shop No 4,Housing Board, Shopping Complex, Mehrauli-Gurgaon Rd, Saraswati Vihar, Maruti Housing Colony, Gurugram, Haryana 122002, India",https://maps.google.com/?cid=16350720095081073948&g_mp=Cilnb29nbGUubWFwcy5wbGFjZXMudjEuUGxhY2VzLlNlYXJjaE5lYXJieRACGAQgAA,Not contacted,,,,
P1,Mala Akhbari,north_indian_restaurant,"Kitchen helper, dishwasher, waiter, delivery boy",099585 70381,"G33X+833, Ambience Island, DLF Phase 3, Sector 24, Gurugram, Haryana 122010, India",https://maps.google.com/?cid=3756720711401957664&g_mp=Cilnb29nbGUubWFwcy5wbGFjZXMudjEuUGxhY2VzLlNlYXJjaE5lYXJieRACGAQgAA,Not contacted,,,,
P1,Mughal Sarai (Authentic Mughlai),north_indian_restaurant,"Kitchen helper, dishwasher, waiter, delivery boy",088606 44837,"Club Essel Tower, Essel Towers, Mehrauli-Gurgaon Rd, Indian Airlines Pilots Society, Sushant Lok Phase I, Gurugram, Haryana 122009, India",https://maps.google.com/?cid=15180943864773972803&g_mp=Cilnb29nbGUubWFwcy5wbGFjZXMudjEuUGxhY2VzLlNlYXJjaE5lYXJieRACGAQgAA,Not contacted,,,,
P1,Nikhil Food Point,north_indian_restaurant,"Kitchen helper, dishwasher, waiter, delivery boy",098109 26355,"U-69, 3, U Block, DLF Phase 3, Sector 24, Gurugram, Haryana 122002, India",https://maps.google.com/?cid=14836787195511127146&g_mp=Cilnb29nbGUubWFwcy5wbGFjZXMudjEuUGxhY2VzLlNlYXJjaE5lYXJieRACGAQgAA,Not contacted,,,,
P1,Punjabi Tadka Restaurant,north_indian_restaurant,"Kitchen helper, dishwasher, waiter, delivery boy",099103 07510,"Shop Number -120 , Basement Market, U Block, DLF Phase 3, Sector 24, Gurugram, Haryana 122010, India",https://maps.google.com/?cid=13807943543595407305&g_mp=Cilnb29nbGUubWFwcy5wbGFjZXMudjEuUGxhY2VzLlNlYXJjaE5lYXJieRACGAQgAA,Not contacted,,,,
P1,Rajpoot Dhabha,north_indian_restaurant,"Kitchen helper, dishwasher, waiter, delivery boy",097180 15627,"375, Rao Gajraj Singh Marg, Electronic City, Phase IV, Udyog Vihar, Sector 18, Gurugram, Haryana 122015, India",https://maps.google.com/?cid=11054752963975514689&g_mp=Cilnb29nbGUubWFwcy5wbGFjZXMudjEuUGxhY2VzLlNlYXJjaE5lYXJieRACGAQgAA,Not contacted,,,,
P1,Aravali – Signature Fine Dining at Welcomhotel New Delhi by ITC Hotels | Near IGI Airport & Gurgaon,restaurant,"Kitchen helper, dishwasher, waiter, delivery boy",092180 12508,"Gurgaon - Delhi Expy, near Toll Plaza, D Block, Kapas Hera, New Delhi, Delhi 110097, India",https://maps.google.com/?cid=10802290131082444883&g_mp=Cilnb29nbGUubWFwcy5wbGFjZXMudjEuUGxhY2VzLlNlYXJjaE5lYXJieRACGAQgAA,Not contacted,,,,
P1,Ashish Restaurant,restaurant,"Kitchen helper, dishwasher, waiter, delivery boy",095829 31910,"Shop 4 Plot 20, Ground Floor, Olad Delhi Road, Satguru Enclave Rd, opposite Maruti Gate 1, Maruti Udyog, Sector 18, Gurugram, Haryana 122015, India",https://maps.google.com/?cid=14291611470394040468&g_mp=Cilnb29nbGUubWFwcy5wbGFjZXMudjEuUGxhY2VzLlNlYXJjaE5lYXJieRACGAQgAA,Not contacted,,,,
P1,ASPER - Cocktail Bar,restaurant,"Kitchen helper, dishwasher, waiter, delivery boy",093194 47114,"Global Gateway, The Kitchens, Tower A, Sikanderpur, Sector 26A, Gurugram, Haryana 122002, India",https://maps.google.com/?cid=15020769836610192287&g_mp=Cilnb29nbGUubWFwcy5wbGFjZXMudjEuUGxhY2VzLlNlYXJjaE5lYXJieRACGAQgAA,Not contacted,,,,
P1,Aujasya Cafe The Leela Ambience Gurugram,restaurant,"Kitchen helper, dishwasher, waiter, delivery boy",097175 96088,"The Leela Ambience, 8, National Highway, Ambience Island, Kapas Hera Estate, Gurugram, Haryana 122016, India",https://maps.google.com/?cid=9437083469674844256&g_mp=Cilnb29nbGUubWFwcy5wbGFjZXMudjEuUGxhY2VzLlNlYXJjaE5lYXJieRACGAQgAA,Not contacted,,,,
P1,AVNEESH KUMAR SWIGGY SERVICE,restaurant,"Kitchen helper, dishwasher, waiter, delivery boy",092609 85045,"Shop No -32, Namvardar Market, near Sahara Mall, Sector 28, Chakkarpur, Gurugram, Haryana 122002, India",https://maps.google.com/?cid=17249255248427244220&g_mp=Cilnb29nbGUubWFwcy5wbGFjZXMudjEuUGxhY2VzLlNlYXJjaE5lYXJieRACGAQgAA,Not contacted,,,,
P1,Balanced Bite,restaurant,"Kitchen helper, dishwasher, waiter, delivery boy",096678 98008,"Lower Ground, DLF Moulsari Arcade, DLF Phase 3, Sector 24, Gurugram, Haryana 122010, India",https://maps.google.com/?cid=11382383701215679739&g_mp=Cilnb29nbGUubWFwcy5wbGFjZXMudjEuUGxhY2VzLlNlYXJjaE5lYXJieRACGAQgAA,Not contacted,,,,
P1,Basil Health,restaurant,"Kitchen helper, dishwasher, waiter, delivery boy",084477 22196,"Second floor, Food court, Ambience Island, DLF Phase 3, Sector 24, Gurugram, Haryana 122010, India",https://maps.google.com/?cid=12855083058714202376&g_mp=Cilnb29nbGUubWFwcy5wbGFjZXMudjEuUGxhY2VzLlNlYXJjaE5lYXJieRACGAQgAA,Not contacted,,,,
P1,Between 2 buns,restaurant,"Kitchen helper, dishwasher, waiter, delivery boy",098090 00901,"V-23/1, V block, Sector 24, DLF phase 3 Gurgaon - 122001, DLF Phase 3, Sector 24, Gurugram, Haryana 122002, India",https://maps.google.com/?cid=9832644792909154820&g_mp=Cilnb29nbGUubWFwcy5wbGFjZXMudjEuUGxhY2VzLlNlYXJjaE5lYXJieRACGAQgAA,Not contacted,,,,
P1,Brijwasi Fast Food,restaurant,"Kitchen helper, dishwasher, waiter, delivery boy",095682 46540,"near Old Delhi Road, Udyog Vihar Phase 1, Udyog Vihar, Sector 20, Gurugram, Haryana 122016, India",https://maps.google.com/?cid=9889523488906501052&g_mp=Cilnb29nbGUubWFwcy5wbGFjZXMudjEuUGxhY2VzLlNlYXJjaE5lYXJieRACGAQgAA,Not contacted,,,,
P1,cafe coffee day,restaurant,"Kitchen helper, dishwasher, waiter, delivery boy",092668 76692,"213, U 60 Rd, U Block, DLF Phase 3, Sector 24, Gurugram, Haryana 122002, India",https://maps.google.com/?cid=4740950305112895757&g_mp=Cilnb29nbGUubWFwcy5wbGFjZXMudjEuUGxhY2VzLlNlYXJjaE5lYXJieRACGAQgAA,Not contacted,,,,
P1,Curry culture,restaurant,"Kitchen helper, dishwasher, waiter, delivery boy",081785 96098,"Speed Kitchen, 651, Udyog Vihar Phase V Rd, Udyog Vihar 3, Phase V, Udyog Vihar, Sector 19, Gurugram, Haryana 122016, India",https://maps.google.com/?cid=1394805213696381696&g_mp=Cilnb29nbGUubWFwcy5wbGFjZXMudjEuUGxhY2VzLlNlYXJjaE5lYXJieRACGAQgAA,Not contacted,,,,
P1,Divyansh bhature,restaurant,"Kitchen helper, dishwasher, waiter, delivery boy",073030 58782,"Nathupur, Sector 24, Gurugram, Haryana 122010, India",https://maps.google.com/?cid=18148276094428942633&g_mp=Cilnb29nbGUubWFwcy5wbGFjZXMudjEuUGxhY2VzLlNlYXJjaE5lYXJieRACGAQgAA,Not contacted,,,,
P1,Food Adda26,restaurant,"Kitchen helper, dishwasher, waiter, delivery boy",098187 33041,"MG Road, Main Market, near by Metro Pillar No. 63, Sikanderpur, DLF Phase 1, Sector 26, Gurugram, Haryana 122002, India",https://maps.google.com/?cid=8097710189771456544&g_mp=Cilnb29nbGUubWFwcy5wbGFjZXMudjEuUGxhY2VzLlNlYXJjaE5lYXJieRACGAQgAA,Not contacted,,,,
P1,Gaye Mata Ki Rasoi,restaurant,"Kitchen helper, dishwasher, waiter, delivery boy",072899 27974,"Plot 1A, Lane 2, near Sector 17, Sarhaul, Sector 18, Gurugram, Haryana 122015, India",https://maps.google.com/?cid=4652770177483581426&g_mp=Cilnb29nbGUubWFwcy5wbGFjZXMudjEuUGxhY2VzLlNlYXJjaE5lYXJieRACGAQgAA,Not contacted,,,,
P1,GOODGAON (BILLU'S PARANTHA),restaurant,"Kitchen helper, dishwasher, waiter, delivery boy",078275 65203,"Shop No. 1Shree, Krishna Chowk, Anfilco Housing Colony, Sector 22A, Sector 22, Gurugram, Haryana 122022, India",https://maps.google.com/?cid=2530156320808020333&g_mp=Cilnb29nbGUubWFwcy5wbGFjZXMudjEuUGxhY2VzLlNlYXJjaE5lYXJieRACGAQgAA,Not contacted,,,,
P1,Happy Ratio | Udyog Vihar Gurgaon,restaurant,"Kitchen helper, dishwasher, waiter, delivery boy",078277 53669,"Plot 651 & 652, Udyog Vihar 3, Udyog Vihar, Sector 19, Gurugram, Haryana 122016, India",https://maps.google.com/?cid=16307789150224162288&g_mp=Cilnb29nbGUubWFwcy5wbGFjZXMudjEuUGxhY2VzLlNlYXJjaE5lYXJieRACGAQgAA,Not contacted,,,,
P1,House Of Chaap,restaurant,"Kitchen helper, dishwasher, waiter, delivery boy",092169 59549,"111, U Block, DLF Phase 3, Sector 24, Gurugram, Haryana 122002, India",https://maps.google.com/?cid=7914471783684889453&g_mp=Cilnb29nbGUubWFwcy5wbGFjZXMudjEuUGxhY2VzLlNlYXJjaE5lYXJieRACGAQgAA,Not contacted,,,,
P1,Jivika Gernal And Tea Stall,restaurant,"Kitchen helper, dishwasher, waiter, delivery boy",073004 66978,"Shop No.45, Balveer Market, Nathupur, Sector 24, Gurugram, Haryana 122002, India",https://maps.google.com/?cid=12512616422225997731&g_mp=Cilnb29nbGUubWFwcy5wbGFjZXMudjEuUGxhY2VzLlNlYXJjaE5lYXJieRACGAQgAA,Not contacted,,,,
P1,Laidback Cafe - Ambience Mall,restaurant,"Kitchen helper, dishwasher, waiter, delivery boy",082870 38856,"3rd Floor, Ambience Mall, NH 8, Ambience Island, DLF Phase 3, Sector 24, Gurugram, Haryana 122002, India",https://maps.google.com/?cid=426777529727463665&g_mp=Cilnb29nbGUubWFwcy5wbGFjZXMudjEuUGxhY2VzLlNlYXJjaE5lYXJieRACGAQgAA,Not contacted,,,,
P1,LAXMI HOTEL,restaurant,"Kitchen helper, dishwasher, waiter, delivery boy",098910 68147,"Shop No-17, near Union Bank, Saraswati Vihar, Maruti Housing Colony, Gurugram, Haryana 122002, India",https://maps.google.com/?cid=2738553516296504156&g_mp=Cilnb29nbGUubWFwcy5wbGFjZXMudjEuUGxhY2VzLlNlYXJjaE5lYXJieRACGAQgAA,Not contacted,,,,
P1,Lynx Gurugram | BYOB,restaurant,"Kitchen helper, dishwasher, waiter, delivery boy",098736 11551,"UNIT NO 1, Udyog Vihar Phase III, near RADISSON HOTEL, Kapas Hera Estate, Gurugram, Haryana 122022, India",https://maps.google.com/?cid=5359065189312323330&g_mp=Cilnb29nbGUubWFwcy5wbGFjZXMudjEuUGxhY2VzLlNlYXJjaE5lYXJieRACGAQgAA,Not contacted,,,,
P1,Niko - Modern Asian,restaurant,"Kitchen helper, dishwasher, waiter, delivery boy",099100 16717,"The Kitchens, Ground Floor, Tower A, Global Gateway Towers, Mehrauli-Gurgaon Rd, Sikanderpur, Sector 26, Gurugram, Haryana 122002, India",https://maps.google.com/?cid=5455108152627346429&g_mp=Cilnb29nbGUubWFwcy5wbGFjZXMudjEuUGxhY2VzLlNlYXJjaE5lYXJieRACGAQgAA,Not contacted,,,,
P1,NIRAJ PANDAY SWIGGY SERVICE,restaurant,"Kitchen helper, dishwasher, waiter, delivery boy",062054 28661,"Shop No -25, Nambardar Road, Sector 28, Chakkarpur, Gurugram, Haryana 122002, India",https://maps.google.com/?cid=4842206219773814525&g_mp=Cilnb29nbGUubWFwcy5wbGFjZXMudjEuUGxhY2VzLlNlYXJjaE5lYXJieRACGAQgAA,Not contacted,,,,
P1,OMI by Aldott,restaurant,"Kitchen helper, dishwasher, waiter, delivery boy",088008 87353,"5th Floor, The Aldott, 81, Moulsari Ave, DLF Phase 3, Sector 24, Gurugram, Haryana 122002, India",https://maps.google.com/?cid=774273037069650918&g_mp=Cilnb29nbGUubWFwcy5wbGFjZXMudjEuUGxhY2VzLlNlYXJjaE5lYXJieRACGAQgAA,Not contacted,,,,
P1,𝐏𝐔𝐊𝐇𝐓𝐀𝐀𝐍 𝐒𝐄𝐂𝐓𝐎𝐑 𝟐𝟐- 𝐋𝐄𝐆𝐀𝐂𝐘 𝐎𝐅 𝐏𝐀𝐃𝐌𝐀𝐒𝐇𝐑𝐈 𝐂𝐇𝐄𝐅 𝐈𝐌𝐓𝐈𝐀𝐙 𝐐𝐔𝐑𝐄𝐒𝐇𝐈,restaurant,"Kitchen helper, dishwasher, waiter, delivery boy",093553 00900,"Shop-1, Shiv ashram compound, Old Delhi Gurugram Rd, near sector-22, Sector 22A, Sector 22, Gurugram, Haryana 122016, India",https://maps.google.com/?cid=15213431180214324977&g_mp=Cilnb29nbGUubWFwcy5wbGFjZXMudjEuUGxhY2VzLlNlYXJjaE5lYXJieRACGAQgAA,Not contacted,,,,
P1,Pushpendra Tea Stall,restaurant,"Kitchen helper, dishwasher, waiter, delivery boy",098707 55437,"Shop No.55, Phase IV, Udyog Vihar, Sector 19, Gurugram, Haryana 122015, India",https://maps.google.com/?cid=3460482523470694298&g_mp=Cilnb29nbGUubWFwcy5wbGFjZXMudjEuUGxhY2VzLlNlYXJjaE5lYXJieRACGAQgAA,Not contacted,,,,
P1,R.K Tea Stall,restaurant,"Kitchen helper, dishwasher, waiter, delivery boy",093048 40233,"Plot No.199, Udyog Vihar II Rd, Udyog Vihar Phase 1, Udyog Vihar, Sector 20, Gurugram, Haryana 122016, India",https://maps.google.com/?cid=989567045149351167&g_mp=Cilnb29nbGUubWFwcy5wbGFjZXMudjEuUGxhY2VzLlNlYXJjaE5lYXJieRACGAQgAA,Not contacted,,,,
P1,RAUSHAN KUMAR SWIGGY SERVICE,restaurant,"Kitchen helper, dishwasher, waiter, delivery boy",088640 89385,"Shop No -14, near Sahara Mall, Sector 28, Chakkarpur, Sector 26, Gurugram, Haryana 122002, India",https://maps.google.com/?cid=11893575988345791360&g_mp=Cilnb29nbGUubWFwcy5wbGFjZXMudjEuUGxhY2VzLlNlYXJjaE5lYXJieRACGAQgAA,Not contacted,,,,
P1,Roast & Curry,restaurant,"Kitchen helper, dishwasher, waiter, delivery boy",097111 10279,"Shop no 1, Housing Board Colony, market, Gurugram, Haryana 122002, India",https://maps.google.com/?cid=13570691240716791789&g_mp=Cilnb29nbGUubWFwcy5wbGFjZXMudjEuUGxhY2VzLlNlYXJjaE5lYXJieRACGAQgAA,Not contacted,,,,
P1,Sachin Briyani,restaurant,"Kitchen helper, dishwasher, waiter, delivery boy",078958 54314,"near Metro Station, Sikanderpur, DLF Phase 1, Sector 26, Gurugram, Haryana 122002, India",https://maps.google.com/?cid=497110517516547899&g_mp=Cilnb29nbGUubWFwcy5wbGFjZXMudjEuUGxhY2VzLlNlYXJjaE5lYXJieRACGAQgAA,Not contacted,,,,
P1,SHRI KHATU SHYAM JI BREAK FAST LUNCH DINNER,restaurant,"Kitchen helper, dishwasher, waiter, delivery boy",098180 59654,"OPP GURGAON ONE, Old Delhi Gurugram Rd, Palam Vihar Extension, Gurugram, Haryana 122015, India",https://maps.google.com/?cid=3490303173670636494&g_mp=Cilnb29nbGUubWFwcy5wbGFjZXMudjEuUGxhY2VzLlNlYXJjaE5lYXJieRACGAQgAA,Not contacted,,,,
P1,Somdhara Hospitality Pvt Ltd,restaurant,"Kitchen helper, dishwasher, waiter, delivery boy",070117 58704,"H NO 301, Gulmohar Residency, Sector 22A, Sector 22, Gurugram, Haryana 122015, India",https://maps.google.com/?cid=9118440189694791267&g_mp=Cilnb29nbGUubWFwcy5wbGFjZXMudjEuUGxhY2VzLlNlYXJjaE5lYXJieRACGAQgAA,Not contacted,,,,
P1,SUSHIL SAH SWIGGY SERVICE,restaurant,"Kitchen helper, dishwasher, waiter, delivery boy",085275 56256,"Shop No -43, near Sahara Mall, Sector 28, Chakkarpur, Sector 26, Gurugram, Haryana 122002, India",https://maps.google.com/?cid=15699905583054030520&g_mp=Cilnb29nbGUubWFwcy5wbGFjZXMudjEuUGxhY2VzLlNlYXJjaE5lYXJieRACGAQgAA,Not contacted,,,,
P1,Taco Bell,restaurant,"Kitchen helper, dishwasher, waiter, delivery boy",084489 92836,"3rd Floor, Ambience Mall, NH 8, Ambience Island, DLF Phase 3, Sector 24, Gurugram, Haryana 122002, India",https://maps.google.com/?cid=11964046786663401295&g_mp=Cilnb29nbGUubWFwcy5wbGFjZXMudjEuUGxhY2VzLlNlYXJjaE5lYXJieRACGAQgAA,Not contacted,,,,
P1,Tamarind Foods,restaurant,"Kitchen helper, dishwasher, waiter, delivery boy",099018 66770,"651, Ground Floor, K-08, IDPL Twp, Sector 22A, Sector 19, Gurugram, Haryana 122001, India",https://maps.google.com/?cid=9190567799417353394&g_mp=Cilnb29nbGUubWFwcy5wbGFjZXMudjEuUGxhY2VzLlNlYXJjaE5lYXJieRACGAQgAA,Not contacted,,,,
P1,Taste of Tongue by Ma says Chinese,restaurant,"Kitchen helper, dishwasher, waiter, delivery boy",092664 52369,"B 23, Udyog Vihar Phase V Rd, Phase V, Udyog Vihar, Sector 19, Gurugram, Haryana 122016, India",https://maps.google.com/?cid=7076331602902621398&g_mp=Cilnb29nbGUubWFwcy5wbGFjZXMudjEuUGxhY2VzLlNlYXJjaE5lYXJieRACGAQgAA,Not contacted,,,,
P1,"The Croffle Guys | Udyog Vihar, Cloud Kitchen",restaurant,"Kitchen helper, dishwasher, waiter, delivery boy",093548 55455,"651, Udyog Vihar Phase V Rd, Udyog Vihar 3, Phase V, Udyog Vihar, Sector 19, Gurugram, Haryana 122016, India",https://maps.google.com/?cid=13064431075310700087&g_mp=Cilnb29nbGUubWFwcy5wbGFjZXMudjEuUGxhY2VzLlNlYXJjaE5lYXJieRACGAQgAA,Not contacted,,,,
P1,The Fio Table - Gurugram,restaurant,"Kitchen helper, dishwasher, waiter, delivery boy",093118 47292,"Unit No. 2, Ground Floor, Global Gateway Towers, A, Mehrauli-Gurgaon Rd, Sikanderpur, Sector 26, Gurugram, Haryana 122002, India",https://maps.google.com/?cid=6259812237938494333&g_mp=Cilnb29nbGUubWFwcy5wbGFjZXMudjEuUGxhY2VzLlNlYXJjaE5lYXJieRACGAQgAA,Not contacted,,,,
P1,The Food Corner,restaurant,"Kitchen helper, dishwasher, waiter, delivery boy",099907 49508,"Sector 18, Gurugram, Haryana 122015, India",https://maps.google.com/?cid=8497682003740311337&g_mp=Cilnb29nbGUubWFwcy5wbGFjZXMudjEuUGxhY2VzLlNlYXJjaE5lYXJieRACGAQgAA,Not contacted,,,,
P1,The Sweet Space,restaurant,"Kitchen helper, dishwasher, waiter, delivery boy",074282 24400,"47, K-10, Phase I, DLF Phase 2, Sector 25, Gurugram, Haryana 122002, India",https://maps.google.com/?cid=15922300211128414396&g_mp=Cilnb29nbGUubWFwcy5wbGFjZXMudjEuUGxhY2VzLlNlYXJjaE5lYXJieRACGAQgAA,Not contacted,,,,
P1,Veggie Delight,restaurant,"Kitchen helper, dishwasher, waiter, delivery boy",098110 30055,"Cyber city, 69A, Siris Rd, near Mehrauli-Gurgaon Road, DLF Phase 3, Sector 24, Gurugram, Haryana 122010, India",https://maps.google.com/?cid=3832572480757126914&g_mp=Cilnb29nbGUubWFwcy5wbGFjZXMudjEuUGxhY2VzLlNlYXJjaE5lYXJieRACGAQgAA,Not contacted,,,,
P1,Well Served,restaurant,"Kitchen helper, dishwasher, waiter, delivery boy",096433 25256,"Kitchen No.27, Plot, 651, Udyog Vihar Phase V Rd, Udyog Vihar 3, Udyog Vihar, Sector 19, Gurugram, Haryana 122016, India",https://maps.google.com/?cid=488429392517653251&g_mp=Cilnb29nbGUubWFwcy5wbGFjZXMudjEuUGxhY2VzLlNlYXJjaE5lYXJieRACGAQgAA,Not contacted,,,,
P1,Yadav Restaurant,restaurant,"Kitchen helper, dishwasher, waiter, delivery boy",088814 14222,"U1/39, 40, Balveer Market, U Block, DLF Phase 3, Sector 24, Gurugram, Haryana 122002, India",https://maps.google.com/?cid=257841834022415140&g_mp=Cilnb29nbGUubWFwcy5wbGFjZXMudjEuUGxhY2VzLlNlYXJjaE5lYXJieRACGAQgAA,Not contacted,,,,
P1,Manna dosa point,south_indian_restaurant,"Kitchen helper, dishwasher, waiter, delivery boy",092177 99844,"MANA DOSA POINT, Shop no -11, Lohia Market, NR Road, DLF Phase, 3, DLF Phase 3, Sector 24, Gurugram, Haryana 122010, India",https://maps.google.com/?cid=18360527796980829994&g_mp=Cilnb29nbGUubWFwcy5wbGFjZXMudjEuUGxhY2VzLlNlYXJjaE5lYXJieRACGAQgAA,Not contacted,,,,
P1,SOUTH INDIAN FOOD,south_indian_restaurant,"Kitchen helper, dishwasher, waiter, delivery boy",073488 78292,"G37Q+G7R, Udyog Vihar, Sector 20, Gurugram, Haryana 122016, India",https://maps.google.com/?cid=6953237946091581363&g_mp=Cilnb29nbGUubWFwcy5wbGFjZXMudjEuUGxhY2VzLlNlYXJjaE5lYXJieRACGAQgAA,Not contacted,,,,
P1,The Anna's Hut,south_indian_restaurant,"Kitchen helper, dishwasher, waiter, delivery boy",083686 93202,"U-16/31, 32, near Yadav Properties, U Block, DLF Phase 3, Sector 24, Gurugram, Haryana 122002, India",https://maps.google.com/?cid=15315028223252708110&g_mp=Cilnb29nbGUubWFwcy5wbGFjZXMudjEuUGxhY2VzLlNlYXJjaE5lYXJieRACGAQgAA,Not contacted,,,,
P1,Easy Tiger by Boraan Thai,thai_restaurant,"Kitchen helper, dishwasher, waiter, delivery boy",092661 21836,"Global Gateway Towers, Mehrauli-Gurgaon Rd, Sikanderpur, Sector 26, Gurugram, Haryana 122002, India",https://maps.google.com/?cid=4692119090423543004&g_mp=Cilnb29nbGUubWFwcy5wbGFjZXMudjEuUGxhY2VzLlNlYXJjaE5lYXJieRACGAQgAA,Not contacted,,,,
P1,Guddu Shop,vegetarian_restaurant,"Kitchen helper, dishwasher, waiter, delivery boy",092087 95084,"Shop No 2, Udyog Vihar Phase 1, Dundahera Village, Sector 20, Gurugram, Haryana 122016, India",https://maps.google.com/?cid=1087871609873241239&g_mp=Cilnb29nbGUubWFwcy5wbGFjZXMudjEuUGxhY2VzLlNlYXJjaE5lYXJieRACGAQgAA,Not contacted,,,,
P1,Khana khazana dhaba,vegetarian_restaurant,"Kitchen helper, dishwasher, waiter, delivery boy",080570 79836,"832, Shri Ganesh Mandir Marg, A Block, Chakkarpur, Gurugram, Haryana 122002, India",https://maps.google.com/?cid=1725062068626703743&g_mp=Cilnb29nbGUubWFwcy5wbGFjZXMudjEuUGxhY2VzLlNlYXJjaE5lYXJieRACGAQgAA,Not contacted,,,,
P1,Pandit dabha,vegetarian_restaurant,"Kitchen helper, dishwasher, waiter, delivery boy",085120 25613,"Ganpact, Phase-4, Maruti Udyog, Sector 18, Gurugram, Haryana 122015, India",https://maps.google.com/?cid=11235442113325521863&g_mp=Cilnb29nbGUubWFwcy5wbGFjZXMudjEuUGxhY2VzLlNlYXJjaE5lYXJieRACGAQgAA,Not contacted,,,,
P1,The Village Cafe,vegetarian_restaurant,"Kitchen helper, dishwasher, waiter, delivery boy",099900 08431,"F3RQ+QF9, DLF Cyber City, DLF Phase 2, Sector 24, Gurugram, Haryana 122002, India",https://maps.google.com/?cid=8407938046647594875&g_mp=Cilnb29nbGUubWFwcy5wbGFjZXMudjEuUGxhY2VzLlNlYXJjaE5lYXJieRACGAQgAA,Not contacted,,,,
P1,vaango,vegetarian_restaurant,"Kitchen helper, dishwasher, waiter, delivery boy",096602 93729,"Ambience Mall, NH 8, Ambience Island, DLF Phase 3, Sector 24, Gurugram, Haryana 122010, India",https://maps.google.com/?cid=18088696838326647294&g_mp=Cilnb29nbGUubWFwcy5wbGFjZXMudjEuUGxhY2VzLlNlYXJjaE5lYXJieRACGAQgAA,Not contacted,,,,
P1,Club Riviera by FNP Venues,wedding_venue,"Banquet staff, helpers, security, housekeeping",078278 12345,"NH - 8, Golf Dr, behind the leela Hotel Ambience, DLF Phase 3, Sector 24, Gurugram, Haryana 122010, India",https://maps.google.com/?cid=11325007856856792892&g_mp=Cilnb29nbGUubWFwcy5wbGFjZXMudjEuUGxhY2VzLlNlYXJjaE5lYXJieRACGAQgAA,Not contacted,,,,
P1,Weddingaro,wedding_venue,"Banquet staff, helpers, security, housekeeping",072900 06773,"37, Siris Rd, T Block, DLF Phase 3, Sector 24, Gurugram, Haryana 122002, India",https://maps.google.com/?cid=3748332163537240361&g_mp=Cilnb29nbGUubWFwcy5wbGFjZXMudjEuUGxhY2VzLlNlYXJjaE5lYXJieRACGAQgAA,Not contacted,,,,
P2,Kim store,asian_grocery_store,"Store helper, packer, loader, delivery",070853 92360,"near by government primary school, Sikanderpur, DLF Phase 1, Sector 26, Sikanderpur Ghosi, Gurugram, Haryana 122002, India",https://maps.google.com/?cid=12201175276196487390&g_mp=Cilnb29nbGUubWFwcy5wbGFjZXMudjEuUGxhY2VzLlNlYXJjaE5lYXJieRACGAQgAA,Not contacted,,,,
P2,Savitri General Store,asian_grocery_store,"Store helper, packer, loader, delivery",098916 93568,"PLOT NO-129, 130 UDYOG VIHAR PHASE-1, OYO 41142, STAR INN, INDUSTRIAL AREA, Dundahera Village, Sector 20, Gurugram, Haryana 122016, India",https://maps.google.com/?cid=15060291635429739545&g_mp=Cilnb29nbGUubWFwcy5wbGFjZXMudjEuUGxhY2VzLlNlYXJjaE5lYXJieRACGAQgAA,Not contacted,,,,
P2,Vardaan Foods,asian_grocery_store,"Store helper, packer, loader, delivery",092661 59868,"Building No. 793, Road DLF Phase-III, U27, Nathupur, Sector 24, Gurugram, Haryana 122002, India",https://maps.google.com/?cid=4088415507468090477&g_mp=Cilnb29nbGUubWFwcy5wbGFjZXMudjEuUGxhY2VzLlNlYXJjaE5lYXJieRACGAQgAA,Not contacted,,,,
P2,Style onn salon,barber_shop,"Store helper, packer, loader, delivery",081928 27707,"Lane Number 7, near Genpact, Sector 18, Gurugram, Haryana 122015, India",https://maps.google.com/?cid=13161069812916255939&g_mp=Cilnb29nbGUubWFwcy5wbGFjZXMudjEuUGxhY2VzLlNlYXJjaE5lYXJieRACGAQgAA,Not contacted,,,,
P2,Buddha Beauty Point,beauty_salon,"Receptionist, helper, housekeeping",098996 58383,"LG-46A, MGF Metropolis Mall, Mehrauli-Gurgaon Rd, Sector 28, Maruti Housing Colony, Gurugram, Haryana 122009, India",https://maps.google.com/?cid=18220783643901149560&g_mp=Cilnb29nbGUubWFwcy5wbGFjZXMudjEuUGxhY2VzLlNlYXJjaE5lYXJieRACGAQgAA,Not contacted,,,,
P2,"CUT&STYLE Salon - DLF Phase 2, Gurugram",beauty_salon,"Receptionist, helper, housekeeping",078258 93533,"Shop No 270 Central Arcade Market, DLF Phase 2, Sector 25, Gurugram, Haryana 122002, India",https://maps.google.com/?cid=2342252223959487960&g_mp=Cilnb29nbGUubWFwcy5wbGFjZXMudjEuUGxhY2VzLlNlYXJjaE5lYXJieRACGAQgAA,Not contacted,,,,
P2,Neha Beauty Parlour,beauty_salon,"Receptionist, helper, housekeeping",097186 28990,"Street No. 1, 44 Block, Nathupur, Sector 24, Gurugram, Haryana 122002, India",https://maps.google.com/?cid=7527458004594637957&g_mp=Cilnb29nbGUubWFwcy5wbGFjZXMudjEuUGxhY2VzLlNlYXJjaE5lYXJieRACGAQgAA,Not contacted,,,,
P2,Roots,beauty_salon,"Receptionist, helper, housekeeping",092550 00023,"N3/27A, DLF Phase 2, Sector 25, Gurugram, Haryana 122002, India",https://maps.google.com/?cid=454592679140115933&g_mp=Cilnb29nbGUubWFwcy5wbGFjZXMudjEuUGxhY2VzLlNlYXJjaE5lYXJieRACGAQgAA,Not contacted,,,,
P2,scissor art salon,beauty_salon,"Receptionist, helper, housekeeping",098118 60015,"shop no 1, block no 50, 2, Mehrauli-Gurgaon Rd, near herwa office, Heritage City, Sector 25, Gurugram, Haryana 122002, India",https://maps.google.com/?cid=6605650933433324472&g_mp=Cilnb29nbGUubWFwcy5wbGFjZXMudjEuUGxhY2VzLlNlYXJjaE5lYXJieRACGAQgAA,Not contacted,,,,
P2,Wilson's Personal Care Unisex Salon,beauty_salon,"Receptionist, helper, housekeeping",099997 93666,"Shop No.1, Block 50, Heritage City, Sector 25, Gurugram, Haryana 122002, India",https://maps.google.com/?cid=5789315171517581505&g_mp=Cilnb29nbGUubWFwcy5wbGFjZXMudjEuUGxhY2VzLlNlYXJjaE5lYXJieRACGAQgAA,Not contacted,,,,
P2,Biryani House,butcher_shop,"Store helper, packer, loader, delivery",083950 90008,"16/8, U Block, DLF Phase 3, Sector 24, Gurugram, Haryana 122002, India",https://maps.google.com/?cid=7980274320240788407&g_mp=Cilnb29nbGUubWFwcy5wbGFjZXMudjEuUGxhY2VzLlNlYXJjaE5lYXJieRACGAQgAA,Not contacted,,,,
P2,Shaan Bakery,cake_shop,"Store helper, packer, loader, delivery",097259 03548,"First floor, Vatika emilia floor, 29, H-10 Rd, Block H, DLF Phase 1, Sector 26, Gurugram, Haryana 122002, India",https://maps.google.com/?cid=17678071585577589897&g_mp=Cilnb29nbGUubWFwcy5wbGFjZXMudjEuUGxhY2VzLlNlYXJjaE5lYXJieRACGAQgAA,Not contacted,,,,
P2,"Batido- The shake paradise, Gurugram",coffee_shop,"Store helper, packer, loader, delivery",099589 93144,"Kapashera - Samalkha Rd, Estate 112, Udyog Vihar Phase 1, Sector 20, Gurugram, Haryana 122016, India",https://maps.google.com/?cid=2718954499776421948&g_mp=Cilnb29nbGUubWFwcy5wbGFjZXMudjEuUGxhY2VzLlNlYXJjaE5lYXJieRACGAQgAA,Not contacted,,,,
P2,On the Go | Atrium Place,coffee_shop,"Store helper, packer, loader, delivery",098710 81033,"F3XQ+V96, Phase V, Udyog Vihar, Sector 19, Gurugram, Haryana 122016, India",https://maps.google.com/?cid=16046356867043908154&g_mp=Cilnb29nbGUubWFwcy5wbGFjZXMudjEuUGxhY2VzLlNlYXJjaE5lYXJieRACGAQgAA,Not contacted,,,,
P2,Subhash Tea Stall,coffee_shop,"Store helper, packer, loader, delivery",073708 81344,"Shop No 2, Udyog Vihar III, Sector 20, Gurugram, Haryana 122016, India",https://maps.google.com/?cid=11981814966660830088&g_mp=Cilnb29nbGUubWFwcy5wbGFjZXMudjEuUGxhY2VzLlNlYXJjaE5lYXJieRACGAQgAA,Not contacted,,,,
P2,7 Ocean - The Fitness Club,fitness_center,"Front desk, housekeeping, trainer assistant",070078 00002,"Metro Station, A-81, Mehrauli-Gurgaon Rd, Sector 28, Sushant Lok Phase I, Gurugram, Haryana 122009, India",https://maps.google.com/?cid=13532042256246769816&g_mp=Cilnb29nbGUubWFwcy5wbGFjZXMudjEuUGxhY2VzLlNlYXJjaE5lYXJieRACGAQgAA,Not contacted,,,,
P2,ExtremeFitness,fitness_center,"Front desk, housekeeping, trainer assistant",081687 76946,"lohmad house, T14/9, 122002, Nathupur, Sector 24, Gurugram, Haryana 122002, India",https://maps.google.com/?cid=7572739498694841502&g_mp=Cilnb29nbGUubWFwcy5wbGFjZXMudjEuUGxhY2VzLlNlYXJjaE5lYXJieRACGAQgAA,Not contacted,,,,
P2,Fitzee,fitness_center,"Front desk, housekeeping, trainer assistant",073034 72358,"336, Phase IV, Udyog Vihar, Sector 18, Gurugram, Haryana 122015, India",https://maps.google.com/?cid=17641680512161260329&g_mp=Cilnb29nbGUubWFwcy5wbGFjZXMudjEuUGxhY2VzLlNlYXJjaE5lYXJieRACGAQgAA,Not contacted,,,,
P2,Guru Fitness l Best Gym DLF Phase 3 l Gym in Gurgaon,fitness_center,"Front desk, housekeeping, trainer assistant",082878 05723,"F4X3+9P9, DLF Phase 3, Sector 24, Gurugram, Haryana 122010, India",https://maps.google.com/?cid=8056859095997161468&g_mp=Cilnb29nbGUubWFwcy5wbGFjZXMudjEuUGxhY2VzLlNlYXJjaE5lYXJieRACGAQgAA,Not contacted,,,,
P2,Rudrapeeth Yoga Center,fitness_center,"Front desk, housekeeping, trainer assistant",085950 41803,"48, U-14 Rd, U Block, DLF Phase 3, Sector 24, Gurugram, Haryana 122002, India",https://maps.google.com/?cid=10676656886126473102&g_mp=Cilnb29nbGUubWFwcy5wbGFjZXMudjEuUGxhY2VzLlNlYXJjaE5lYXJieRACGAQgAA,Not contacted,,,,
P2,New Shivam general store,general_store,"Store helper, packer, loader, delivery",099101 44398,"Lovely cuber cafe ,28,gurugram Chakkarpur gurugram Yadav chaupal house number 843 Chakkarpur gurugram Yadav chaupal house number 843 SB public school located Yadav chaupal house number 843, Sector 28, Chakkarpur, Gurugram, Haryana 122002, India",https://maps.google.com/?cid=5852863136562718024&g_mp=Cilnb29nbGUubWFwcy5wbGFjZXMudjEuUGxhY2VzLlNlYXJjaE5lYXJieRACGAQgAA,Not contacted,,,,
P2,Ajay Singh,grocery_store,"Store helper, packer, loader, delivery",099993 84169,"F3FP+G8W, NH 48, near numberdar house, Sector 28, Chakkarpur, Gurugram, Haryana 122002, India",https://maps.google.com/?cid=3906367493295308800&g_mp=Cilnb29nbGUubWFwcy5wbGFjZXMudjEuUGxhY2VzLlNlYXJjaE5lYXJieRACGAQgAA,Not contacted,,,,
P2,Balam Auto Works,grocery_store,"Store helper, packer, loader, delivery",070180 96252,"Road Shimla, Sector 21, Gurugram, Haryana 122016, India",https://maps.google.com/?cid=10822880727266251561&g_mp=Cilnb29nbGUubWFwcy5wbGFjZXMudjEuUGxhY2VzLlNlYXJjaE5lYXJieRACGAQgAA,Not contacted,,,,
P2,Divya General Store & Vegetables,grocery_store,"Store helper, packer, loader, delivery",072898 28239,"v block, V Block, DLF Phase 3, Sector 24, Gurugram, Haryana 122010, India",https://maps.google.com/?cid=9676905993901246318&g_mp=Cilnb29nbGUubWFwcy5wbGFjZXMudjEuUGxhY2VzLlNlYXJjaE5lYXJieRACGAQgAA,Not contacted,,,,
P2,JPG Enterprises,grocery_store,"Store helper, packer, loader, delivery",099106 54743,"Shop 156 N, Udyog Vihar Phase 1, Udyog Vihar, Sector 20, Gurugram, Haryana 122016, India",https://maps.google.com/?cid=5311266754522019423&g_mp=Cilnb29nbGUubWFwcy5wbGFjZXMudjEuUGxhY2VzLlNlYXJjaE5lYXJieRACGAQgAA,Not contacted,,,,
P2,Nikhil,grocery_store,"Store helper, packer, loader, delivery",094186 49882,"Shimla Road, Sector 21, Gurugram, Haryana 122016, India",https://maps.google.com/?cid=1580968161021414413&g_mp=Cilnb29nbGUubWFwcy5wbGFjZXMudjEuUGxhY2VzLlNlYXJjaE5lYXJieRACGAQgAA,Not contacted,,,,
P2,Rakhi Devi Shop,grocery_store,"Store helper, packer, loader, delivery",093197 71963,"Rakhi Devi Shop, Ambedkar Colony, Sector 28, Chakkarpur, Gurugram, Haryana 122002, India",https://maps.google.com/?cid=16169535734979307196&g_mp=Cilnb29nbGUubWFwcy5wbGFjZXMudjEuUGxhY2VzLlNlYXJjaE5lYXJieRACGAQgAA,Not contacted,,,,
P2,Ravi store,grocery_store,"Store helper, packer, loader, delivery",099718 44990,"2, Jangra Bazar, Dundahera Village, Sector 20, Gurugram, Haryana 122016, India",https://maps.google.com/?cid=5877100820134442002&g_mp=Cilnb29nbGUubWFwcy5wbGFjZXMudjEuUGxhY2VzLlNlYXJjaE5lYXJieRACGAQgAA,Not contacted,,,,
P2,Rupesh Pan Shop,grocery_store,"Store helper, packer, loader, delivery",093541 69061,"Rupesh Pan Shop, Sabji Mandi, Sikanderpur, Nathupur, Sector 24, Gurugram, Haryana 122002, India",https://maps.google.com/?cid=16822496902980155656&g_mp=Cilnb29nbGUubWFwcy5wbGFjZXMudjEuUGxhY2VzLlNlYXJjaE5lYXJieRACGAQgAA,Not contacted,,,,
P2,Sameer Kirana Store,grocery_store,"Store helper, packer, loader, delivery",095188 90925,"Shop Number 48, Phase I, Dundahera Village, Sector 20, Gurugram, Haryana 122016, India",https://maps.google.com/?cid=13919455764324874993&g_mp=Cilnb29nbGUubWFwcy5wbGFjZXMudjEuUGxhY2VzLlNlYXJjaE5lYXJieRACGAQgAA,Not contacted,,,,
P2,Suhail Khan Shop,grocery_store,"Store helper, packer, loader, delivery",084451 72969,"Suhail Khan Shop, near Mg Metro, DLF Phase 2, Sector 25, Gurugram, Haryana 122002, India",https://maps.google.com/?cid=4895142053118817296&g_mp=Cilnb29nbGUubWFwcy5wbGFjZXMudjEuUGxhY2VzLlNlYXJjaE5lYXJieRACGAQgAA,Not contacted,,,,
P2,Virasat,grocery_store,"Store helper, packer, loader, delivery",098100 24261,"29/1, Shahtoot Marg, DLF Phase 1, Sector 26A, Gurugram, Haryana 122002, India",https://maps.google.com/?cid=13326775281013871915&g_mp=Cilnb29nbGUubWFwcy5wbGFjZXMudjEuUGxhY2VzLlNlYXJjaE5lYXJieRACGAQgAA,Not contacted,,,,
P2,Atomic Health & Fitness Gym,gym,"Front desk, housekeeping, trainer assistant",088268 37563,"M-13, Block M, Mushedpur, DLF Phase 2, Sector 25, Gurugram, Haryana 122002, India",https://maps.google.com/?cid=15121769802576929703&g_mp=Cilnb29nbGUubWFwcy5wbGFjZXMudjEuUGxhY2VzLlNlYXJjaE5lYXJieRACGAQgAA,Not contacted,,,,
P2,"Fitness First Ambience Mall | Best gym in DLF Phase 3, Gurugram",gym,"Front desk, housekeeping, trainer assistant",099106 60803,"6th Floor, Ambience Mall, Gate No. 03 & 04, NH 48, Ambience Island, DLF Phase 3, Sector 24, Gurugram, Haryana 122010, India",https://maps.google.com/?cid=8364293576877616735&g_mp=Cilnb29nbGUubWFwcy5wbGFjZXMudjEuUGxhY2VzLlNlYXJjaE5lYXJieRACGAQgAA,Not contacted,,,,
P2,Knox Gurgaon,gym,"Front desk, housekeeping, trainer assistant",093155 22626,"Ground Floor, 393, Udyog Vihar Phase 3 Rd, Phase II, Udyog Vihar, Sector 20, Gurugram, Haryana 122016, India",https://maps.google.com/?cid=15768310906160257436&g_mp=Cilnb29nbGUubWFwcy5wbGFjZXMudjEuUGxhY2VzLlNlYXJjaE5lYXJieRACGAQgAA,Not contacted,,,,
P2,Made 2 Fit,gym,"Front desk, housekeeping, trainer assistant",098181 37179,"U-42 Rd, U Block, Nathupur, Sector 24, Gurugram, Haryana 122002, India",https://maps.google.com/?cid=6173903412606045375&g_mp=Cilnb29nbGUubWFwcy5wbGFjZXMudjEuUGxhY2VzLlNlYXJjaE5lYXJieRACGAQgAA,Not contacted,,,,
P2,Classic Hair Unisex Salon,hair_salon,"Receptionist, helper, housekeeping",082950 25986,"Shop No-1, Block B, Nathupur Rd, Nathupur, Sector 26A, Gurugram, Haryana 122010, India",https://maps.google.com/?cid=11826939181481920591&g_mp=Cilnb29nbGUubWFwcy5wbGFjZXMudjEuUGxhY2VzLlNlYXJjaE5lYXJieRACGAQgAA,Not contacted,,,,
P2,Dilip Hair Cutting Saloon,hair_salon,"Receptionist, helper, housekeeping",070420 63960,"6-98, Block A, Nathupur, Sector 26A, Gurugram, Haryana 122002, India",https://maps.google.com/?cid=1915434577540150937&g_mp=Cilnb29nbGUubWFwcy5wbGFjZXMudjEuUGxhY2VzLlNlYXJjaE5lYXJieRACGAQgAA,Not contacted,,,,
P2,Handsome Salon,hair_salon,"Receptionist, helper, housekeeping",084590 69437,"Wats Market, Tibri Mohala, Dundahera Village, Sector 20, Gurugram, Haryana 122016, India",https://maps.google.com/?cid=2625197942987977637&g_mp=Cilnb29nbGUubWFwcy5wbGFjZXMudjEuUGxhY2VzLlNlYXJjaE5lYXJieRACGAQgAA,Not contacted,,,,
P2,Joya Saloon,hair_salon,"Receptionist, helper, housekeeping",097601 99630,"Shop No-5, Old Delhi Rd, Dundahera Village, Sector 20, Gurugram, Haryana 122016, India",https://maps.google.com/?cid=10576538706976959312&g_mp=Cilnb29nbGUubWFwcy5wbGFjZXMudjEuUGxhY2VzLlNlYXJjaE5lYXJieRACGAQgAA,Not contacted,,,,
P2,Metro Hair Cutting Saloon,hair_salon,"Receptionist, helper, housekeeping",091366 93752,"Shop, Street No. 1, Nathupur, Sector 24, Gurugram, Haryana 122002, India",https://maps.google.com/?cid=17118814320311760797&g_mp=Cilnb29nbGUubWFwcy5wbGFjZXMudjEuUGxhY2VzLlNlYXJjaE5lYXJieRACGAQgAA,Not contacted,,,,
P2,Naim Hair Cutting Saloon,hair_salon,"Receptionist, helper, housekeeping",099582 65762,"Shop No 12, Sarhaul, Sector 18, Gurugram, Haryana 122015, India",https://maps.google.com/?cid=16881380112692553190&g_mp=Cilnb29nbGUubWFwcy5wbGFjZXMudjEuUGxhY2VzLlNlYXJjaE5lYXJieRACGAQgAA,Not contacted,,,,
P2,SAFIYA HAIR STYLE SALON UNISEX,hair_salon,"Receptionist, helper, housekeeping",087501 49527,"Plot No A55/12 Near Rapid Metro Station A BLOCK, Sector 28, DLF Phase 1, Gurugram, Haryana 122002, India",https://maps.google.com/?cid=14732878791743251573&g_mp=Cilnb29nbGUubWFwcy5wbGFjZXMudjEuUGxhY2VzLlNlYXJjaE5lYXJieRACGAQgAA,Not contacted,,,,
P2,Saurabh Salon,hair_salon,"Receptionist, helper, housekeeping",093158 51072,"U Block, DLF Phase IV, Sector 24, New Delhi, Gurugram, Haryana 122002, India",https://maps.google.com/?cid=8047224924010286891&g_mp=Cilnb29nbGUubWFwcy5wbGFjZXMudjEuUGxhY2VzLlNlYXJjaE5lYXJieRACGAQgAA,Not contacted,,,,
P2,Smart Look Mens Saloon,hair_salon,"Receptionist, helper, housekeeping",090690 07717,"38, Dundahera Village, Sec20, Sector 20, Gurugram, Haryana 122016, India",https://maps.google.com/?cid=8739505018129286394&g_mp=Cilnb29nbGUubWFwcy5wbGFjZXMudjEuUGxhY2VzLlNlYXJjaE5lYXJieRACGAQgAA,Not contacted,,,,
P2,TOKUMI HAIR GURGAON,hair_salon,"Receptionist, helper, housekeeping",084479 47612,"India, Haryana, Gurugram, Sector 26A, Golf Course Rd, A-14/6",https://maps.google.com/?cid=9494507944041275514&g_mp=Cilnb29nbGUubWFwcy5wbGFjZXMudjEuUGxhY2VzLlNlYXJjaE5lYXJieRACGAQgAA,Not contacted,,,,
P2,Ananda Sangha Gurgaon,health,"Receptionist, attendant, housekeeping, guard",088006 69210,"1st Floor, Community Centre, K Block, DLF Phase II, Gurgaon, DLF Phase 2, Sector 25, Gurugram, Haryana 122009, India",https://maps.google.com/?cid=10412088656766234006&g_mp=Cilnb29nbGUubWFwcy5wbGFjZXMudjEuUGxhY2VzLlNlYXJjaE5lYXJieRACGAQgAA,Not contacted,,,,
P2,"Shri Shubhda Ayurveda Clinic - Joint Pain, Infertility, Agnikarma, Nadi Parikshan, DeAddiction Ayurvedic Treatment in Gurgaon",health,"Receptionist, attendant, housekeeping, guard",072066 87292,"Ground floor, 31, M-13, Phase 2, DLF Phase 2, Sector 25, Gurugram, Haryana 122002, India",https://maps.google.com/?cid=8941588876578289689&g_mp=Cilnb29nbGUubWFwcy5wbGFjZXMudjEuUGxhY2VzLlNlYXJjaE5lYXJieRACGAQgAA,Not contacted,,,,
P2,Arvend Hospital,hospital,"Receptionist, attendant, housekeeping, guard",099102 97981,"F4P2+28Q, DLF City, DLF Phase 3, Sector 24, Sikanderpur Ghosi, Gurugram, Haryana 122010, India",https://maps.google.com/?cid=756090744625611457&g_mp=Cilnb29nbGUubWFwcy5wbGFjZXMudjEuUGxhY2VzLlNlYXJjaE5lYXJieRACGAQgAA,Not contacted,,,,
P2,"Garg,s Dentario",hospital,"Receptionist, attendant, housekeeping, guard",095991 91203,"27, A-46 St, Sector 28, Chakkarpur, Gurugram, Haryana 122002, India",https://maps.google.com/?cid=5199566689916569119&g_mp=Cilnb29nbGUubWFwcy5wbGFjZXMudjEuUGxhY2VzLlNlYXJjaE5lYXJieRACGAQgAA,Not contacted,,,,
P2,Lord Krishna Hospital,hospital,"Receptionist, attendant, housekeeping, guard",081302 57978,"V/813, Sector 28, Maruti Housing Colony, Gurugram, Haryana 122009, India",https://maps.google.com/?cid=5503133124554583702&g_mp=Cilnb29nbGUubWFwcy5wbGFjZXMudjEuUGxhY2VzLlNlYXJjaE5lYXJieRACGAQgAA,Not contacted,,,,
P2,Medzone Diagnostic,hospital,"Receptionist, attendant, housekeeping, guard",088826 04678,"5, N-12 Rd, DLF Phase 2, Sector 25, Gurugram, Haryana 122002, India",https://maps.google.com/?cid=4781848822049814043&g_mp=Cilnb29nbGUubWFwcy5wbGFjZXMudjEuUGxhY2VzLlNlYXJjaE5lYXJieRACGAQgAA,Not contacted,,,,
P2,Anya Home Massage & Spa,massage_spa,"Receptionist, helper, housekeeping",093546 88592,"SCO-24C, 24B, Rd Number 44, U Block, DLF Phase 3, Sector 24, Gurugram, Haryana 122002, India",https://maps.google.com/?cid=4460751544160337023&g_mp=Cilnb29nbGUubWFwcy5wbGFjZXMudjEuUGxhY2VzLlNlYXJjaE5lYXJieRACGAQgAA,Not contacted,,,,
P2,Emerald Spa,massage_spa,"Receptionist, helper, housekeeping",096504 36015,"Shop No. 9, 1st floor, MGF Metropolis Mall, Mehrauli-Gurgaon Rd, Sector 28, Maruti Housing Colony, Gurugram, Haryana 122009, India",https://maps.google.com/?cid=5189463031806686833&g_mp=Cilnb29nbGUubWFwcy5wbGFjZXMudjEuUGxhY2VzLlNlYXJjaE5lYXJieRACGAQgAA,Not contacted,,,,
P2,Full Body Relax Spa,massage_spa,"Receptionist, helper, housekeeping",093540 84049,"Mehrauli-Gurgaon Rd, Sector 28, Maruti Housing Colony, Gurugram, Haryana 122009, India",https://maps.google.com/?cid=7714943009009129252&g_mp=Cilnb29nbGUubWFwcy5wbGFjZXMudjEuUGxhY2VzLlNlYXJjaE5lYXJieRACGAQgAA,Not contacted,,,,
P2,Emoha Elder care & Medical Centre,medical_center,"Receptionist, attendant, housekeeping, guard",098968 05260,"One Apartments, Old Delhi Gurugram Rd, Sector 22A, Palam Vihar Extension, Gurugram, Haryana 122015, India",https://maps.google.com/?cid=16559375704809189869&g_mp=Cilnb29nbGUubWFwcy5wbGFjZXMudjEuUGxhY2VzLlNlYXJjaE5lYXJieRACGAQgAA,Not contacted,,,,
P2,Sevati devi memorial digital medical centre,medical_center,"Receptionist, attendant, housekeeping, guard",088103 19629,"M4/17a, near Cyber City, Mushedpur, DLF Phase 2, Sector 25, Gurugram, Haryana 122002, India",https://maps.google.com/?cid=13063594511951547370&g_mp=Cilnb29nbGUubWFwcy5wbGFjZXMudjEuUGxhY2VzLlNlYXJjaE5lYXJieRACGAQgAA,Not contacted,,,,
P2,"Dr. Bharti's Holistic Wellness Clinic - Gurugram | Arthritis, Sciatica, Joint Pain, Psoriasis, Liver Treatment",medical_clinic,"Receptionist, attendant, housekeeping, guard",092147 00222,"14, Kachnar Marg, near Dr. Roli Bawa MDS BDS, Block H, DLF Phase 1, Sector 26, Gurugram, Haryana 122002, India",https://maps.google.com/?cid=1080918153178576385&g_mp=Cilnb29nbGUubWFwcy5wbGFjZXMudjEuUGxhY2VzLlNlYXJjaE5lYXJieRACGAQgAA,Not contacted,,,,
P2,Hair Now,medical_clinic,"Receptionist, attendant, housekeeping, guard",099990 03675,"N-1/2, N-1, DLF Phase 2, Sector 25, Gurugram, Haryana 122002, India",https://maps.google.com/?cid=706423532802638977&g_mp=Cilnb29nbGUubWFwcy5wbGFjZXMudjEuUGxhY2VzLlNlYXJjaE5lYXJieRACGAQgAA,Not contacted,,,,
P2,Holter on Demand | Best Holter | Best ABPM |BEST ELR | BEST SLEEP STUDY | AT HOME | GURUGRAM | DELHI | NCR,medical_clinic,"Receptionist, attendant, housekeeping, guard",099996 57722,"8, V-10, DLF Phase 3, Sector 24, Gurugram, Haryana 122010, India",https://maps.google.com/?cid=5977963624985016670&g_mp=Cilnb29nbGUubWFwcy5wbGFjZXMudjEuUGxhY2VzLlNlYXJjaE5lYXJieRACGAQgAA,Not contacted,,,,
P2,Pathkind Labs,medical_clinic,"Receptionist, attendant, housekeeping, guard",085277 59166,"Shop No 12, 5, N-12 Rd, near Gauri Shankar mandir, DLF Phase 2, Sector 25, Gurugram, Haryana 122002, India",https://maps.google.com/?cid=14559111789585979954&g_mp=Cilnb29nbGUubWFwcy5wbGFjZXMudjEuUGxhY2VzLlNlYXJjaE5lYXJieRACGAQgAA,Not contacted,,,,
P2,Colourful Nails Studio,nail_salon,"Receptionist, helper, housekeeping",092113 97272,"Central Arcade, DLF Phase 2, Sector 25, Gurugram, Haryana 122002, India",https://maps.google.com/?cid=14195586510736769143&g_mp=Cilnb29nbGUubWFwcy5wbGFjZXMudjEuUGxhY2VzLlNlYXJjaE5lYXJieRACGAQgAA,Not contacted,,,,
P2,CutifyMe DLF Phase 2,nail_salon,"Receptionist, helper, housekeeping",083739 97373,"DLF Phase 2, Sector 25 Central Arcade Shop Number 115, First Floor, above Frontier Bakery, DLF Phase 2, Sector 25, Gurugram, Haryana 122002, India",https://maps.google.com/?cid=9871789476186830147&g_mp=Cilnb29nbGUubWFwcy5wbGFjZXMudjEuUGxhY2VzLlNlYXJjaE5lYXJieRACGAQgAA,Not contacted,,,,
P2,"AMBIENCE MALL, GURUGRAM",shopping_mall,"Store helper, packer, loader, delivery",088608 00800,"NH- 8, Ambience Island, DLF Phase 3, Sector 24, Gurugram, Haryana 122010, India",https://maps.google.com/?cid=5019076698321661990&g_mp=Cilnb29nbGUubWFwcy5wbGFjZXMudjEuUGxhY2VzLlNlYXJjaE5lYXJieRACGAQgAA,Not contacted,,,,
P2,Pittara,shopping_mall,"Store helper, packer, loader, delivery",087008 28415,"DLF Cyber Park, Phase II, Udyog Vihar, Sector 20, Gurugram, Haryana 122016, India",https://maps.google.com/?cid=9274760749409802535&g_mp=Cilnb29nbGUubWFwcy5wbGFjZXMudjEuUGxhY2VzLlNlYXJjaE5lYXJieRACGAQgAA,Not contacted,,,,
P2,Tistabene Bilaspur,shopping_mall,"Store helper, packer, loader, delivery",073003 00100,"Highway King Bilaspur Manesar, F3JC+GXX, Jaipur - Delhi Expy, Sector 18, Bilaspur, Gurugram, Haryana 122015, India",https://maps.google.com/?cid=12068267388342653583&g_mp=Cilnb29nbGUubWFwcy5wbGFjZXMudjEuUGxhY2VzLlNlYXJjaE5lYXJieRACGAQgAA,Not contacted,,,,
P2,Alz Day Spa MG Road Gurgaon Massage Parlour,spa,"Receptionist, helper, housekeeping",088106 43162,"Shop No.-187, 1st Floor, MGF Metropolis Mall, Mehrauli-Gurgaon Rd, Sector 28, Maruti Housing Colony, Gurugram, Haryana 122009, India",https://maps.google.com/?cid=2633408747063736829&g_mp=Cilnb29nbGUubWFwcy5wbGFjZXMudjEuUGxhY2VzLlNlYXJjaE5lYXJieRACGAQgAA,Not contacted,,,,
P2,Calm Spa,spa,"Receptionist, helper, housekeeping",096258 05637,"Lower Ground, Shop No - 30, City Centre Mall, Mehrauli-Gurgaon Rd, Sector 28, Maruti Housing Colony, Gurugram, Haryana 122001, India",https://maps.google.com/?cid=7979793373294730793&g_mp=Cilnb29nbGUubWFwcy5wbGFjZXMudjEuUGxhY2VzLlNlYXJjaE5lYXJieRACGAQgAA,Not contacted,,,,
P2,Flex Body Spa MG Road,spa,"Receptionist, helper, housekeeping",092201 45309,"3rd Floor, MGF Metropolis Mall, SN016, Mehrauli-Gurgaon Rd, next City Centre Mall, Sector 28, Maruti Housing Colony, Gurugram, Haryana 122009, India",https://maps.google.com/?cid=18060246517549173835&g_mp=Cilnb29nbGUubWFwcy5wbGFjZXMudjEuUGxhY2VzLlNlYXJjaE5lYXJieRACGAQgAA,Not contacted,,,,
P2,Kristi premium spa-In Mgf Metropolis Mall Mg Road Gurgaon,spa,"Receptionist, helper, housekeeping",096672 41353,"LG Floor,shop, MGF Metropolis Mall, 2-20, near Mehrauli-Gurgaon Road, Sector 28, Maruti Housing Colony, Gurugram, Haryana 122002, India",https://maps.google.com/?cid=7789827847266880119&g_mp=Cilnb29nbGUubWFwcy5wbGFjZXMudjEuUGxhY2VzLlNlYXJjaE5lYXJieRACGAQgAA,Not contacted,,,,
P2,Massage Spa Gurgaon,spa,"Receptionist, helper, housekeeping",098913 61132,"Shop No.63, 2nd Floor, MGF Metropolitan Mall, Sector 28, Maruti Housing Colony, Sector 25, Gurugram, Haryana 122009, India",https://maps.google.com/?cid=14980726135948241084&g_mp=Cilnb29nbGUubWFwcy5wbGFjZXMudjEuUGxhY2VzLlNlYXJjaE5lYXJieRACGAQgAA,Not contacted,,,,
P2,Next Body Spa,spa,"Receptionist, helper, housekeeping",098115 75475,"Rear End, MGF Metropolis Mall, near Miraj Maxium Cinema, Sector 28, Maruti Housing Colony, Gurugram, Haryana 122009, India",https://maps.google.com/?cid=5630714424824240504&g_mp=Cilnb29nbGUubWFwcy5wbGFjZXMudjEuUGxhY2VzLlNlYXJjaE5lYXJieRACGAQgAA,Not contacted,,,,
P2,The Kam Spa - Spa in MG Road,spa,"Receptionist, helper, housekeeping",088000 02832,"LG 30, DLF City, Centre Mall, Sector 28, Maruti Housing Colony, Gurugram, Haryana 122002, India",https://maps.google.com/?cid=11273813962317318213&g_mp=Cilnb29nbGUubWFwcy5wbGFjZXMudjEuUGxhY2VzLlNlYXJjaE5lYXJieRACGAQgAA,Not contacted,,,,
P2,The Leela Spa,spa,"Receptionist, helper, housekeeping",097175 96198,"NH-8, Hotel, Residences, The Leela Ambience, Ambience Island, DLF Phase 3, Sector 24, Gurugram, Haryana 122016, India",https://maps.google.com/?cid=13743138760042923607&g_mp=Cilnb29nbGUubWFwcy5wbGFjZXMudjEuUGxhY2VzLlNlYXJjaE5lYXJieRACGAQgAA,Not contacted,,,,
P2,Tuskany Wellness Spa,spa,"Receptionist, helper, housekeeping",079826 19787,"Shop no.4A, Mehrauli-Gurgaon Rd, Sector 28, Sushant Lok Phase I, Metro, Gurugram, Haryana 122009, India",https://maps.google.com/?cid=16040781427620191758&g_mp=Cilnb29nbGUubWFwcy5wbGFjZXMudjEuUGxhY2VzLlNlYXJjaE5lYXJieRACGAQgAA,Not contacted,,,,
P2,Elite Proteins,store,"Store helper, packer, loader, delivery",070651 26702,"249, Intellect Building, Second Floor, Phase-4, Udyog Vihar, Sector 18, Gurugram, Haryana 122015, India",https://maps.google.com/?cid=8542751983667045990&g_mp=Cilnb29nbGUubWFwcy5wbGFjZXMudjEuUGxhY2VzLlNlYXJjaE5lYXJieRACGAQgAA,Not contacted,,,,
P2,Antara Integrated Wellness Clinic (AIWC),wellness_center,"Receptionist, helper, housekeeping",070426 17222,"49, Gulmohar Marg, opp. Bharti Airtel, Mushedpur, DLF Phase 2, Sector 25, Gurugram, Haryana 122002, India",https://maps.google.com/?cid=8808909355708137598&g_mp=Cilnb29nbGUubWFwcy5wbGFjZXMudjEuUGxhY2VzLlNlYXJjaE5lYXJieRACGAQgAA,Not contacted,,,,
P2,IP,wellness_center,"Receptionist, helper, housekeeping",096503 21911,"U 71/19, U Block, DLF Phase 3, Nathupur, Gurugram, Haryana 122002, India",https://maps.google.com/?cid=16370261217705161884&g_mp=Cilnb29nbGUubWFwcy5wbGFjZXMudjEuUGxhY2VzLlNlYXJjaE5lYXJieRACGAQgAA,Not contacted,,,,
P2,Loving life,wellness_center,"Receptionist, helper, housekeeping",098110 23357,"near, Guru Dronacharya Metro Station, DLF CITY, DLF City, Garden Estate, DLF Phase 3, Sector 24, Gurugram, Haryana 122002, India",https://maps.google.com/?cid=110702948488360&g_mp=Cilnb29nbGUubWFwcy5wbGFjZXMudjEuUGxhY2VzLlNlYXJjaE5lYXJieRACGAQgAA,Not contacted,,,,
P2,V Life Hub,wellness_center,"Receptionist, helper, housekeeping",099900 12515,"C801, Ambience Lagoon Dr, Ambience Island, DLF Phase 3, Sector 24, Gurugram, Haryana 122002, India",https://maps.google.com/?cid=6037214964103008547&g_mp=Cilnb29nbGUubWFwcy5wbGFjZXMudjEuUGxhY2VzLlNlYXJjaE5lYXJieRACGAQgAA,Not contacted,,,,
P3,"School For European Pastry & Culinary Arts | Culinary, Baking & Pastry School in Gurugram",,"Helper, housekeeping, security guard",098330 43063,"784, Phase V, HSIIDC, Sector 19, Gurugram, Haryana 122016, India",https://maps.google.com/?cid=4513107325639872815&g_mp=Cilnb29nbGUubWFwcy5wbGFjZXMudjEuUGxhY2VzLlNlYXJjaE5lYXJieRACGAQgAA,Not contacted,,,,
P3,Yog Kshetra,,"Helper, housekeeping, security guard",098111 10094,"DLF Phase 2, Sector 25, Gurugram, Haryana 122002, India",https://maps.google.com/?cid=14094927403771322761&g_mp=Cilnb29nbGUubWFwcy5wbGFjZXMudjEuUGxhY2VzLlNlYXJjaE5lYXJieRACGAQgAA,Not contacted,,,,
P3,Essel Prime (Essel Tower Club),association_or_organization,"Helper, housekeeping, security guard",099111 14258,"229, Indian Airlines Pilots Society, Sushant Lok Phase I, Gurugram, Haryana 122009, India",https://maps.google.com/?cid=16709182036653269725&g_mp=Cilnb29nbGUubWFwcy5wbGFjZXMudjEuUGxhY2VzLlNlYXJjaE5lYXJieRACGAQgAA,Not contacted,,,,
P3,Cyber Hub SOCIAL,bar,"Helper, housekeeping, security guard",092280 35641,"Ground Floor, DLF Tower, W 10 Rd, DLF Cyber City, DLF Phase 2, Sector 25, Gurugram, Haryana 122002, India",https://maps.google.com/?cid=17813582100991630548&g_mp=Cilnb29nbGUubWFwcy5wbGFjZXMudjEuUGxhY2VzLlNlYXJjaE5lYXJieRACGAQgAA,Not contacted,,,,
P3,Koaster BYOB,bar_and_grill,"Helper, housekeeping, security guard",099909 05917,"Peepal Chowk, Phase V, Udyog Vihar, Sector 19, Gurugram, Haryana 122016, India",https://maps.google.com/?cid=8545062311095087583&g_mp=Cilnb29nbGUubWFwcy5wbGFjZXMudjEuUGxhY2VzLlNlYXJjaE5lYXJieRACGAQgAA,Not contacted,,,,
P3,HARSHITA HOSPITALITY SERVICES,bed_and_breakfast,"Helper, housekeeping, security guard",099107 99186,"57-A, Akashneem Marg, DLF Phase 2, Sector 25, Gurugram, Haryana 122002, India",https://maps.google.com/?cid=567838696316283129&g_mp=Cilnb29nbGUubWFwcy5wbGFjZXMudjEuUGxhY2VzLlNlYXJjaE5lYXJieRACGAQgAA,Not contacted,,,,
P3,Swan's Nest,bed_and_breakfast,"Helper, housekeeping, security guard",093544 59738,"36, H-33 Rd, Block H, DLF Phase 1, DLF PH-2, Gurugram, Haryana 122002, India",https://maps.google.com/?cid=15505228982603259619&g_mp=Cilnb29nbGUubWFwcy5wbGFjZXMudjEuUGxhY2VzLlNlYXJjaE5lYXJieRACGAQgAA,Not contacted,,,,
P3,Herbalweb,consultant,"Helper, housekeeping, security guard",086790 76463,"DLF Cyber Park, Ambience Island, DLF Phase 3, Sector 24, Gurugram, Haryana 122016, India",https://maps.google.com/?cid=16481778489684939669&g_mp=Cilnb29nbGUubWFwcy5wbGFjZXMudjEuUGxhY2VzLlNlYXJjaE5lYXJieRACGAQgAA,Not contacted,,,,
P3,The Clarks Hotels and Resorts,corporate_office,"Helper, housekeeping, security guard",092058 67733,"Emaar Mgf Capital Tower, 707, Mehrauli-Gurgaon Rd, Sikanderpur, Sector 26, Gurugram, Haryana 122002, India",https://maps.google.com/?cid=14935858074664973065&g_mp=Cilnb29nbGUubWFwcy5wbGFjZXMudjEuUGxhY2VzLlNlYXJjaE5lYXJieRACGAQgAA,Not contacted,,,,
P3,"ASHA MULTI SPECIALITY CLINIC :DR SUSHIL MADAN ,MD BEST & MOST SENIOR PEDIATRICIAN IN GURGAON",doctor,"Helper, housekeeping, security guard",099997 77222,"U 14/1, NEAR Mother Dairy Milk Shop - DLF Phase 3, Gurugram, U Block, DLF Phase 3, Sector 24, Gurugram, Haryana 122002, India",https://maps.google.com/?cid=6822662432655953503&g_mp=Cilnb29nbGUubWFwcy5wbGFjZXMudjEuUGxhY2VzLlNlYXJjaE5lYXJieRACGAQgAA,Not contacted,,,,
P3,Dr Pankaj Verma,doctor,"Helper, housekeeping, security guard",072310 31111,"G-49, Antara Care, Gulmohar Marg, Mushedpur, DLF Phase 2, Sector 25, Gurugram, Haryana 122002, India",https://maps.google.com/?cid=560461277437901282&g_mp=Cilnb29nbGUubWFwcy5wbGFjZXMudjEuUGxhY2VzLlNlYXJjaE5lYXJieRACGAQgAA,Not contacted,,,,
P3,"Dr. Isha Narang Dermatologist, Gurgaon I Skin & Hair Specialist I Imperial London & MAMC",doctor,"Helper, housekeeping, security guard",097520 07200,"Clinic No 9, Golf Course Rd, A Block, DLF Phase 1, Gurugram, Haryana 122002, India",https://maps.google.com/?cid=9754788246339663452&g_mp=Cilnb29nbGUubWFwcy5wbGFjZXMudjEuUGxhY2VzLlNlYXJjaE5lYXJieRACGAQgAA,Not contacted,,,,
P3,Spar Hypermarket,hypermarket,"Helper, housekeeping, security guard",088677 91886,"Metro Station, MGF Metropolis Mall, Mehrauli-Gurgaon Rd, near Lower Ground, Sector 28, Maruti Housing Colony, Gurugram, Haryana 122009, India",https://maps.google.com/?cid=8071595933369217833&g_mp=Cilnb29nbGUubWFwcy5wbGFjZXMudjEuUGxhY2VzLlNlYXJjaE5lYXJieRACGAQgAA,Not contacted,,,,
P3,Purple Inn,inn,"Helper, housekeeping, security guard",080889 88711,"F4H4+44X, Sikanderpur, Sector 26, Gurugram, Haryana 122002, India",https://maps.google.com/?cid=14773817620757531565&g_mp=Cilnb29nbGUubWFwcy5wbGFjZXMudjEuUGxhY2VzLlNlYXJjaE5lYXJieRACGAQgAA,Not contacted,,,,
P3,Diara Makeup Studio And Salon by Priya,makeup_artist,"Helper, housekeeping, security guard",097119 11919,"377, Sarhaul, Sector 18, Gurugram, Haryana 122015, India",https://maps.google.com/?cid=11105315415109672556&g_mp=Cilnb29nbGUubWFwcy5wbGFjZXMudjEuUGxhY2VzLlNlYXJjaE5lYXJieRACGAQgAA,Not contacted,,,,
P3,Kanika Chanda,makeup_artist,"Helper, housekeeping, security guard",098993 22789,"24, Bougainvilla Marg, DLF Phase 2, Sector 25, Gurugram, Haryana 122002, India",https://maps.google.com/?cid=17503019648336775893&g_mp=Cilnb29nbGUubWFwcy5wbGFjZXMudjEuUGxhY2VzLlNlYXJjaE5lYXJieRACGAQgAA,Not contacted,,,,
P3,Sringarika Beauty Parlour,makeup_artist,"Helper, housekeeping, security guard",093127 43651,"2, Sector 18, Gurugram, Haryana 122015, India",https://maps.google.com/?cid=16676333072627015105&g_mp=Cilnb29nbGUubWFwcy5wbGFjZXMudjEuUGxhY2VzLlNlYXJjaE5lYXJieRACGAQgAA,Not contacted,,,,
P3,ROYAL BITE,meal_delivery,"Helper, housekeeping, security guard",099993 58896,"Sub. Major Laxmi Chand Rd, Sector 18, Sarhol, Gurugram, Haryana 122015, India",https://maps.google.com/?cid=17902535156618146895&g_mp=Cilnb29nbGUubWFwcy5wbGFjZXMudjEuUGxhY2VzLlNlYXJjaE5lYXJieRACGAQgAA,Not contacted,,,,
P3,Shree Shyam Food Point,meal_takeaway,"Helper, housekeeping, security guard",093190 58955,"House 327, Indstuil Complex, Bangla Mohhalla, Udyog Vihar Phase 1, Udyog Vihar, Sector 20, Gurugram, Haryana 122001, India",https://maps.google.com/?cid=16711795553173081560&g_mp=Cilnb29nbGUubWFwcy5wbGFjZXMudjEuUGxhY2VzLlNlYXJjaE5lYXJieRACGAQgAA,Not contacted,,,,
P3,Party Night Club,night_club,"Helper, housekeeping, security guard",088605 88499,"3rd Floor, opposite Mehrauli-Gurgaon Road, Sector 28, Sushant Lok Phase I, Gurugram, Haryana 122009, India",https://maps.google.com/?cid=18178014570981489862&g_mp=Cilnb29nbGUubWFwcy5wbGFjZXMudjEuUGxhY2VzLlNlYXJjaE5lYXJieRACGAQgAA,Not contacted,,,,
P3,Zen Flats 1rk Fully Furnished Independent Balcony flats,real_estate_agency,"Helper, housekeeping, security guard",088824 48888,"8, Galli No. 15, U Block, DLF Phase 3, Sector 24, Gurugram, Haryana 122002, India",https://maps.google.com/?cid=10943634660660502643&g_mp=Cilnb29nbGUubWFwcy5wbGFjZXMudjEuUGxhY2VzLlNlYXJjaE5lYXJieRACGAQgAA,Not contacted,,,,
P3,Antrasha Guitar & Vocal Classes,school,"Helper, housekeeping, security guard",070113 31148,"834, near yadav chopal, behind Sahara Mall, Sector 28, Chakkarpur, Gurugram, Haryana 122002, India",https://maps.google.com/?cid=5082730287867939191&g_mp=Cilnb29nbGUubWFwcy5wbGFjZXMudjEuUGxhY2VzLlNlYXJjaE5lYXJieRACGAQgAA,Not contacted,,,,
P3,Saloon,tanning_studio,"Helper, housekeeping, security guard",078350 83121,"12, Nathupur, U Block, DLF Phase 3, Sector 24, Gurugram, Haryana 122002, India",https://maps.google.com/?cid=9497573919554125955&g_mp=Cilnb29nbGUubWFwcy5wbGFjZXMudjEuUGxhY2VzLlNlYXJjaE5lYXJieRACGAQgAA,Not contacted,,,,
P3,Double Tree Resorts and Holidays India Private Limited,tour_agency,"Helper, housekeeping, security guard",073039 44472,"4th Floor, Vashisth Complex, 427, sikanderpur, Sector 28, DLF Phase 1, Sector 26, Gurugram, Haryana 122002, India",https://maps.google.com/?cid=6171341754056815722&g_mp=Cilnb29nbGUubWFwcy5wbGFjZXMudjEuUGxhY2VzLlNlYXJjaE5lYXJieRACGAQgAA,Not contacted,,,,
P3,Uchef Foods,wholesaler,"Helper, housekeeping, security guard",099994 83171,"BTR Complex, Plot No. 586, Ground Floor, Phase V, Dundahera, Shankar Chowk Marg, Gurugram 122016, Dundahera Village, Sector 20, Gurugram, Haryana 122001, India",https://maps.google.com/?cid=1255822015837888365&g_mp=Cilnb29nbGUubWFwcy5wbGFjZXMudjEuUGxhY2VzLlNlYXJjaE5lYXJieRACGAQgAA,Not contacted,,,,
P3,DLF Phase 3 Art of Living Center,yoga_studio,"Helper, housekeeping, security guard",080676 12345,"V1/26, V-1, DLF Phase 3, Sector 24, Gurugram, Haryana 122002, India",https://maps.google.com/?cid=16479641461880537929&g_mp=Cilnb29nbGUubWFwcy5wbGFjZXMudjEuUGxhY2VzLlNlYXJjaE5lYXJieRACGAQgAA,Not contacted,,,,
