name,area,category,staff_potential,phone,website,address,maps,phone_source,enrich_note
DT Mega Mall,DLF Phase 1,supermarket,HIGH,,,,https://www.openstreetmap.org/node/410058752,none,
Reliance Super,DLF Phase 1,supermarket,HIGH,,,,https://www.openstreetmap.org/node/482664058,none,
Spencer's,DLF Phase 1,supermarket,HIGH,,https://www.spencers.in/,Mehrauli Gurgaon Road,https://www.openstreetmap.org/node/1579182266,none,
Starbucks,DLF Phase 1,cafe,HIGH,,,,https://www.openstreetmap.org/node/6071161049,none,
Divine Look Clinic Centre 1,DLF Phase 1,clinic,HIGH,,http://www.divinelook.in/,,https://www.openstreetmap.org/node/6993921094,none,
Sikka Maternity And Surgical Center,DLF Phase 1,hospital,HIGH,0124-2351329,,,https://www.openstreetmap.org/node/7010378677,web,Dr. Vijay Kumar Sikka
Guftagu Cafe,DLF Phase 1,cafe,HIGH,,,,https://www.openstreetmap.org/node/10209710086,none,
Dr Lal Pathlabs,DLF Phase 1,hospital,HIGH,,,,https://www.openstreetmap.org/node/11750077269,none,
Barista,DLF Phase 1,cafe,HIGH,,,,https://www.openstreetmap.org/node/13175452489,none,
Sibang Bakery,DLF Phase 1,cafe,HIGH,,,,https://www.openstreetmap.org/node/13175452490,none,
Seven Barrel Brew Pub,DLF Phase 1,bar,HIGH,+91-95992-30886;+91-72178-19353,,"Golf Course Road, DLF Phase 1",https://www.openstreetmap.org/node/13175452494,osm,
Fat Tiger,DLF Phase 1,fast_food,HIGH,,,,https://www.openstreetmap.org/node/13175452496,none,
The Golden Dragon,DLF Phase 1,restaurant,HIGH,0124-4058000,,,https://www.openstreetmap.org/node/13175500408,web,DT Mega Mall
Capital Diner,DLF Phase 1,restaurant,HIGH,,,,https://www.openstreetmap.org/node/13175500411,none,
Chai Town Cafe,DLF Phase 1,fast_food,HIGH,,,,https://www.openstreetmap.org/node/13175500412,none,
Yo! Dimsum,DLF Phase 1,fast_food,HIGH,,,,https://www.openstreetmap.org/node/13175500415,none,
Gulati,DLF Phase 1,restaurant,HIGH,+91 124 428 1929,https://gulatirestaurant.co,,https://www.openstreetmap.org/node/13175500421,web,
Gulati Indian Food,DLF Phase 1,restaurant,HIGH,+91 124 428 1929,,,https://www.openstreetmap.org/node/13176626194,web,same venue as Gulati
Apollo Diagnostics,DLF Phase 1,clinic,HIGH,+91 124100021,,,https://www.openstreetmap.org/node/13176643012,osm,
Dermapuritys Aesthetic Clinic,DLF Phase 1,clinic,HIGH,+91 73039 10800,,,https://www.openstreetmap.org/node/13176646904,web,alt 8766310130
Chaayos,DLF Phase 1,cafe,HIGH,,,,https://www.openstreetmap.org/node/13243334782,none,
The Coffee Bean & Tea Leaf,DLF Phase 1,cafe,HIGH,,,,https://www.openstreetmap.org/node/13243334785,none,
Blue Tokai Coffee Roasters,DLF Phase 1,cafe,HIGH,,,,https://www.openstreetmap.org/node/13243334788,none,
Anisa Tavisha Villa,DLF Phase 1,hotel,HIGH,,,,https://www.openstreetmap.org/node/13640172502,none,
Anisa Tavisha Villa,DLF Phase 1,hotel,HIGH,,,,https://www.openstreetmap.org/node/13640175401,none,
Mega Mall,DLF Phase 1,mall,HIGH,,,,https://www.openstreetmap.org/way/42946057,none,
JMD Regent Plaza,DLF Phase 1,mall,HIGH,9625318281,,,https://www.openstreetmap.org/way/43022517,osm,
Fortune Hotel,DLF Phase 1,hotel,HIGH,,,,https://www.openstreetmap.org/way/144272764,none,
Le Meridien Gurgaon,DLF Phase 1,hotel,HIGH,+91 124-4992000,https://www.marriott.com/en-us/hotels/deldm-le-meridien-gurgaon-delhi-ncr/overview/,"Sector 26, M.G. Road, Gurgaon Delhi Gurgaon Border, Gurgaon, Haryana, India, 122002",https://www.openstreetmap.org/way/144272841,osm,
Grand Mall,DLF Phase 1,mall,HIGH,,,,https://www.openstreetmap.org/way/144358732,none,
MGF Mega City,DLF Phase 1,mall,HIGH,,,,https://www.openstreetmap.org/way/144358733,none,
Regent Mall,DLF Phase 1,mall,HIGH,,,,https://www.openstreetmap.org/way/144358734,none,
The Bristol Hotel,DLF Phase 1,hotel,HIGH,01244351111,https://www.thebristolhotel.in,,https://www.openstreetmap.org/way/144358736,osm,
Le Meridien Hotel,DLF Phase 1,hotel,HIGH,,,Sector 26,https://www.openstreetmap.org/way/266679859,none,
Alimentos,DLF Phase 1,food_court,HIGH,,,,https://www.openstreetmap.org/way/1433587274,none,
barrique,DLF Phase 2,bar,HIGH,,,GF-03A,https://www.openstreetmap.org/node/2334369683,none,
Mukesh Dhaba,DLF Phase 2,restaurant,HIGH,+91 99114 17700,,Service Road,https://www.openstreetmap.org/node/3642197067,web,"24hr, a.k.a. Convergys Dhaba"
McDonald's,DLF Phase 2,fast_food,HIGH,,,,https://www.openstreetmap.org/node/4601388390,none,
The God Father,DLF Phase 2,bar,HIGH,,,,https://www.openstreetmap.org/node/6398553785,none,
"Kailash Nursing Home, Gurgaon",DLF Phase 2,clinic,HIGH,,,,https://www.openstreetmap.org/node/6994210829,none,
Surgi Center Clinic,DLF Phase 2,clinic,HIGH,,,,https://www.openstreetmap.org/node/6994253587,none,
Shri Ram Memorial Hospital,DLF Phase 2,hospital,HIGH,,,,https://www.openstreetmap.org/node/7010125933,none,
Asha Multispeciality Clinic,DLF Phase 2,clinic,HIGH,+91 80109 94994,,,https://www.openstreetmap.org/node/7622826272,web,"branch is U-Block DLF Phase 3, not Phase 2"
Darpan Skin & Mind Clinic,DLF Phase 2,clinic,HIGH,,,,https://www.openstreetmap.org/node/7622826287,none,
Krishna Family Clinic,DLF Phase 2,clinic,HIGH,,,,https://www.openstreetmap.org/node/7622826292,none,
Relief Physiotherapy Clinic,DLF Phase 2,clinic,HIGH,,,,https://www.openstreetmap.org/node/7622826327,none,
Upkar Clinic,DLF Phase 2,clinic,HIGH,,,,https://www.openstreetmap.org/node/7622826331,none,
R.N Clinic,DLF Phase 2,clinic,HIGH,,,,https://www.openstreetmap.org/node/7622826364,none,
The Body Shop India,DLF Phase 2,supermarket,HIGH,,,"UGF-B, Unit 4 B Ground Floor, Building No.10, Cyber Hub, Gurugram, Haryana 122002",https://www.openstreetmap.org/node/8014425488,none,
Sun Villa Gurgaon,DLF Phase 2,hotel,HIGH,+91-1244148104,http://www.sunvillagurgaon.com,"39E, Akashneem Marg",https://www.openstreetmap.org/node/9246966086,osm,
Knite Ryder,DLF Phase 2,restaurant,HIGH,+91 90150 60921,,,https://www.openstreetmap.org/node/10688625178,web,"lounge bar, alt 07735 353502"
shandhar momos,DLF Phase 2,fast_food,HIGH,,,,https://www.openstreetmap.org/node/12620813102,none,
Starbucks,DLF Phase 2,cafe,HIGH,,,,https://www.openstreetmap.org/node/13246051183,none,
Tim Hortons,DLF Phase 2,cafe,HIGH,,,,https://www.openstreetmap.org/node/13293400504,none,
P. F. Chang's,DLF Phase 2,restaurant,HIGH,,,,https://www.openstreetmap.org/node/13293400515,none,
Farzi Cafe,DLF Phase 2,restaurant,HIGH,,,,https://www.openstreetmap.org/node/13293400518,none,
Chili's,DLF Phase 2,restaurant,HIGH,,,,https://www.openstreetmap.org/node/13293400521,none,
Cafe Delhi Heights,DLF Phase 2,restaurant,HIGH,,,,https://www.openstreetmap.org/node/13293400524,none,
Made In Punjab,DLF Phase 2,restaurant,HIGH,,,,https://www.openstreetmap.org/node/13293400527,none,
Laid Back Cafe,DLF Phase 2,restaurant,HIGH,,,,https://www.openstreetmap.org/node/13293400528,none,
The Wine Company,DLF Phase 2,bar,HIGH,,,,https://www.openstreetmap.org/node/13293400531,none,
Cafe Mez,DLF Phase 2,restaurant,HIGH,,,,https://www.openstreetmap.org/node/13293400534,none,
Tablespoon,DLF Phase 2,restaurant,HIGH,,https://tbsp.in/,,https://www.openstreetmap.org/node/13293400537,none,
Blue Tokai Coffee Roasters,DLF Phase 2,cafe,HIGH,+91 8448776748,,,https://www.openstreetmap.org/node/13293400540,osm,
Punjab Grill,DLF Phase 2,restaurant,HIGH,,,,https://www.openstreetmap.org/node/13293400543,none,
Vietnom,DLF Phase 2,restaurant,HIGH,,,,https://www.openstreetmap.org/node/13293400546,none,
Copper Chimney,DLF Phase 2,restaurant,HIGH,+91 8976792319;+91 8976792315,,,https://www.openstreetmap.org/node/13293400549,osm,
Cafeteria & Co,DLF Phase 2,restaurant,HIGH,,,,https://www.openstreetmap.org/node/13293400552,none,
Nando's,DLF Phase 2,restaurant,HIGH,,,,https://www.openstreetmap.org/node/13293400555,none,
McDonald's,DLF Phase 2,fast_food,HIGH,,,,https://www.openstreetmap.org/node/13293400558,none,
Starbucks,DLF Phase 2,cafe,HIGH,,,,https://www.openstreetmap.org/node/13295285679,none,
The Beer Cafe,DLF Phase 2,bar,HIGH,,,,https://www.openstreetmap.org/node/13295285680,none,
The Laugh Store,DLF Phase 2,pub,HIGH,,https://thelaughstore.in/,"4D, Tower 8C, DLF Cyber City",https://www.openstreetmap.org/node/13703530369,none,
World Laparoscopy Hospital,DLF Phase 2,hospital,HIGH,,,,https://www.openstreetmap.org/way/127245642,none,
RBS Hospital,DLF Phase 2,hospital,HIGH,,,,https://www.openstreetmap.org/way/453862916,none,
द: NUKKAD,DLF Phase 2,cafe,HIGH,+919821261643,https://,M1,https://www.openstreetmap.org/way/1236528030,osm,
Machaan,DLF Phase 3,pub,HIGH,,,,https://www.openstreetmap.org/node/477905016,none,
St Stephen's Hospital Health Care Facility,DLF Phase 3,hospital,HIGH,,,,https://www.openstreetmap.org/node/7622826267,none,
Amazone Residency Dlf Phase 3 Gurugram,DLF Phase 3,hotel,HIGH,+919871237434,https://gurugramhotel.com/,"37/8, V Block, 37 lane",https://www.openstreetmap.org/node/10685628359,osm,
"Ambience Mall, Gurugram",DLF Phase 3,mall,HIGH,,,"NH 8, Ambience Island, DLF Phase 3, Sector 24, Gurugram, Haryana",https://www.openstreetmap.org/node/11436616920,none,
Narayana multispeciaity hospital,DLF Phase 3,hospital,HIGH,,,,https://www.openstreetmap.org/node/12609739301,none,
McDonald's,DLF Phase 3,fast_food,HIGH,,,,https://www.openstreetmap.org/node/13296605610,none,
Breaking Brew,DLF Phase 3,restaurant,HIGH,,,,https://www.openstreetmap.org/node/13296605614,none,
Barbeque Nation,DLF Phase 3,restaurant,HIGH,,,,https://www.openstreetmap.org/node/13296605616,none,
Indus Flavour,DLF Phase 3,restaurant,HIGH,,,,https://www.openstreetmap.org/node/13296605617,none,
Punjabi By Nature,DLF Phase 3,restaurant,HIGH,,,,https://www.openstreetmap.org/node/13296605620,none,
Themis Barbeque House,DLF Phase 3,restaurant,HIGH,,,,https://www.openstreetmap.org/node/13296605622,none,
The Beer Cafe,DLF Phase 3,bar,HIGH,,,,https://www.openstreetmap.org/node/13296605623,none,
Manbhavan,DLF Phase 3,restaurant,HIGH,,,,https://www.openstreetmap.org/node/13296605625,none,
Pizza Hut,DLF Phase 3,restaurant,HIGH,,,,https://www.openstreetmap.org/node/13296673490,none,
Jamie Oliver Kitchen,DLF Phase 3,restaurant,HIGH,,,,https://www.openstreetmap.org/node/13296673492,none,
In The Punjab,DLF Phase 3,restaurant,HIGH,,,,https://www.openstreetmap.org/node/13296673493,none,
Spezia Bistro,DLF Phase 3,restaurant,HIGH,,,,https://www.openstreetmap.org/node/13296673497,none,
YouMee,DLF Phase 3,restaurant,HIGH,,,,https://www.openstreetmap.org/node/13296673498,none,
Sagar Ratna,DLF Phase 3,restaurant,HIGH,,,,https://www.openstreetmap.org/node/13296673499,none,
Swagat Restro Bar,DLF Phase 3,restaurant,HIGH,,,,https://www.openstreetmap.org/node/13296680501,none,
Punjab Grill,DLF Phase 3,restaurant,HIGH,,,,https://www.openstreetmap.org/node/13296680504,none,
Nando's,DLF Phase 3,restaurant,HIGH,,,,https://www.openstreetmap.org/node/13296680505,none,
Andrea's Eatery,DLF Phase 3,restaurant,HIGH,,,,https://www.openstreetmap.org/node/13296680507,none,
Cafe Delhi Heights,DLF Phase 3,restaurant,HIGH,,,,https://www.openstreetmap.org/node/13296680509,none,
Mamagoto,DLF Phase 3,restaurant,HIGH,,,,https://www.openstreetmap.org/node/13296680510,none,
KFC,DLF Phase 3,fast_food,HIGH,,,,https://www.openstreetmap.org/node/13296680511,none,
Haldiram's,DLF Phase 3,fast_food,HIGH,,,,https://www.openstreetmap.org/node/13296680512,none,
Daryaganj,DLF Phase 3,restaurant,HIGH,,,,https://www.openstreetmap.org/node/13296680514,none,
Shalom Cafe,DLF Phase 3,restaurant,HIGH,,,,https://www.openstreetmap.org/node/13296680516,none,
TGI Fridays,DLF Phase 3,restaurant,HIGH,,,,https://www.openstreetmap.org/node/13296680517,none,
Gola Sizzlers,DLF Phase 3,restaurant,HIGH,,,,https://www.openstreetmap.org/node/13296680520,none,
Zambar,DLF Phase 3,restaurant,HIGH,,,,https://www.openstreetmap.org/node/13296680521,none,
Krispy Kreme,DLF Phase 3,fast_food,HIGH,,,,https://www.openstreetmap.org/node/13296680522,none,
Dhaba,DLF Phase 3,restaurant,HIGH,,,,https://www.openstreetmap.org/node/13296680523,none,
Chili's,DLF Phase 3,restaurant,HIGH,,,,https://www.openstreetmap.org/node/13296680525,none,
PizzaExpress,DLF Phase 3,restaurant,HIGH,,,,https://www.openstreetmap.org/node/13296680526,none,
Barista,DLF Phase 3,cafe,HIGH,,,,https://www.openstreetmap.org/node/13296721120,none,
Ambience Mall,DLF Phase 3,mall,HIGH,0124-4737123,,Ambience Island,https://www.openstreetmap.org/way/267001567,osm,
DLF City Club Hotel,DLF Phase 3,hotel,HIGH,,,,https://www.openstreetmap.org/way/350514135,none,
DLF City Club,DLF Phase 3,hotel,HIGH,,,,https://www.openstreetmap.org/way/456875786,none,
the shopping mall,Galleria Market,mall,HIGH,,,,https://www.openstreetmap.org/node/3077649257,none,
Marwah Clinic,Galleria Market,clinic,HIGH,,,,https://www.openstreetmap.org/node/6994280139,none,
Oyo Townhouse,Galleria Market,hotel,HIGH,,,,https://www.openstreetmap.org/node/10824777606,none,
Megha Darjeeling Restaurant,Galleria Market,restaurant,HIGH,7428205724,,"A55/14, DLF Phase 1, Sector 28",https://www.openstreetmap.org/node/10908640655,osm,
Hotel Luxe And Stayz,Galleria Market,hotel,HIGH,,,,https://www.openstreetmap.org/node/13176694652,none,
Medanta,Galleria Market,hospital,HIGH,,,,https://www.openstreetmap.org/node/13243279487,none,
BabyJoy IVF,Galleria Market,clinic,HIGH,+91 9555044044,,,https://www.openstreetmap.org/node/13246707609,osm,
Jalsa,Galleria Market,restaurant,HIGH,,,,https://www.openstreetmap.org/node/13246707620,none,
Treebo White Castle,Galleria Market,hotel,HIGH,,,,https://www.openstreetmap.org/node/13246707626,none,
Salt Stayz,Galleria Market,hotel,HIGH,,https://saltstayz.com/,,https://www.openstreetmap.org/node/13246707639,none,
Cafe Amour,Galleria Market,cafe,HIGH,,,,https://www.openstreetmap.org/node/13246707647,none,
Potenza Wellness,Galleria Market,clinic,HIGH,,https://potenzawellness.com/,,https://www.openstreetmap.org/node/13246707657,none,
Big Bazaar,Sikanderpur,supermarket,HIGH,,,,https://www.openstreetmap.org/node/537979959,none,
Sahara Mall,Sikanderpur,mall,HIGH,,,,https://www.openstreetmap.org/way/144358735,none,
M2M Cybernetics,DLF Phase 1,company,MED,,http://www.m2mcybernetics.com,"301, 4B, Mehrauli Gurgaon Road",https://www.openstreetmap.org/node/267122070,none,
PVR Mega Mall,DLF Phase 1,cinema,MED,,,,https://www.openstreetmap.org/node/410058756,none,
Axis Bank,DLF Phase 1,bank,MED,,https://www.axisbank.com,,https://www.openstreetmap.org/node/537979966,none,
HDFC Bank,DLF Phase 1,bank,MED,,,,https://www.openstreetmap.org/node/10816636701,none,
IndiGo Emma Capital Tower 2,DLF Phase 1,company,MED,,,,https://www.openstreetmap.org/node/11750077369,none,
ICICI Bank,DLF Phase 1,bank,MED,,,,https://www.openstreetmap.org/node/13175452499,none,
Jewelounge,DLF Phase 1,jewelry,MED,,,,https://www.openstreetmap.org/node/13176641404,none,
Recon,DLF Phase 1,beauty,MED,,,,https://www.openstreetmap.org/node/13176643016,none,
Meadows,DLF Phase 1,beauty,MED,,,,https://www.openstreetmap.org/node/13176653324,none,
Pause Spa,DLF Phase 1,beauty,MED,,,,https://www.openstreetmap.org/node/13176653325,none,
Evoke Hair Clinic,DLF Phase 1,beauty,MED,,,,https://www.openstreetmap.org/node/13176653337,none,
Jewelounge,DLF Phase 1,jewelry,MED,,,,https://www.openstreetmap.org/node/13176653339,none,
Truefitt & Hill,DLF Phase 1,hairdresser,MED,,,,https://www.openstreetmap.org/node/13176656902,none,
Hair n Shanti Unisex Salon,DLF Phase 1,beauty,MED,,,,https://www.openstreetmap.org/node/13176667045,none,
Nail Story By Nalini,DLF Phase 1,beauty,MED,,,,https://www.openstreetmap.org/node/13176667046,none,
Brijhair Artstry,DLF Phase 1,beauty,MED,,,,https://www.openstreetmap.org/node/13176667050,none,
Eleve Salon,DLF Phase 1,beauty,MED,,,,https://www.openstreetmap.org/node/13176667051,none,
Looks Salon,DLF Phase 1,beauty,MED,,,,https://www.openstreetmap.org/node/13176667057,none,
Kyra By Anita Arya,DLF Phase 1,beauty,MED,,,,https://www.openstreetmap.org/node/13176667060,none,
Medklaire,DLF Phase 1,beauty,MED,,,,https://www.openstreetmap.org/node/13176681052,none,
cult.fit,DLF Phase 1,fitness_centre,MED,,,,https://www.openstreetmap.org/node/13246426339,none,
Bodycraft Salon,DLF Phase 1,hairdresser,MED,+91 9035723785,https://www.bodycraft.co.in/location-salon/gurgaon/spa-and-salon-in-dlf-phase-1,,https://www.openstreetmap.org/node/13246426345,osm,
Standard Chartered,DLF Phase 2,bank,MED,,,,https://www.openstreetmap.org/node/482663982,none,
CEVA Logistics India,DLF Phase 2,company,MED,,,,https://www.openstreetmap.org/node/1408740312,none,
Jawed Habib BeautyXpresso Beauty Salon,DLF Phase 2,hairdresser,MED,,https://www.facebook.com/beauty.xpresso,"K9, Food Court, DLF Phase 2",https://www.openstreetmap.org/node/2401099308,none,
Guavus Network Systems1,DLF Phase 2,it,MED,,,,https://www.openstreetmap.org/node/3749005710,none,
Shri Balaji Medical Store,DLF Phase 2,pharmacy,MED,+124 6470708,,"49-50, U-13",https://www.openstreetmap.org/node/4219527516,osm,
ICICI Bank,DLF Phase 2,bank,MED,,https://www.icicibank.com,"Tower A, DLF Cyber Green",https://www.openstreetmap.org/node/4496525913,none,
Deutsche Bank,DLF Phase 2,bank,MED,,,"DLF Infinity Towers (A), DLF Phase II, Sector 25A, DLF City, Gurgaon 122002",https://www.openstreetmap.org/node/4496534357,none,
Bain & Company,DLF Phase 2,company,MED,+91 124 475 1500,https://www.bain.com/offices/india/en_us/index.aspx,,https://www.openstreetmap.org/node/4498883706,osm,
KPMG,DLF Phase 2,company,MED,01243074000,https://home.kpmg.com/in/en,"10C, P-5-P-4 Lane, DLF Cyber City, Sector 24, Phase II",https://www.openstreetmap.org/node/5550889022,osm,
Boston Consulting Group,DLF Phase 2,consulting,MED,+91 124 475 1500,https://www.bcg.com/offices/knowledge-analytics-new-delhi.aspx,,https://www.openstreetmap.org/node/6176385343,osm,
Boston Consulting Group,DLF Phase 2,consulting,MED,+91 124 459 7000,https://www.bcg.com/offices/new-delhi/default.aspx,,https://www.openstreetmap.org/node/6176385344,osm,
"Taikisha Engineering PVT, LTD.",DLF Phase 2,company,MED,,,,https://www.openstreetmap.org/node/6484791185,none,
DSV Air & Sea,DLF Phase 2,company,MED,+91 1247199900,https://www.dsv.com/,"Building No-10A, 3Rd Floor, Cyber City, Phase-2, Gurugram, Delhi-Gurugram Expressway",https://www.openstreetmap.org/node/10310206480,osm,
DLF OFFICES,DLF Phase 2,company,MED,+91-124-4396000,https://www.dlf.in/offices/,"DLF Gateway Tower, R Block",https://www.openstreetmap.org/node/10770868565,osm,
Protiviti Consulting,DLF Phase 2,consulting,MED,,https://www.protiviti.com/in-pcc,"Tower A Building 5, DLF Phase 3",https://www.openstreetmap.org/node/10836628578,none,
"BraaiCraft - BBQs, Offset Smokers, Grills, Firepits & Outdoor Kitchens",DLF Phase 2,company,MED,+919980851233,https://www.braaicraft.com/,"150, National Media Centre",https://www.openstreetmap.org/node/13234594543,osm,
Dyninno,DLF Phase 2,company,MED,+91 1244398587,https://dyninno.com/en/offices/india/,,https://www.openstreetmap.org/node/13243404915,osm,
Ericsson,DLF Phase 2,company,MED,,,,https://www.openstreetmap.org/node/13243404917,none,
Anvika Professional Salon,DLF Phase 2,beauty,MED,918527470969,https://anvika-professional.grexa.site/,"45,46, Street No. 1, U Block, DLF Phase 3, Sector 24",https://www.openstreetmap.org/node/13846314782,osm,
PVR Ambience,DLF Phase 3,cinema,MED,,,,https://www.openstreetmap.org/node/410058757,none,
State Bank of India,DLF Phase 3,bank,MED,,https://www.sbi.co.in,,https://www.openstreetmap.org/node/484198839,none,
DLF City Club Gym,DLF Phase 3,fitness_centre,MED,,,,https://www.openstreetmap.org/node/4531095007,none,
DEL24 Amazon (ADCI),DLF Phase 3,company,MED,,,"Floor 5-8, Block 3, DLF Downtown, Delhi-Gurugram Expressway",https://www.openstreetmap.org/node/11455774482,none,
COWI India,DLF Phase 3,company,MED,+91124 409 2500,https://www.cowi.com,"2nd Floor, DLF Downtown, Block 2, Sector 24, Delhi-Gurugram Expressway",https://www.openstreetmap.org/node/11521864528,osm,
The Nailashes Studio,DLF Phase 3,beauty,MED,,,,https://www.openstreetmap.org/node/13296673495,none,
Nail Edit,DLF Phase 3,beauty,MED,,,,https://www.openstreetmap.org/node/13296673500,none,
Bluestone,DLF Phase 3,jewelry,MED,,,,https://www.openstreetmap.org/node/13296688582,none,
Looks Salon,DLF Phase 3,beauty,MED,,,,https://www.openstreetmap.org/node/13296688595,none,
Nails & Lashes,DLF Phase 3,beauty,MED,,,,https://www.openstreetmap.org/node/13296721102,none,
Geetanjali Salon,DLF Phase 3,beauty,MED,,,,https://www.openstreetmap.org/node/13296721122,none,
Noi Tre,DLF Phase 3,hairdresser,MED,,,,https://www.openstreetmap.org/node/13296721130,none,
Geetanjali Salon,Galleria Market,beauty,MED,,,,https://www.openstreetmap.org/node/10704460406,none,
VLCC,Galleria Market,beauty,MED,,,,https://www.openstreetmap.org/node/13176624280,none,
Aesthetics Redefined,Galleria Market,beauty,MED,,,,https://www.openstreetmap.org/node/13176653336,none,
GV Hair Unisex,Galleria Market,beauty,MED,,,,https://www.openstreetmap.org/node/13176667049,none,
Bblunt Salon,Galleria Market,beauty,MED,,,,https://www.openstreetmap.org/node/13176667056,none,
Sinh Salon,Galleria Market,hairdresser,MED,+91 01244251845,https://sinh.co.in/,,https://www.openstreetmap.org/node/13246707646,osm,
Headmasters Salon,Galleria Market,hairdresser,MED,,,,https://www.openstreetmap.org/node/13246707656,none,
PVR Cinames,Sikanderpur,cinema,MED,,,,https://www.openstreetmap.org/node/410058755,none,
Binge,DLF Phase 1,bakery,LOW,,,,https://www.openstreetmap.org/node/4710027589,none,
Bharat Petroleum,DLF Phase 1,fuel,LOW,,,,https://www.openstreetmap.org/node/6071158915,none,
Mahindra,DLF Phase 1,car,LOW,,,,https://www.openstreetmap.org/node/6071158916,none,
Dr. Khosla's Dental Clinic,DLF Phase 1,dentist,LOW,+91-124-4036918,,H-35,https://www.openstreetmap.org/node/9447044303,osm,
G-Town Wines,DLF Phase 1,alcohol,LOW,,,,https://www.openstreetmap.org/node/10690963350,none,
Maruti Suzuki,DLF Phase 1,car_repair,LOW,,,,https://www.openstreetmap.org/node/11037384824,none,
Red Orchid Spa MG Road,DLF Phase 1,massage,LOW,+91-9899620796,,"Unit no 18, MGF Mega City Mall, Unit No 18, First Floor, Mehrauli-Gurgaon Road",https://www.openstreetmap.org/node/11238183299,osm,
Third Wave Coffee Roasters,DLF Phase 1,coffee,LOW,,,,https://www.openstreetmap.org/node/13110400367,none,
Theme Piano World,DLF Phase 1,musical_instrument,LOW,,,,https://www.openstreetmap.org/node/13175500414,none,
Kanishk Mehta,DLF Phase 1,clothes,LOW,,,,https://www.openstreetmap.org/node/13176598977,none,
Skoda,DLF Phase 1,car,LOW,,,,https://www.openstreetmap.org/node/13176626197,none,
The Sleep Company,DLF Phase 1,bed,LOW,,,,https://www.openstreetmap.org/node/13176634082,none,
Studio Bespoke: Gentlemen’s Attire,DLF Phase 1,clothes,LOW,,,,https://www.openstreetmap.org/node/13176636656,none,
Doctor Ohris Dental Clinic,DLF Phase 1,dentist,LOW,,,,https://www.openstreetmap.org/node/13176641403,none,
Samsung,DLF Phase 1,electronics,LOW,,,,https://www.openstreetmap.org/node/13176643013,none,
Maya Toys and Sports,DLF Phase 1,toys,LOW,,,,https://www.openstreetmap.org/node/13176643014,none,
The New Beginning,DLF Phase 1,doctors,LOW,+91 124 422 7991; +91 124 422 7838; +91 98103 03336,,,https://www.openstreetmap.org/node/13176643803,osm,
Karan & Moin Menswear,DLF Phase 1,clothes,LOW,,,,https://www.openstreetmap.org/node/13176646905,none,
Momentz,DLF Phase 1,gift,LOW,+91 9818683000,https://momentz.in/,,https://www.openstreetmap.org/node/13176650930,osm,
Verity Lex Legal Consulting,DLF Phase 1,lawyer,LOW,+91 81786 72224; +91 95553 40017,,,https://www.openstreetmap.org/node/13176652384,osm,
Mayank Chawla Menswear,DLF Phase 1,clothes,LOW,,,,https://www.openstreetmap.org/node/13176653299,none,
Dr Ohris Dental Clinic,DLF Phase 1,dentist,LOW,,,,https://www.openstreetmap.org/node/13176653327,none,
Royal Enfield,DLF Phase 1,motorcycle,LOW,,,,https://www.openstreetmap.org/node/13176653334,none,
Fabuliv,DLF Phase 1,furniture,LOW,,,,https://www.openstreetmap.org/node/13176657054,none,
Frontier Kia,DLF Phase 1,car,LOW,+91 9619531996;+91 8045888759,,A-14,https://www.openstreetmap.org/node/13176658577,osm,
Trooth Dental,DLF Phase 1,dentist,LOW,,,,https://www.openstreetmap.org/node/13176658578,none,
Tulip Kuchen,DLF Phase 1,kitchen,LOW,,https://tulipkuchen.com/,,https://www.openstreetmap.org/node/13176658809,none,
Tata Motors,DLF Phase 1,car,LOW,,,,https://www.openstreetmap.org/node/13176666796,none,
Sanjeev Dutta Personality School,DLF Phase 1,educational_institution,LOW,,,,https://www.openstreetmap.org/node/13176667044,none,
Studio One,DLF Phase 1,clothes,LOW,,,,https://www.openstreetmap.org/node/13176667062,none,
Seeash,DLF Phase 1,video,LOW,,,,https://www.openstreetmap.org/node/13176667064,none,
Bespoke Tailors,DLF Phase 1,tailor,LOW,,,,https://www.openstreetmap.org/node/13176667075,none,
Omaansh By kushal Jain of FAIRDEALS Karolbag,DLF Phase 1,tailor,LOW,,,,https://www.openstreetmap.org/node/13176667076,none,
Paperfry.com,DLF Phase 1,furniture,LOW,,,,https://www.openstreetmap.org/node/13176667077,none,
Trade Uno Fabrics,DLF Phase 1,fabric,LOW,+91 8130554637,https://www.tradeuno.com/,,https://www.openstreetmap.org/node/13176669329,osm,
"Uncover Laser, Skin & Hair Clinic",DLF Phase 1,doctors,LOW,+91 9752007200;+91 9220504407,https://uncover.co.in/,,https://www.openstreetmap.org/node/13176674137,osm,
Ruchika Hurria,DLF Phase 1,clothes,LOW,,,,https://www.openstreetmap.org/node/13176679633,none,
Vinfast,DLF Phase 1,car,LOW,,,,https://www.openstreetmap.org/node/13176681050,none,
Kohler,DLF Phase 1,appliance,LOW,,,,https://www.openstreetmap.org/node/13176681051,none,
Terragi,DLF Phase 1,clothes,LOW,,,,https://www.openstreetmap.org/node/13176704365,none,
Gorgia Properties,DLF Phase 1,estate_agent,LOW,,,,https://www.openstreetmap.org/node/13176704366,none,
Maruti Suzuki NEXA,DLF Phase 1,car,LOW,,,,https://www.openstreetmap.org/node/13243334781,none,
Suchali's Artisan Bakehouse,DLF Phase 1,bakery,LOW,,,,https://www.openstreetmap.org/node/13243334783,none,
Dohful,DLF Phase 1,coffee,LOW,,,,https://www.openstreetmap.org/node/13243334787,none,
Surabhi Arya,DLF Phase 1,clothes,LOW,,,,https://www.openstreetmap.org/node/13246426332,none,
Rainbow Toys,DLF Phase 1,toys,LOW,+91 01244039833,,,https://www.openstreetmap.org/node/13246426333,osm,
Regalo Kitchens,DLF Phase 1,kitchen,LOW,,,,https://www.openstreetmap.org/node/13246426334,none,
Mayuri's Bespoke Studio,DLF Phase 1,tailor,LOW,,,,https://www.openstreetmap.org/node/13246426335,none,
Shutiq,DLF Phase 1,shoes,LOW,,,,https://www.openstreetmap.org/node/13246426337,none,
House of Lalittya,DLF Phase 1,interior_design,LOW,+91 9810318175,https://www.lalittya.com/,,https://www.openstreetmap.org/node/13246426340,osm,
Wooden Street,DLF Phase 1,furniture,LOW,,https://www.woodenstreet.com/,,https://www.openstreetmap.org/node/13246426341,none,
Gurgaon Bikes,DLF Phase 1,bicycle,LOW,,,,https://www.openstreetmap.org/node/13246426342,none,
Acer Mall,DLF Phase 1,computer,LOW,+91 9513384675,https://acermall.shopacer.co.in/shop/a-one-music&computers-acer-mall-exclusive-store-desktop-shop-computer-showroom-in-haryana-gurgaon-1660,,https://www.openstreetmap.org/node/13246426343,osm,
House of Urvashi,DLF Phase 1,clothes,LOW,,,,https://www.openstreetmap.org/node/13246426344,none,
Bharat Reshma,DLF Phase 1,clothes,LOW,+91 9811035034,https://bharatreshma.com/pages/gurugram-store-haryana,,https://www.openstreetmap.org/node/13246426346,osm,
Sikanderpur Fish Market,DLF Phase 1,butcher,LOW,,,,https://www.openstreetmap.org/way/1433587273,none,
Indian Oil,DLF Phase 2,fuel,LOW,,,,https://www.openstreetmap.org/node/249054695,none,
English Wine and Beer,DLF Phase 2,alcohol,LOW,,,,https://www.openstreetmap.org/node/444208659,none,
BlackRock,DLF Phase 2,financial,LOW,,,,https://www.openstreetmap.org/node/5596432684,none,
Bravura Solutions,DLF Phase 2,insurance,LOW,,,,https://www.openstreetmap.org/node/6392418985,none,
Dental Harbour,DLF Phase 2,dentist,LOW,,,,https://www.openstreetmap.org/node/7622826289,none,
Cosmodentz Dental Clinic,DLF Phase 2,dentist,LOW,,,,https://www.openstreetmap.org/node/7622826293,none,
RBS Dental Clinic,DLF Phase 2,dentist,LOW,,,,https://www.openstreetmap.org/node/7622826336,none,
Daily Need General Store,DLF Phase 2,confectionery,LOW,,,,https://www.openstreetmap.org/node/10961015275,none,
91 Springboard,DLF Phase 2,coworking,LOW,,https://www.91springboard.com/co-working-office-space-gurugram/7a-dlf-cyber-city/,,https://www.openstreetmap.org/node/13243404916,none,
Unicorn,DLF Phase 2,electronics,LOW,,,,https://www.openstreetmap.org/node/13293400506,none,
Nike,DLF Phase 2,clothes,LOW,,,,https://www.openstreetmap.org/node/13293400513,none,
Kings Kulfi,DLF Phase 2,ice_cream,LOW,,,,https://www.openstreetmap.org/node/13295285678,none,
The Body Shop,DLF Phase 2,cosmetics,LOW,,,,https://www.openstreetmap.org/node/13295285681,none,
Sunglass Hut,DLF Phase 2,optician,LOW,,,,https://www.openstreetmap.org/node/13295285682,none,
Cococart,DLF Phase 2,chocolate,LOW,,,,https://www.openstreetmap.org/node/13295285683,none,
World's Finest Spirits,DLF Phase 2,alcohol,LOW,,,,https://www.openstreetmap.org/way/351608309,none,
Dr. Khullar's Dental Clinic,DLF Phase 3,dentist,LOW,,,,https://www.openstreetmap.org/node/7622826270,none,
Dental Cure and Care Centre,DLF Phase 3,dentist,LOW,,,,https://www.openstreetmap.org/node/7622826279,none,
Garg Dental Care,DLF Phase 3,dentist,LOW,,,,https://www.openstreetmap.org/node/7622826314,none,
The Chocolate Room,DLF Phase 3,chocolate,LOW,,,,https://www.openstreetmap.org/node/13296673496,none,
Häagen-Dazs,DLF Phase 3,ice_cream,LOW,,,,https://www.openstreetmap.org/node/13296680518,none,
D'Shoe Lounge,DLF Phase 3,shoes,LOW,,,,https://www.openstreetmap.org/node/13296688580,none,
Ancestry,DLF Phase 3,clothes,LOW,,,,https://www.openstreetmap.org/node/13296688581,none,
Meena Bazaar,DLF Phase 3,clothes,LOW,,,,https://www.openstreetmap.org/node/13296688583,none,
Adidas,DLF Phase 3,sports,LOW,,,,https://www.openstreetmap.org/node/13296688584,none,
Saundh,DLF Phase 3,clothes,LOW,,,,https://www.openstreetmap.org/node/13296688585,none,
Ritu Kumar,DLF Phase 3,clothes,LOW,,,,https://www.openstreetmap.org/node/13296688586,none,
Mothercare,DLF Phase 3,baby_goods,LOW,,,,https://www.openstreetmap.org/node/13296688587,none,
Lenskart,DLF Phase 3,optician,LOW,,,,https://www.openstreetmap.org/node/13296688588,none,
Pure,DLF Phase 3,interior_decoration,LOW,,,,https://www.openstreetmap.org/node/13296688589,none,
Chicco,DLF Phase 3,baby_goods,LOW,,,,https://www.openstreetmap.org/node/13296688590,none,
Cromā,DLF Phase 3,electronics,LOW,,,,https://www.openstreetmap.org/node/13296688591,none,
Sweet Dreams,DLF Phase 3,clothes,LOW,,,,https://www.openstreetmap.org/node/13296688592,none,
Suvasa,DLF Phase 3,clothes,LOW,,,,https://www.openstreetmap.org/node/13296688593,none,
Samsonite,DLF Phase 3,bag,LOW,,,,https://www.openstreetmap.org/node/13296688594,none,
Globaldesi,DLF Phase 3,clothes,LOW,,,,https://www.openstreetmap.org/node/13296688596,none,
Ecco,DLF Phase 3,shoes,LOW,,,,https://www.openstreetmap.org/node/13296688597,none,
Biba,DLF Phase 3,clothes,LOW,,,,https://www.openstreetmap.org/node/13296688598,none,
H&M,DLF Phase 3,clothes,LOW,,,,https://www.openstreetmap.org/node/13296688599,none,
One Friday,DLF Phase 3,clothes,LOW,,,,https://www.openstreetmap.org/node/13296688600,none,
Van Heusen,DLF Phase 3,clothes,LOW,,,,https://www.openstreetmap.org/node/13296721101,none,
Hush Puppies,DLF Phase 3,shoes,LOW,,,,https://www.openstreetmap.org/node/13296721103,none,
Mohanlal Sons,DLF Phase 3,clothes,LOW,,,,https://www.openstreetmap.org/node/13296721104,none,
Samsung,DLF Phase 3,electronics,LOW,,,,https://www.openstreetmap.org/node/13296721105,none,
GKB Opticals,DLF Phase 3,optician,LOW,,,,https://www.openstreetmap.org/node/13296721106,none,
Jaypor,DLF Phase 3,clothes,LOW,,,,https://www.openstreetmap.org/node/13296721107,none,
Mi Arcus,DLF Phase 3,clothes,LOW,,,,https://www.openstreetmap.org/node/13296721108,none,
Aurelia,DLF Phase 3,clothes,LOW,,,,https://www.openstreetmap.org/node/13296721109,none,
Delsey Paris,DLF Phase 3,bag,LOW,,,,https://www.openstreetmap.org/node/13296721110,none,
Sony Centre,DLF Phase 3,electronics,LOW,,,,https://www.openstreetmap.org/node/13296721111,none,
Toy Factory,DLF Phase 3,toys,LOW,,,,https://www.openstreetmap.org/node/13296721112,none,
Mustard,DLF Phase 3,clothes,LOW,,,,https://www.openstreetmap.org/node/13296721113,none,
Anita Dongre,DLF Phase 3,clothes,LOW,,,,https://www.openstreetmap.org/node/13296721114,none,
Go Colors!,DLF Phase 3,clothes,LOW,,,,https://www.openstreetmap.org/node/13296721115,none,
Reliance Digital,DLF Phase 3,electronics,LOW,,,,https://www.openstreetmap.org/node/13296721116,none,
Anokhi,DLF Phase 3,clothes,LOW,,,,https://www.openstreetmap.org/node/13296721117,none,
Iconic Kids,DLF Phase 3,clothes,LOW,,,,https://www.openstreetmap.org/node/13296721118,none,
Fabindia,DLF Phase 3,clothes,LOW,,,,https://www.openstreetmap.org/node/13296721119,none,
Lenovo,DLF Phase 3,computer,LOW,,,,https://www.openstreetmap.org/node/13296721121,none,
Kate & Oscar,DLF Phase 3,clothes,LOW,,,,https://www.openstreetmap.org/node/13296721123,none,
Meena Bazaar,DLF Phase 3,clothes,LOW,,,,https://www.openstreetmap.org/node/13296721124,none,
Reliance Digital,DLF Phase 3,electronics,LOW,,,,https://www.openstreetmap.org/node/13296721125,none,
W,DLF Phase 3,clothes,LOW,,,,https://www.openstreetmap.org/node/13296721126,none,
Sabhyata,DLF Phase 3,clothes,LOW,,,,https://www.openstreetmap.org/node/13296721127,none,
Soch,DLF Phase 3,clothes,LOW,,,,https://www.openstreetmap.org/node/13296721128,none,
Panna,DLF Phase 3,clothes,LOW,,,,https://www.openstreetmap.org/node/13296721129,none,
DLF City Club Swimming Pool,DLF Phase 3,sports_centre,LOW,,,,https://www.openstreetmap.org/way/456875783,none,
Shri Balaji Store,Galleria Market,dairy,LOW,,,,https://www.openstreetmap.org/node/10688307095,none,
The Cake Company,Galleria Market,pastry,LOW,,,,https://www.openstreetmap.org/node/10688316841,none,
Daily Dose,Galleria Market,alcohol,LOW,,,,https://www.openstreetmap.org/node/10869059264,none,
Hindustan Petroleum,Galleria Market,fuel,LOW,,,,https://www.openstreetmap.org/node/10869059265,none,
Om Electrical,Galleria Market,electrical,LOW,,,"12, A55",https://www.openstreetmap.org/node/10925506088,none,
Lakeforest Wines,Galleria Market,alcohol,LOW,,,,https://www.openstreetmap.org/node/11109926060,none,
Red Orchid Spa Gurgaon,Galleria Market,massage,LOW,+91-124-4287808,,"A 26/14, 2nd Floor, A 26, 14, Golf Course Rd, DLF Phase 1, Sector 28,",https://www.openstreetmap.org/node/11238180264,osm,
Rarity Dental,Galleria Market,dentist,LOW,+91 78994 18483,https://raritydental.com,,https://www.openstreetmap.org/node/13176612124,osm,
DuckDuckBaby,Galleria Market,baby_goods,LOW,,,,https://www.openstreetmap.org/node/13176619916,none,
Heads Up for Tails,Galleria Market,pet,LOW,,,,https://www.openstreetmap.org/node/13176667055,none,
Discovery Liquor Warehouse,Galleria Market,alcohol,LOW,,,,https://www.openstreetmap.org/node/13243279484,none,
Skinfinity Derma,Galleria Market,doctors,LOW,+91 8591110110,,,https://www.openstreetmap.org/node/13246707608,osm,
Lakeforest Wines,Galleria Market,alcohol,LOW,,,,https://www.openstreetmap.org/node/13246707621,none,
Balaji Daily Needs,Galleria Market,general,LOW,,,,https://www.openstreetmap.org/node/13246707622,none,
Midea Proshop,Galleria Market,appliance,LOW,+91 8882702822,,,https://www.openstreetmap.org/node/13246707623,osm,
D'Decor,Galleria Market,bed,LOW,,,,https://www.openstreetmap.org/node/13246707624,none,
Immersive Technologies,Galleria Market,yes,LOW,+91 9810019402;+91 9810399402,https://www.immersivetech.in/,,https://www.openstreetmap.org/node/13246707625,osm,
Bombay Shirt Company,Galleria Market,clothes,LOW,,,,https://www.openstreetmap.org/node/13246707644,none,
ibaby,Galleria Market,baby_goods,LOW,,https://ibabyxpress.com/pages/golf-course-road-gurgaon,,https://www.openstreetmap.org/node/13246707645,none,
Mirea by Dr. Meghana Gupta,Galleria Market,doctors,LOW,+91 9800008466,https://www.mireaclinics.com/,,https://www.openstreetmap.org/node/13246707648,osm,
Electronics Mart,Galleria Market,appliance,LOW,,,,https://www.openstreetmap.org/node/13246707655,none,
Karishma Tiles & Stones,Galleria Market,flooring,LOW,+91 9818862969,https://karishmatiles.com/tiles-showroom-in-gurgaon,,https://www.openstreetmap.org/node/13246707658,osm,
Paisley,Galleria Market,clothes,LOW,+91 8377991999;+91 8355991999,https://thepaisleyfabrics.com/,,https://www.openstreetmap.org/node/13246707659,osm,
Odelia,Galleria Market,clothes,LOW,,,,https://www.openstreetmap.org/node/13246707660,none,