Business Name,Primary Type,Phone,Rating,Reviews,Address,Maps Link,Website
Cloud kitchen Gurgaon,restaurant,078887 93494,5,1,"7, Chanderlok, DLF City IV, Gurugram, Haryana 122002, India",https://maps.google.com/?cid=8061120027705305212&g_mp=Cidnb29nbGUubWFwcy5wbGFjZXMudjEuUGxhY2VzLlNlYXJjaFRleHQQAhgEIAA,
"The Croffle Guys | Udyog Vihar, Cloud Kitchen",restaurant,093548 55455,4.7,7,"651, Udyog Vihar Phase V Rd, Udyog Vihar 3, Phase V, Udyog Vihar, Sector 19, Gurugram, Haryana 122016, India",https://maps.google.com/?cid=13064431075310700087&g_mp=Cidnb29nbGUubWFwcy5wbGFjZXMudjEuUGxhY2VzLlNlYXJjaFRleHQQAhgEIAA,https://www.thecroffleguys.com/
Cloud Kitchen Tasty Home Food,meal_takeaway,098186 91398,4,4,"Noble Enclave Palam Vihar Extension, 87, Noble Enclave Road, Noble Enclave, Palam Vihar Extension, Gurugram, Noble Enclave, Palam Vihar Extension, Delhi NCR, Gurugram, Haryana 122015, India",https://maps.google.com/?cid=2926310950810164512&g_mp=Cidnb29nbGUubWFwcy5wbGFjZXMudjEuUGxhY2VzLlNlYXJjaFRleHQQAhgEIAA,
The Kurry Tadka | catering and food delivery Service,food_court,098109 97870,4.9,26,"H. No. 1214, Jharsa, Sector 46, Gurugram, Haryana 122022, India",https://maps.google.com/?cid=2594693085306257266&g_mp=Cidnb29nbGUubWFwcy5wbGFjZXMudjEuUGxhY2VzLlNlYXJjaFRleHQQAhgEIAA,https://zomato.onelink.me/xqzv/w2ezckyu
Curry Ghar – Hyderabad Style South Indian Cloud Kitchen,food_court,,5,1,"U 54, Cyber City, 5, U Block, DLF Phase 3, Sector 24, Gurugram, Haryana 120010, India",https://maps.google.com/?cid=4218879103298845160&g_mp=Cidnb29nbGUubWFwcy5wbGFjZXMudjEuUGxhY2VzLlNlYXJjaFRleHQQAhgEIAA,
FOOD iN JOY (A Cloud Kitchen),restaurant,088004 36962,4.9,11,"DSS 104, Mini, Huda Market, Sector 31, near Canara Bank, Sector 31, Gurugram, Haryana 122001, India",https://maps.google.com/?cid=6771728030326583459&g_mp=Cidnb29nbGUubWFwcy5wbGFjZXMudjEuUGxhY2VzLlNlYXJjaFRleHQQAhgEIAA,
The Minimalist Foodiee Cloud Kitchen.,food_court,092782 58705,4.5,36,"PLOT NO . 79, behind GRAMIN BANK, Jharsa, Kilhore Patti, Jharsa Village, Sector 39, Gurugram, Haryana 122003, India",https://maps.google.com/?cid=6369493241426146274&g_mp=Cidnb29nbGUubWFwcy5wbGFjZXMudjEuUGxhY2VzLlNlYXJjaFRleHQQAhgEIAA,
Mukku's Kitchen – Cloud Kitchen & Tiffin Service,restaurant,095845 50787,4.9,34,"F Block, Suncity, Sector 54, Gurugram, Haryana 122011, India",https://maps.google.com/?cid=4671810233434927931&g_mp=Cidnb29nbGUubWFwcy5wbGFjZXMudjEuUGxhY2VzLlNlYXJjaFRleHQQAhgEIAA,
HotBox Cloud Kitchen,wholesaler,097114 99151,5,16,"HotBox, House No 14, Gali No. A10, Block C, Ashok Vihar Phase III Extension, Gurugram, Haryana 122001, India",https://maps.google.com/?cid=13779203263597867844&g_mp=Cidnb29nbGUubWFwcy5wbGFjZXMudjEuUGxhY2VzLlNlYXJjaFRleHQQAhgEIAA,https://hotbox-cloud-kitchen.grexa.site/
Cloudnine Kitchen Services,breakfast_restaurant,,5,1,"Shop No 5, Mini, Huda Market, Sector 31, Gurugram, Haryana 122001, India",https://maps.google.com/?cid=12905932294762941156&g_mp=Cidnb29nbGUubWFwcy5wbGFjZXMudjEuUGxhY2VzLlNlYXJjaFRleHQQAhgEIAA,
Colonel's Kababz | Corporate Office & Cloud Kitchen,north_indian_restaurant,098683 74769,3.5,10,"GROUND FLOOR, 832, Udyog Vihar Phase V Rd, Phase V, Udyog Vihar, Sector 19, New Delhi, Gurugram, Haryana 122016, India",https://maps.google.com/?cid=325508217810332655&g_mp=Cidnb29nbGUubWFwcy5wbGFjZXMudjEuUGxhY2VzLlNlYXJjaFRleHQQAhgEIAA,
Tadka Cloud Kitchen,food_store,,5,10,"Subhash Nagar, Sector 12, Gurugram, Haryana 122001, India",https://maps.google.com/?cid=10256031068817847320&g_mp=Cidnb29nbGUubWFwcy5wbGFjZXMudjEuUGxhY2VzLlNlYXJjaFRleHQQAhgEIAA,
Tasty Heaven By Jerrie & Snow(Cloud Kitchen),restaurant,098293 90719,5,4,"Av. 69, Sector 69, Gurugram, Haryana 122101, India",https://maps.google.com/?cid=8564192299510912767&g_mp=Cidnb29nbGUubWFwcy5wbGFjZXMudjEuUGxhY2VzLlNlYXJjaFRleHQQAhgEIAA,https://link.zomato.com/xqzv/rshare?id=12626794030563ca4
Richa cloud kitchen,chinese_restaurant,070653 67848,4.9,10,"House no.57a, phase 3, ganga vihar, Gali Number 3, Old Rajender Nagar, Nihali Colony, Sector 110, Gurugram, Haryana 122017, India",https://maps.google.com/?cid=11928362674114589045&g_mp=Cidnb29nbGUubWFwcy5wbGFjZXMudjEuUGxhY2VzLlNlYXJjaFRleHQQAhgEIAA,
MAA CLOUD KITCHEN,meal_delivery,088603 26332,5,7,"1073, Kamla Apartments, 2, Jharsa, Jharsa Village, Sector 39, Gurugram, Haryana 122003, India",https://maps.google.com/?cid=7451304807547182571&g_mp=Cidnb29nbGUubWFwcy5wbGFjZXMudjEuUGxhY2VzLlNlYXJjaFRleHQQAhgEIAA,
Addu cloud kitchen and tiffin,restaurant,072740 66054,5,3,"houseno/216, Housing board colony, near LOTUS VALLEY SCHOOL, Tigra, Sector 57, Gurugram, Haryana 122011, India",https://maps.google.com/?cid=12786758509258926467&g_mp=Cidnb29nbGUubWFwcy5wbGFjZXMudjEuUGxhY2VzLlNlYXJjaFRleHQQAhgEIAA,
Street Foods By Punjab Grill Cloud Kitchen Udyog Vihar,indian_restaurant,081305 76710,2.7,35,"268, Rao Gajraj Singh Marg, Phase IV, Udyog Vihar, Sector 19, Gurugram, Haryana 122015, India",https://maps.google.com/?cid=17869189394635880354&g_mp=Cidnb29nbGUubWFwcy5wbGFjZXMudjEuUGxhY2VzLlNlYXJjaFRleHQQAhgEIAA,https://www.lbf.co.in/brand/street-foods-by-punjab-grill
Claypot Kitchens,north_indian_restaurant,093112 12800,4.9,455,"SCO-23, Housing Board Shopping Complex, opposite Maruti Vihar Exit Gate Road, near Mehrauli-Gurgaon Road, Saraswati Vihar, Chakkarpur, Gurugram, Haryana 122002, India",https://maps.google.com/?cid=5644307322043600528&g_mp=Cidnb29nbGUubWFwcy5wbGFjZXMudjEuUGxhY2VzLlNlYXJjaFRleHQQAhgEIAA,
BFFbites -cloud kitchen,north_indian_restaurant,098701 29142,5,2,"Friends colony, Ashram chowk, Bhondsi, Maruti Kunj, Gurugram, Haryana 122102, India",https://maps.google.com/?cid=8156956847417395760&g_mp=Cidnb29nbGUubWFwcy5wbGFjZXMudjEuUGxhY2VzLlNlYXJjaFRleHQQAhgEIAA,
Housewives kitchen,store,096540 03419,4.6,409,"Shree Ram Complex, Building 3, 2, C-Block, above Nirulas, Block C, Sushant Lok Phase I, Sector 43, Gurugram, Haryana 122001, India",https://maps.google.com/?cid=6411650309954744856&g_mp=Cidnb29nbGUubWFwcy5wbGFjZXMudjEuUGxhY2VzLlNlYXJjaFRleHQQAhgEIAA,
Kalakaari,north_indian_restaurant,099900 70307,4,35,"Vijay Complex, A Block Main Rd, Chanderlok, DLF Phase IV, Gurugram, Haryana 122009, India",https://maps.google.com/?cid=5604507333598893959&g_mp=Cidnb29nbGUubWFwcy5wbGFjZXMudjEuUGxhY2VzLlNlYXJjaFRleHQQAhgEIAA,http://www.kalakaarikitchen.com/
Aamar Cloud Kitchen,indian_restaurant,087960 88249,4,1,"House 647, Chakkarpur, near Radha Krishna Mandir Road, sector 28, Kapas Hera, Gurugram, New Delhi, Delhi 110097, India",https://maps.google.com/?cid=4853157775225987452&g_mp=Cidnb29nbGUubWFwcy5wbGFjZXMudjEuUGxhY2VzLlNlYXJjaFRleHQQAhgEIAA,
Hema's Cloud kitchen,food,085955 31610,5,17,"Sector 76, Gurugram, Haryana 122012, India",https://maps.google.com/?cid=13212796133169891160&g_mp=Cidnb29nbGUubWFwcy5wbGFjZXMudjEuUGxhY2VzLlNlYXJjaFRleHQQAhgEIAA,
kuldeep cloud kitchen,indian_restaurant,,4.1,9,"H no C112, Sai Kunj New Palam Vihar, A, Lane No. V-28, Sai Kunj, Block A, New Palam Vihar Phase 3, Sector 110A, Gurugram, Haryana 122017, India",https://maps.google.com/?cid=17165113561293657833&g_mp=Cidnb29nbGUubWFwcy5wbGFjZXMudjEuUGxhY2VzLlNlYXJjaFRleHQQAhgEIAA,
Chef king Cloud Kitchens & Restaurant Pvt.Ltd,fast_food_restaurant,098127 06320,3.7,20,"1 Bhangrola Road Bass Gaon, Sector 15, Imt Manesar, Gurugram, Haryana 122505, India",https://maps.google.com/?cid=2436895652090317802&g_mp=Cidnb29nbGUubWFwcy5wbGFjZXMudjEuUGxhY2VzLlNlYXJjaFRleHQQAhgEIAA,
"Cavaza - Indian, Continental & Chinese food cloud kitchen",restaurant,085952 28292,5,12,"Booth 40/38, HUDA Market, Islampur Colony, Sector 38, Gurugram, Haryana 122018, India",https://maps.google.com/?cid=2364781863643616008&g_mp=Cidnb29nbGUubWFwcy5wbGFjZXMudjEuUGxhY2VzLlNlYXJjaFRleHQQAhgEIAA,http://www.cavaza.in/
Maharashtra Non Veg Delight (Cloud kitchen),restaurant,077095 78829,,,"A9, Amichand Colony, Aya Nagar Extn, Phase 2, Aya Nagar, New Delhi, Delhi 110047, India",https://maps.google.com/?cid=9707665352170457313&g_mp=Cidnb29nbGUubWFwcy5wbGFjZXMudjEuUGxhY2VzLlNlYXJjaFRleHQQAhgEIAA,
Jina's Kitchen,restaurant,077680 07775,4.9,13,"1402A, Maruti Vihar, Maruti Housing Colony, Gurugram, Haryana 122002, India",https://maps.google.com/?cid=10440329696957486387&g_mp=Cidnb29nbGUubWFwcy5wbGFjZXMudjEuUGxhY2VzLlNlYXJjaFRleHQQAhgEIAA,
RestroMark - Cloud Kitchen Marketing & Restaurant Consultancy Experts,service,,5,1,"Level 1, Building No 10A, DLF Cyber City, DLF Phase 2, Sector 24, Gurugram, Haryana 122002, India",https://maps.google.com/?cid=12093103239506008107&g_mp=Cidnb29nbGUubWFwcy5wbGFjZXMudjEuUGxhY2VzLlNlYXJjaFRleHQQAhgEIAA,https://restromark.com/
Sovic's Kitchen | Best Cloud Kitchen in Delhi,restaurant,098104 68377,4.9,66,"Krishna Market, Block E, Lajpat Nagar I, Lajpat Nagar, New Delhi, Delhi 110024, India",https://maps.google.com/?cid=4713762746455668522&g_mp=Cidnb29nbGUubWFwcy5wbGFjZXMudjEuUGxhY2VzLlNlYXJjaFRleHQQAhgEIAA,
The Clay Platter,restaurant,099535 40750,4.9,12,"shop 4, Zone 6, Ashok Vihar Phase 2, near Hanuman Mandir Marg, Old, Gurgaon Rural, Gurugram, Haryana 122006, India",https://maps.google.com/?cid=8806614810372795176&g_mp=Cidnb29nbGUubWFwcy5wbGFjZXMudjEuUGxhY2VzLlNlYXJjaFRleHQQAhgEIAA,
Khameera - Artisanal Pizzas | Cloud Kitchen - Pizza Delivery in Gurugram,pizza_delivery,099711 23444,4.5,8,"Second floor backside, H-16/6, Sikanderpur, DLF Phase 1, Sector 26, Gurugram, Haryana 122002, India",https://maps.google.com/?cid=5391711352249375998&g_mp=Cidnb29nbGUubWFwcy5wbGFjZXMudjEuUGxhY2VzLlNlYXJjaFRleHQQAhgEIAA,
Khameera - Artisanal Pizzas | Cloud Kitchen - Pizza Delivery in Gurugram Sec - 51,pizza_delivery,095990 80168,5,2,"Shop No. 6 & 7, behind Ocus Technopolis, Samaspur Village, Sector 51, Gurugram, Haryana 122018, India",https://maps.google.com/?cid=11484179917836956807&g_mp=Cidnb29nbGUubWFwcy5wbGFjZXMudjEuUGxhY2VzLlNlYXJjaFRleHQQAhgEIAA,https://www.khameera.com/
Saravana Bhavan (Cloud Kitchen),south_indian_restaurant,0124 447 7740,2.8,109,"C374+523, Sector 49, Gurugram, Haryana 122018, India",https://maps.google.com/?cid=4943604356282630793&g_mp=Cidnb29nbGUubWFwcy5wbGFjZXMudjEuUGxhY2VzLlNlYXJjaFRleHQQAhgEIAA,
Balji Rasoi,meal_delivery,098996 03724,4.8,89,"Sector 40 198, Sector 40, Gurugram, Haryana 122003, India",https://maps.google.com/?cid=926955848740941806&g_mp=Cidnb29nbGUubWFwcy5wbGFjZXMudjEuUGxhY2VzLlNlYXJjaFRleHQQAhgEIAA,https://www.swiggy.com/city/gurgaon/balji-rasoi-cloud-kitchen-urban-estate-huda-city-rest711723
Hoi Foods,meal_delivery,099991 03380,3.5,76,"76F, Phase IV, Udyog Vihar, Sector 18, Gurugram, Haryana 122015, India",https://maps.google.com/?cid=2680319816864565688&g_mp=Cidnb29nbGUubWFwcy5wbGFjZXMudjEuUGxhY2VzLlNlYXJjaFRleHQQAhgEIAA,
Cyber Hub SOCIAL,bar,092280 35641,4.3,12195,"Ground Floor, DLF Tower, W 10 Rd, DLF Cyber City, DLF Phase 2, Sector 25, Gurugram, Haryana 122002, India",https://maps.google.com/?cid=17813582100991630548&g_mp=Cidnb29nbGUubWFwcy5wbGFjZXMudjEuUGxhY2VzLlNlYXJjaFRleHQQAhgEIAA,https://socialoffline.in/restaurant/cyber-hub-social/
Gargi Cloud Kitchen,meal_delivery,,,,"Tigra, Sector 57, Gurugram, Haryana 122011, India",https://maps.google.com/?cid=408246784725735094&g_mp=Cidnb29nbGUubWFwcy5wbGFjZXMudjEuUGxhY2VzLlNlYXJjaFRleHQQAhgEIAA,
Shri Hari Cloud Kitchen,association_or_organization,,,,"373/4, Ram nagar, Arjun Nagar, Sector 8, Gurugram, Haryana 122001, India",https://maps.google.com/?cid=10749836821435070959&g_mp=Cidnb29nbGUubWFwcy5wbGFjZXMudjEuUGxhY2VzLlNlYXJjaFRleHQQAhgEIAA,
T.O.O.K The Olive Oil Kitchen,mediterranean_restaurant,096544 57626,4.5,37,"2nd Floor,Vijay Complex, Vakil market, Sector 28, DLF Phase IV, Gurugram, Haryana 122009, India",https://maps.google.com/?cid=1480514838072136247&g_mp=Cidnb29nbGUubWFwcy5wbGFjZXMudjEuUGxhY2VzLlNlYXJjaFRleHQQAhgEIAA,
Zayka Of Indore (Cloud Kitchen),restaurant,,5,2,"Riddhi Siddhi Tower-3, Gurugram, Haryana 122505, India",https://maps.google.com/?cid=12679603653554866710&g_mp=Cidnb29nbGUubWFwcy5wbGFjZXMudjEuUGxhY2VzLlNlYXJjaFRleHQQAhgEIAA,
Lettuce Meet,restaurant,092207 38844,4.9,40,"Ground floor, A-Block, A303 A, Phase 1, Sector 28, Sushant Lok Phase I, Gurugram, Haryana 122009, India",https://maps.google.com/?cid=18082435291900255902&g_mp=Cidnb29nbGUubWFwcy5wbGFjZXMudjEuUGxhY2VzLlNlYXJjaFRleHQQAhgEIAA,
Tahini - Middle Eastern Kitchen,middle_eastern_restaurant,098171 75050,2.8,81,"LG 26, South Point Mall, DLF Phase 5, Sector 53, Gurugram, Haryana 122011, India",https://maps.google.com/?cid=8616921685784392185&g_mp=Cidnb29nbGUubWFwcy5wbGFjZXMudjEuUGxhY2VzLlNlYXJjaFRleHQQAhgEIAA,https://www.tahinidelivery.com/
"DLF CyberHub (Gurugram, Haryana)",business_center,095994 00502,4.7,77304,"Ground Floor, Building, 10C, DLF Cyber City, DLF Phase 2, Sector 24, Gurugram, Haryana 122002, India",https://maps.google.com/?cid=3397972214007736897&g_mp=Cidnb29nbGUubWFwcy5wbGFjZXMudjEuUGxhY2VzLlNlYXJjaFRleHQQAhgEIAA,https://www.dlfcyberhub.com/
Punjab Grill DLF Cyber Hub,north_indian_restaurant,081305 94447,4.8,7537,"Shop 19, Ground, Cyber City, DLF Tower 10th Rd, DLF Cyber City, DLF Phase 2, Sector 24, Gurugram, Haryana 122002, India",https://maps.google.com/?cid=3118023690840397409&g_mp=Cidnb29nbGUubWFwcy5wbGFjZXMudjEuUGxhY2VzLlNlYXJjaFRleHQQAhgEIAA,https://stores.lbf.co.in/store-pages/punjab-grill-cyber-hub-gurugram-gurgaon/
Mustard Madras - Cyber Hub,south_indian_restaurant,097739 94884,4.8,2222,"Dlf Cyber Hub, DLF Cyber City, DLF Phase 2, Sector 24, Gurugram, Haryana 122002, India",https://maps.google.com/?cid=7337015813519165777&g_mp=Cidnb29nbGUubWFwcy5wbGFjZXMudjEuUGxhY2VzLlNlYXJjaFRleHQQAhgEIAA,https://mustardmadras.com/
"DLF Cyber City, Gurugram",business_center,091109 91348,4.6,5466,"DLF Gateway Tower, DLF Cyber City, DLF Phase 3, Sector 24, Gurugram, Haryana 122002, India",https://maps.google.com/?cid=9366933535543992508&g_mp=Cidnb29nbGUubWFwcy5wbGFjZXMudjEuUGxhY2VzLlNlYXJjaFRleHQQAhgEIAA,https://www.dlf.in/offices/gurugram/dlfcybercity
"DLF Atria, Gurugram",business_center,0124 410 4121,4.5,602,"Block Q, DLF ATRIA, 79, Gulmohar Marg, DLF Phase 2, Sector 25, Gurugram, Haryana 122002, India",https://maps.google.com/?cid=5527352968808697383&g_mp=Cidnb29nbGUubWFwcy5wbGFjZXMudjEuUGxhY2VzLlNlYXJjaFRleHQQAhgEIAA,https://www.dlf.in/offices/gurugram/dlf-atria
"tbsp. - Tablespoon / Pizza, Pasta, BBQ",italian_restaurant,098210 02554,4.5,310,"Shop No. 21, Ground Floor, Dlf Cyber Hub, DLF Cyber City, DLF Phase 2, Sector 24, Gurugram, Haryana 122002, India",https://maps.google.com/?cid=5907539467531815147&g_mp=Cidnb29nbGUubWFwcy5wbGFjZXMudjEuUGxhY2VzLlNlYXJjaFRleHQQAhgEIAA,https://tbsp.in/
Farzi Cafe,indian_restaurant,088006 90419,4,3899,"Ground Cyber Hub, 7-8, DLF Cyber City, DLF Phase 2, Sector 24, Gurugram, Haryana 122002, India",https://maps.google.com/?cid=1744681727668558123&g_mp=Cidnb29nbGUubWFwcy5wbGFjZXMudjEuUGxhY2VzLlNlYXJjaFRleHQQAhgEIAA,
"DLF Building 9B, Cyber City Gurugram",corporate_office,0124 456 8900,4.6,1232,"DLF Building Number 9B, DLF Cyber City, DLF Phase 2, Sector 24, Gurugram, Haryana 122002, India",https://maps.google.com/?cid=10048624129446709557&g_mp=Cidnb29nbGUubWFwcy5wbGFjZXMudjEuUGxhY2VzLlNlYXJjaFRleHQQAhgEIAA,https://www.dlf.in/offices/gurugram/dlfcybercity
The Kitchens,restaurant,,4.6,109,"Global Gateway Towers, Mehrauli-Gurgaon Rd, Sikanderpur, Sector 26, Gurugram, Haryana 122002, India",https://maps.google.com/?cid=18268923892363625036&g_mp=Cidnb29nbGUubWFwcy5wbGFjZXMudjEuUGxhY2VzLlNlYXJjaFRleHQQAhgEIAA,
Anmol Cloud Kitchen,meal_takeaway,093151 60949,4.7,139,"Rd Number 2, K-Block, Mahipalpur Village, Mahipalpur, New Delhi, Delhi 110037, India",https://maps.google.com/?cid=18230046667970662268&g_mp=Cidnb29nbGUubWFwcy5wbGFjZXMudjEuUGxhY2VzLlNlYXJjaFRleHQQAhgEIAA,
247 cloud kitchen,food_store,095204 42470,4.9,131,"Subhash Nagar, Bharu Wala Grant, Dehradun, Uttarakhand 248002, India",https://maps.google.com/?cid=16436880031828240334&g_mp=Cidnb29nbGUubWFwcy5wbGFjZXMudjEuUGxhY2VzLlNlYXJjaFRleHQQAhgEIAA,http://247cloudkitchen.in/
The Royal Chefs Kitchen,indian_restaurant,075033 33392,5,123,"356, Golf Course Rd, near Rapid Rapid Metro Station, Sector 28, Chakkarpur, Gurugram, Haryana 122002, India",https://maps.google.com/?cid=13888909205416089151&g_mp=Cidnb29nbGUubWFwcy5wbGFjZXMudjEuUGxhY2VzLlNlYXJjaFRleHQQAhgEIAA,
Home cooked food by Rohini's Kitchen,meal_delivery,097169 21461,4.9,61,"GX6P+PQ4, Experion Heartsong, Sector 108, Gurugram, Haryana 122006, India",https://maps.google.com/?cid=28872017546303727&g_mp=Cidnb29nbGUubWFwcy5wbGFjZXMudjEuUGxhY2VzLlNlYXJjaFRleHQQAhgEIAA,https://linktr.ee/Rohini_Kitchen
Mun’s Kitchen,food_store,087004 86612,4.9,39,"T, near Lohmod House, DLF Phase 3, Sector 24, Gurugram, Haryana 122010, India",https://maps.google.com/?cid=4273426180896702702&g_mp=Cidnb29nbGUubWFwcy5wbGFjZXMudjEuUGxhY2VzLlNlYXJjaFRleHQQAhgEIAA,
Kitchen of RA (24 X 7),restaurant,073039 92892,4.8,193,"Shop No. 1, Crossroads Complex, NR27, DLF Phase 3, Sector 24, Gurugram, Haryana 122010, India",https://maps.google.com/?cid=2667570559280933294&g_mp=Cidnb29nbGUubWFwcy5wbGFjZXMudjEuUGxhY2VzLlNlYXJjaFRleHQQAhgEIAA,
Rozy kitchen(Home cooked food with superior quality and hygiene),food_store,074948 10698,4.9,20,"House no. 744, near Unitech Tower, Durga Colony, Sector 39, Gurugram, Haryana 122001, India",https://maps.google.com/?cid=13541802123779141666&g_mp=Cidnb29nbGUubWFwcy5wbGFjZXMudjEuUGxhY2VzLlNlYXJjaFRleHQQAhgEIAA,
Daily Eats,food_store,083686 41059,4.3,161,"Jal Vihar Colony, Sector 46, Gurugram, Haryana 122003, India",https://maps.google.com/?cid=1166114998995972798&g_mp=Cidnb29nbGUubWFwcy5wbGFjZXMudjEuUGxhY2VzLlNlYXJjaFRleHQQAhgEIAA,https://dailyeats.in/page/PrivacyPolicy
THE FAMILY KITCHEN TIFFIN SERVICE,food_court,,5,30,"Gali Number 1, West Rajiv Nagar, Sector 12, Gurugram, Haryana 122001, India",https://maps.google.com/?cid=1626841712286755231&g_mp=Cidnb29nbGUubWFwcy5wbGFjZXMudjEuUGxhY2VzLlNlYXJjaFRleHQQAhgEIAA,
A Tuck Innn Home Kitchen,food,098113 36391,4.7,55,"2253, Sector 23 Rd, Sector 23, Gurugram, Haryana 122017, India",https://maps.google.com/?cid=15940597658777390453&g_mp=Cidnb29nbGUubWFwcy5wbGFjZXMudjEuUGxhY2VzLlNlYXJjaFRleHQQAhgEIAA,
Daily Ghar Ka Khana,restaurant,099686 34349,4.8,16,"615, Housing Board Colony, Sector 17A, Sukhrali, Gurugram, Haryana 122007, India",https://maps.google.com/?cid=13108923263159138368&g_mp=Cidnb29nbGUubWFwcy5wbGFjZXMudjEuUGxhY2VzLlNlYXJjaFRleHQQAhgEIAA,https://wa.me/c/919968634349
We The Chefs,meal_delivery,088009 88490,4.8,144,"926, Sector 51, Gurugram, Haryana 122018, India",https://maps.google.com/?cid=9100811075979940214&g_mp=Cidnb29nbGUubWFwcy5wbGFjZXMudjEuUGxhY2VzLlNlYXJjaFRleHQQAhgEIAA,https://www.wethechefs.in/
GR's Kitchen and Catering Services,north_indian_restaurant,084482 14495,4.7,126,"4, Ardee Mall Rd, Block B, Block C, Ardee City, Sector 52, Gurugram, Haryana 122003, India",https://maps.google.com/?cid=5638317333946110570&g_mp=Cidnb29nbGUubWFwcy5wbGFjZXMudjEuUGxhY2VzLlNlYXJjaFRleHQQAhgEIAA,
Bhawana's Kitchen,breakfast_restaurant,098999 46094,4.8,38,"Rezang La Marg, Block F, Carterpuri Village, Choma, Gurugram, Haryana 122017, India",https://maps.google.com/?cid=7689031133674562308&g_mp=Cidnb29nbGUubWFwcy5wbGFjZXMudjEuUGxhY2VzLlNlYXJjaFRleHQQAhgEIAA,https://www.bhawanaskitchen.com/
Shree Jee Food Kitchen,restaurant,092116 67060,5,30,"Hong Kong Bazaar, Block G, Sushant Lok 2, Sector 57, Gurugram, Haryana 122011, India",https://maps.google.com/?cid=10697959104918331964&g_mp=Cidnb29nbGUubWFwcy5wbGFjZXMudjEuUGxhY2VzLlNlYXJjaFRleHQQAhgEIAA,
Annie’s Home Kitchen,bakery,093112 21132,4.9,151,"JoyVille Shapoorji Housing, Sector 102, Gurugram, Haryana 122505, India",https://maps.google.com/?cid=8377629289331292426&g_mp=Cidnb29nbGUubWFwcy5wbGFjZXMudjEuUGxhY2VzLlNlYXJjaFRleHQQAhgEIAA,https://annieshomekitchen.com/
Mir's Kitchen,food,099994 47573,4.9,57,"504, 1st Floor, Chauhan Complex, outside, orris society, near Iris Broadway, Sector 85, Gurugram, Haryana 122004, India",https://maps.google.com/?cid=14353032693670213555&g_mp=Cidnb29nbGUubWFwcy5wbGFjZXMudjEuUGxhY2VzLlNlYXJjaFRleHQQAhgEIAA,https://chat.whatsapp.com/BTC1JBFUybE9VdIDpuCADI
Nona's Kitchen,meal_takeaway,082875 43191,4.5,515,"DLF, Park Dr, DLF Phase 5, Sector 54, Gurugram, Haryana 122002, India",https://maps.google.com/?cid=1315774096176555442&g_mp=Cidnb29nbGUubWFwcy5wbGFjZXMudjEuUGxhY2VzLlNlYXJjaFRleHQQAhgEIAA,
NP Kitchen Food Service,restaurant,,4.7,23,"3003,basement, near Galleria Market, Sector 28, DLF Phase IV, Gurugram, Haryana 122009, India",https://maps.google.com/?cid=17392885549178797857&g_mp=Cidnb29nbGUubWFwcy5wbGFjZXMudjEuUGxhY2VzLlNlYXJjaFRleHQQAhgEIAA,
Vintage Kitchen,italian_restaurant,099905 23366,4.3,233,"U-14a/1, Galli No 14a, U Block, DLF Phase 3, Sector 24, Gurugram, Haryana 122002, India",https://maps.google.com/?cid=632380656936409034&g_mp=Cidnb29nbGUubWFwcy5wbGFjZXMudjEuUGxhY2VzLlNlYXJjaFRleHQQAhgEIAA,
Mumma's Kitchen,north_indian_restaurant,093091 63321,4.5,10,"1652, Block C, Sushant Lok Phase I, Sector 43, Gurugram, Haryana 122009, India",https://maps.google.com/?cid=4770041647689004265&g_mp=Cidnb29nbGUubWFwcy5wbGFjZXMudjEuUGxhY2VzLlNlYXJjaFRleHQQAhgEIAA,http://zoma.to/r/19753166
Our Wholesome Kitchen - by Adults with Autism,meal_delivery,,5,3,"1404 , Tower 6, Giza tower, Orchid Petals, Sector 49, Gurugram, Haryana 122018, India",https://maps.google.com/?cid=6512915563058097641&g_mp=Cidnb29nbGUubWFwcy5wbGFjZXMudjEuUGxhY2VzLlNlYXJjaFRleHQQAhgEIAA,
Chef Pin,meal_delivery,098992 99883,3.8,12,"Suite 611, 6th, Global Foyer Mall, Golf Course Rd, Sector 43, Gurugram, Haryana 122009, India",https://maps.google.com/?cid=2157602322802412310&g_mp=Cidnb29nbGUubWFwcy5wbGFjZXMudjEuUGxhY2VzLlNlYXJjaFRleHQQAhgEIAA,https://www.chefp.in/
Chef Kenzo - Food Delivery and Catering,restaurant,090969 07042,4.4,22,"D-121 GF Sushant Shopping Aracde, Sushant Lok Phase I, Kanahi, Gurugram, Haryana 122009, India",https://maps.google.com/?cid=2489469993660234587&g_mp=Cidnb29nbGUubWFwcy5wbGFjZXMudjEuUGxhY2VzLlNlYXJjaFRleHQQAhgEIAA,http://www.chefkenzo.com/
Spicy Kitchen,fast_food_restaurant,084481 80420,5,11,"Shop No. 1, near Jaguar Authorised Dealer, Islampur Colony, Sector 38, Gurugram, Haryana 122005, India",https://maps.google.com/?cid=15770802291502478644&g_mp=Cidnb29nbGUubWFwcy5wbGFjZXMudjEuUGxhY2VzLlNlYXJjaFRleHQQAhgEIAA,
Supreme Kiitchen (Best Corporate Catering Since 2005),food,097113 45294,4.7,21,"2268/3, Old Delhi Gurugram Rd, opposite ICICI Bank, Rajiv Nagar, Sector 14, Gurugram, Haryana 122007, India",https://maps.google.com/?cid=7382966316991975138&g_mp=Cidnb29nbGUubWFwcy5wbGFjZXMudjEuUGxhY2VzLlNlYXJjaFRleHQQAhgEIAA,http://www.supremekitchen.in/
Kt Kitchen,restaurant,096678 86814,5,30,"G, Block D, 68, Pocket C, Mayfield Garden, Sector 50, Gurugram, Haryana 122018, India",https://maps.google.com/?cid=7620861073846340590&g_mp=Cidnb29nbGUubWFwcy5wbGFjZXMudjEuUGxhY2VzLlNlYXJjaFRleHQQAhgEIAA,
Home's Kitchen,indian_restaurant,,4.9,30,"SHOP NO 73, Pivotal Deevan, near Gurgaon One, Sector 84, Gurugram, Haryana 122012, India",https://maps.google.com/?cid=3818441140451981474&g_mp=Cidnb29nbGUubWFwcy5wbGFjZXMudjEuUGxhY2VzLlNlYXJjaFRleHQQAhgEIAA,
The Daily Kitchen,restaurant,,1.2,39,"145, Sector 22 Rd, Mullahera, Sector 22, Gurugram, Haryana 122015, India",https://maps.google.com/?cid=11439600969626900501&g_mp=Cidnb29nbGUubWFwcy5wbGFjZXMudjEuUGxhY2VzLlNlYXJjaFRleHQQAhgEIAA,
Mama Kitchen,fine_dining_restaurant,096944 42888,4.6,62,"Shop No 6, First Floor, opposite Choti Mata Mandir, Block C, Sukhrali, Sector 17, Gurugram, Haryana 122017, India",https://maps.google.com/?cid=14775568667938368078&g_mp=Cidnb29nbGUubWFwcy5wbGFjZXMudjEuUGxhY2VzLlNlYXJjaFRleHQQAhgEIAA,https://mamakitchen.co.in/
The Spice Kitchen,food_store,088008 13148,4.9,30,"Ansal Esencia, Ramgarh, Sector 67, Gurugram, Haryana 122101, India",https://maps.google.com/?cid=5349565550676659590&g_mp=Cidnb29nbGUubWFwcy5wbGFjZXMudjEuUGxhY2VzLlNlYXJjaFRleHQQAhgEIAA,
Radio Kitchen,meal_delivery,,4.9,47,"427, Sector 39, Gurugram, Haryana 122003, India",https://maps.google.com/?cid=9300490950843592960&g_mp=Cidnb29nbGUubWFwcy5wbGFjZXMudjEuUGxhY2VzLlNlYXJjaFRleHQQAhgEIAA,https://www.zomato.com/ncr/radio-kitchen-1-sector-39-gurgaon/order
home kitchen,food_court,062021 00410,5,16,"House, 34, Housing Board Colony, Patel Nagar, Gurugram, Haryana 122001, India",https://maps.google.com/?cid=15261889261540006970&g_mp=Cidnb29nbGUubWFwcy5wbGFjZXMudjEuUGxhY2VzLlNlYXJjaFRleHQQAhgEIAA,
Corporate kitchen Gurgaon,restaurant,083760 52424,5,4,"27, L-1, DLF Phase 2, Sector 25, Gurugram, Haryana 122002, India",https://maps.google.com/?cid=13983011035449742017&g_mp=Cidnb29nbGUubWFwcy5wbGFjZXMudjEuUGxhY2VzLlNlYXJjaFRleHQQAhgEIAA,https://link.zomato.com/xqzv/rshare?id=4791565130563809
Your Own Kitchen,restaurant,,5,16,"Sector 9, Gurugram, Haryana 122001, India",https://maps.google.com/?cid=6574634333017539151&g_mp=Cidnb29nbGUubWFwcy5wbGFjZXMudjEuUGxhY2VzLlNlYXJjaFRleHQQAhgEIAA,http://www.yourownkitchen.com/
Shree Sahib Kitchen,meal_delivery,,1,1,"U 60, 5, U Block, DLF Phase 3, Sector 24, Gurugram, Haryana 122002, India",https://maps.google.com/?cid=271399020191130233&g_mp=Cidnb29nbGUubWFwcy5wbGFjZXMudjEuUGxhY2VzLlNlYXJjaFRleHQQAhgEIAA,
Kitchen tales by Apurva,wholesaler,098978 61123,5,3,"Sector 14, Gurugram, Haryana 122001, India",https://maps.google.com/?cid=14367621626390132161&g_mp=Cidnb29nbGUubWFwcy5wbGFjZXMudjEuUGxhY2VzLlNlYXJjaFRleHQQAhgEIAA,
The Oak Kitchen,restaurant,096676 00410,5,29,"Shop No.2, Dayal Market, Urban Estate, Gurgaon Rural, Gurugram, Haryana 122001, India",https://maps.google.com/?cid=9167612891285511635&g_mp=Cidnb29nbGUubWFwcy5wbGFjZXMudjEuUGxhY2VzLlNlYXJjaFRleHQQAhgEIAA,
Civil Kitchen,meal_delivery,078889 49065,4.9,17,"Q1 Block, opposite Park Hospital Road, South City II, Sector 49, Gurugram, Haryana 122018, India",https://maps.google.com/?cid=3315256069688602441&g_mp=Cidnb29nbGUubWFwcy5wbGFjZXMudjEuUGxhY2VzLlNlYXJjaFRleHQQAhgEIAA,
Kanpur Kitchen Homemade Meals,vegetarian_restaurant,091403 98095,5,2,"Gali No. 4, Noble Enclave, Palam Vihar Extension, Gurugram, Haryana 122015, India",https://maps.google.com/?cid=10105862928847842822&g_mp=Cidnb29nbGUubWFwcy5wbGFjZXMudjEuUGxhY2VzLlNlYXJjaFRleHQQAhgEIAA,
SOLANKI HOME MADE KITCHEN,indian_restaurant,,5,15,"J Block, Gali No. 10, Block A, Ashok Vihar Phase III Extension, Gurugram, Haryana 122001, India",https://maps.google.com/?cid=7410599402188064285&g_mp=Cidnb29nbGUubWFwcy5wbGFjZXMudjEuUGxhY2VzLlNlYXJjaFRleHQQAhgEIAA,
Shri kitchen & catering,food,,5,17,"135/c, Lajpat Nagar, Block A, Mianwali Colony, Sector 12, Gurugram, Haryana 122001, India",https://maps.google.com/?cid=10254651933740673822&g_mp=Cidnb29nbGUubWFwcy5wbGFjZXMudjEuUGxhY2VzLlNlYXJjaFRleHQQAhgEIAA,https://shri-kitchen-catering.grexa.site/
MIKKI'S KITCHEN,food,093105 36728,5,17,"VIPUL GREENS, Badshahpur Sohna Rd, Sector 48, Gurugram, Haryana 123018, India",https://maps.google.com/?cid=1717212076813416090&g_mp=Cidnb29nbGUubWFwcy5wbGFjZXMudjEuUGxhY2VzLlNlYXJjaFRleHQQAhgEIAA,
Mothers Kitchen,restaurant,093112 44564,4.7,12,"Shop No. 23, Ground floor, Krishna Market Rd, near Union Bank Of India, Sector 28, Chakkarpur, Gurugram, Haryana 122002, India",https://maps.google.com/?cid=12549496551710384962&g_mp=Cidnb29nbGUubWFwcy5wbGFjZXMudjEuUGxhY2VzLlNlYXJjaFRleHQQAhgEIAA,
Burmese Kitchen Plus,food,0124 420 0444,4.8,25,"Ground Floor, H 23 Ln, Block H, DLF Phase 1, Sector 26, Gurugram, Haryana 122002, India",https://maps.google.com/?cid=16061714607466354204&g_mp=Cidnb29nbGUubWFwcy5wbGFjZXMudjEuUGxhY2VzLlNlYXJjaFRleHQQAhgEIAA,https://www.burmesekitchen.co/
Hong's Kitchen,chinese_restaurant,1800 210 0100,3.7,233,"SCF-86, Sector 22 Rd, Sector 22A, Sector 22, Gurugram, Haryana 122015, India",https://maps.google.com/?cid=3431705225501898676&g_mp=Cidnb29nbGUubWFwcy5wbGFjZXMudjEuUGxhY2VzLlNlYXJjaFRleHQQAhgEIAA,https://hongskitchen.in/?src=local_gmb&utm_source=Google_GMB&utm_medium=GMB_SEO_urls_website
"Cuisineo Catering, Since 2012",catering_service,099583 49333,4.9,267,"Kanhai, Sector 45, Gurugram, Haryana 122003, India",https://maps.google.com/?cid=14672006875109493358&g_mp=Cidnb29nbGUubWFwcy5wbGFjZXMudjEuUGxhY2VzLlNlYXJjaFRleHQQAhgEIAA,http://www.cuisineo.co/
Swish central kitchen Gurugram,manufacturer,,4.6,5,"Kasara no-5609, Dayma Rd, Alahawas, Sector 59, Gurugram, Haryana 122101, India",https://maps.google.com/?cid=12506933401673822836&g_mp=Cidnb29nbGUubWFwcy5wbGFjZXMudjEuUGxhY2VzLlNlYXJjaFRleHQQAhgEIAA,http://www.justswish.in/
FES Cafe & Desserts | Central Kitchen,cafe,,5,5,"H - 16/6, Sikanderpur Rd, Block H, DLF Phase 1, Sector 26, Gurugram, Haryana 122002, India",https://maps.google.com/?cid=7804975018085577169&g_mp=Cidnb29nbGUubWFwcy5wbGFjZXMudjEuUGxhY2VzLlNlYXJjaFRleHQQAhgEIAA,
The Garlic Bread (Cloud and Central Kitchen),manufacturer,091119 43356,5,4,"Shop 7, B-747B, Sushant Lok Phase 1, Chakkarpur, Sector 43, Gurugram, Haryana 122009, India",https://maps.google.com/?cid=4160820111015249211&g_mp=Cidnb29nbGUubWFwcy5wbGFjZXMudjEuUGxhY2VzLlNlYXJjaFRleHQQAhgEIAA,
Homemade Tiffin service,restaurant,096434 21333,4.8,149,"Shop no - 28, plot 778, near Vijay Cinema Hall Road, Jaina Market, Sector 28, Chakkarpur, Gurugram, Haryana 122002, India",https://maps.google.com/?cid=4756095189621919618&g_mp=Cidnb29nbGUubWFwcy5wbGFjZXMudjEuUGxhY2VzLlNlYXJjaFRleHQQAhgEIAA,https://www.homemadetiffinservice.top/
tiffin service,food_court,,5,47,"V block, 27 20, DLF Phase 3, Sector 24, Gurugram, Haryana 122010, India",https://maps.google.com/?cid=15804987088347703227&g_mp=Cidnb29nbGUubWFwcy5wbGFjZXMudjEuUGxhY2VzLlNlYXJjaFRleHQQAhgEIAA,
Kiya Tiffin Service,food_store,073036 67314,4.8,132,"Sector 45, House.No-1001 first floor, infront of Canwin hospital, Block A, Greenwood City, Sector 45, Gurugram, Haryana 122003, India",https://maps.google.com/?cid=7958392630334095475&g_mp=Cidnb29nbGUubWFwcy5wbGFjZXMudjEuUGxhY2VzLlNlYXJjaFRleHQQAhgEIAA,https://www.getbentobox.in/
Radha Krishna tiffin service,food_store,089206 65674,5,2,"Mushedpur, DLF Phase 2, Sector 24, Gurugram, Haryana 122002, India",https://maps.google.com/?cid=12552662327726175836&g_mp=Cidnb29nbGUubWFwcy5wbGFjZXMudjEuUGxhY2VzLlNlYXJjaFRleHQQAhgEIAA,
Tiffinbox King,food_store,093104 93312,4.4,28,"U 52/41, near Yadav properties, U Block, DLF Phase 3, Sector 24, Gurugram, Haryana 122002, India",https://maps.google.com/?cid=13514246103301920797&g_mp=Cidnb29nbGUubWFwcy5wbGFjZXMudjEuUGxhY2VzLlNlYXJjaFRleHQQAhgEIAA,https://tiffinbox-king.localo.site/?utm_source=google_profile&utm_campaign=localo&utm_medium=mainlink
The Spice Bar,food_store,095605 70113,4.5,55,"Shop Number 8, EWS Complex, U-16, near Near Bikaner, U Block, DLF Phase 3, Sector 24, Gurugram, Haryana 122008, India",https://maps.google.com/?cid=15114683237004984198&g_mp=Cidnb29nbGUubWFwcy5wbGFjZXMudjEuUGxhY2VzLlNlYXJjaFRleHQQAhgEIAA,
Thaligram- Daily Meals & Tiffin Service,food_store,077338 86322,5,139,"H.No, 21, Street No. 2, Block E, Dharam Colony, Palam Vihar Extension, Gurugram, Haryana 122017, India",https://maps.google.com/?cid=5146869605435935437&g_mp=Cidnb29nbGUubWFwcy5wbGFjZXMudjEuUGxhY2VzLlNlYXJjaFRleHQQAhgEIAA,
Tiffin Service Gurgaon,food_store,088021 54201,4.5,96,"Housing Board Colony, Sector 10A, Gurugram, Haryana 122001, India",https://maps.google.com/?cid=1445950206376948215&g_mp=Cidnb29nbGUubWFwcy5wbGFjZXMudjEuUGxhY2VzLlNlYXJjaFRleHQQAhgEIAA,https://www.zomato.com/ncr/kanikas-kitchen-sector-37-gurgaon/order
Prisha Tiffin Services,food_store,098214 19696,4.9,56,"H.no. 930, Swami Vivekananda Block, Saraswati Vihar, Maruti Housing Colony, Gurugram, Haryana 122002, India",https://maps.google.com/?cid=16973088927122529601&g_mp=Cidnb29nbGUubWFwcy5wbGFjZXMudjEuUGxhY2VzLlNlYXJjaFRleHQQAhgEIAA,https://wa.me/message/BFYVHSHIONLVK1
Homestyle Classics,food_store,,5,5,"U Block, DLF Phase 3, Sector 24, Gurugram, Haryana 122002, India",https://maps.google.com/?cid=4422103016648015517&g_mp=Cidnb29nbGUubWFwcy5wbGFjZXMudjEuUGxhY2VzLlNlYXJjaFRleHQQAhgEIAA,
Sheetla Tiffin Service,vegetarian_restaurant,,3.6,13,"26, Galli No 19, U Block, DLF Phase 3, Sector 24, Gurugram, Haryana 122002, India",https://maps.google.com/?cid=10312581407425230804&g_mp=Cidnb29nbGUubWFwcy5wbGFjZXMudjEuUGxhY2VzLlNlYXJjaFRleHQQAhgEIAA,
AS Tiffin Service,breakfast_restaurant,097116 72041,4.7,46,"H, 6, Gali No. 6, near AVR Public School, Rajiv Nagar, Sector 13, Gurugram, Haryana 122001, India",https://maps.google.com/?cid=13609648395497959944&g_mp=Cidnb29nbGUubWFwcy5wbGFjZXMudjEuUGxhY2VzLlNlYXJjaFRleHQQAhgEIAA,
Tiffinbox8,food_store,099907 49078,3.4,26,"U-8 Rd, 25 -2, DLF Cyber City, DLF Phase 3, Sector 24, Gurugram, Haryana 122002, India",https://maps.google.com/?cid=6484528667867969561&g_mp=Cidnb29nbGUubWFwcy5wbGFjZXMudjEuUGxhY2VzLlNlYXJjaFRleHQQAhgEIAA,
Pahal tiffin service,food_store,078274 73500,5,1,"H.no.150, Nathupur, Sector 24, Gurugram, Haryana 122010, India",https://maps.google.com/?cid=1077444728385212578&g_mp=Cidnb29nbGUubWFwcy5wbGFjZXMudjEuUGxhY2VzLlNlYXJjaFRleHQQAhgEIAA,
Tiffin services (Veg Thali).,food_store,092623 25334,5,42,"near Shaktipeeth mandir, Block N, Pocket N, Sector 40, Gurugram, Haryana 122003, India",https://maps.google.com/?cid=16527731420134201826&g_mp=Cidnb29nbGUubWFwcy5wbGFjZXMudjEuUGxhY2VzLlNlYXJjaFRleHQQAhgEIAA,
Haryana Tiffin service,food_store,,3.9,22,"H No, 868L, Sector 22B Rd, Anfilco Housing Colony, Sector 22A, Sector 22, Gurugram, Haryana 122015, India",https://maps.google.com/?cid=3958978917125975104&g_mp=Cidnb29nbGUubWFwcy5wbGFjZXMudjEuUGxhY2VzLlNlYXJjaFRleHQQAhgEIAA,
Nitya tiffin service gurgaon,food_store,099102 92871,4.9,15,"near Ambedkar cahupal, Kanhai Colony, Sector 44, Gurugram, Haryana 122003, India",https://maps.google.com/?cid=15713149829897899941&g_mp=Cidnb29nbGUubWFwcy5wbGFjZXMudjEuUGxhY2VzLlNlYXJjaFRleHQQAhgEIAA,
Trishiv Tiffin Services,food_store,085108 64671,5,42,"House No-505, Gali No. 12, Block D, Sheetla Colony, Gurgaon Rural, Gurugram, Haryana 122001, India",https://maps.google.com/?cid=4675512634612610036&g_mp=Cidnb29nbGUubWFwcy5wbGFjZXMudjEuUGxhY2VzLlNlYXJjaFRleHQQAhgEIAA,https://forms.gle/B1niJv8aTkCnsTge8
THE CORPORATE CATERERS AND EVENT MANAGEMENT,store,070066 54906,4.2,18,"46, U Block, DLF Phase 3, Sector 24, Gurugram, Haryana 122002, India",https://maps.google.com/?cid=11771732169729334674&g_mp=Cidnb29nbGUubWFwcy5wbGFjZXMudjEuUGxhY2VzLlNlYXJjaFRleHQQAhgEIAA,http://foodbytes.dotpe.in/
Dial A Meal,food_store,096506 34674,4.4,190,"D2/22, Block D, Ardee City, Sector 52, Gurugram, Haryana 122003, India",https://maps.google.com/?cid=8458892423582424157&g_mp=Cidnb29nbGUubWFwcy5wbGFjZXMudjEuUGxhY2VzLlNlYXJjaFRleHQQAhgEIAA,https://dialameal.co.in/
Chef Action ligency of bihar & tiffin service,breakfast_restaurant,073030 45715,4.6,38,"H.No.283, shani mandir, near indian petrol pump, Kanhai Colony, Sector 44, Gurugram, Haryana 122003, India",https://maps.google.com/?cid=12738941845786131486&g_mp=Cidnb29nbGUubWFwcy5wbGFjZXMudjEuUGxhY2VzLlNlYXJjaFRleHQQAhgEIAA,
Food delight,food_store,,4.9,182,"House 47, Ullahawas, Baharampur Naya, Sector 62, Gurugram, Haryana 122098, India",https://maps.google.com/?cid=12459178602909007869&g_mp=Cidnb29nbGUubWFwcy5wbGFjZXMudjEuUGxhY2VzLlNlYXJjaFRleHQQAhgEIAA,
Mother's kitchen tiffin service,food_store,,5,1,"H.no. 150, Nathupur, Sector 24, Gurugram, Haryana 122010, India",https://maps.google.com/?cid=9092048013417810191&g_mp=Cidnb29nbGUubWFwcy5wbGFjZXMudjEuUGxhY2VzLlNlYXJjaFRleHQQAhgEIAA,
Pandit ji tiffin,indian_restaurant,083683 27519,4.3,155,"Sheetla Mata Rd, near shiva hospital, West Rajiv Nagar, Sector 12, Gurugram, Haryana 122001, India",https://maps.google.com/?cid=9598578868015563684&g_mp=Cidnb29nbGUubWFwcy5wbGFjZXMudjEuUGxhY2VzLlNlYXJjaFRleHQQAhgEIAA,
Rajeshwari Events & Catering Services,store,070066 54906,4.3,97,"DLF Phase 3, cyberhub, Gurugram, Haryana 122002, India",https://maps.google.com/?cid=4297581033177205720&g_mp=Cidnb29nbGUubWFwcy5wbGFjZXMudjEuUGxhY2VzLlNlYXJjaFRleHQQAhgEIAA,https://rajeshwari-events-and-entertainment.my.canva.site/
tanuj tiffin service gurgaon,food_store,097738 41092,4.8,24,"House 1199p, Islampur Village, Sector 38, Gurugram, Haryana 122018, India",https://maps.google.com/?cid=90397244791216062&g_mp=Cidnb29nbGUubWFwcy5wbGFjZXMudjEuUGxhY2VzLlNlYXJjaFRleHQQAhgEIAA,http://tanujpgwww.com/
HOME TIFFIN SERVICES,food_store,081789 20812,4.8,38,"Sec 52, near shyam sweets, Wazirabad, Sector 52, Gurugram, Haryana 122003, India",https://maps.google.com/?cid=17629753339897967591&g_mp=Cidnb29nbGUubWFwcy5wbGFjZXMudjEuUGxhY2VzLlNlYXJjaFRleHQQAhgEIAA,
Apna Tiffin Service,north_indian_restaurant,082870 29424,4.6,48,"Sarswati Kunj II, Wazirabad, Sector 52, Gurugram, Haryana 122003, India",https://maps.google.com/?cid=10579820288948759677&g_mp=Cidnb29nbGUubWFwcy5wbGFjZXMudjEuUGxhY2VzLlNlYXJjaFRleHQQAhgEIAA,https://instagram.com/apnatiffinservice11?igshid=NzZlODBkYWE4Ng==
Shree Ram Tiffin Services,food_store,097114 67998,4.6,125,"316 F, Housing Board Colony, Sector 39, Gurugram, Haryana 122003, India",https://maps.google.com/?cid=4460261069274596458&g_mp=Cidnb29nbGUubWFwcy5wbGFjZXMudjEuUGxhY2VzLlNlYXJjaFRleHQQAhgEIAA,https://shreeramtiffin.carrd.co/
Desi Cafe Tiffin Service,food_store,,4.9,55,"300, S Block, Block G, New Palam Vihar Phase 1, Palam Vihar, Gurugram, Haryana 122017, India",https://maps.google.com/?cid=12628669222900552607&g_mp=Cidnb29nbGUubWFwcy5wbGFjZXMudjEuUGxhY2VzLlNlYXJjaFRleHQQAhgEIAA,
Dilli Tiffin,food_store,093196 84198,2.6,7,"House No-171, VPO Nathupur, Dlf Phase -3, DLF Phase 3, Sector 24, Gurugram, Haryana 122002, India",https://maps.google.com/?cid=9962743094460267187&g_mp=Cidnb29nbGUubWFwcy5wbGFjZXMudjEuUGxhY2VzLlNlYXJjaFRleHQQAhgEIAA,https://magicpin.in/Gurgaon/Dlf-Phase-3/Restaurant/Dilli-Tiffin/store/1532675/?utm_source=gbp
Tiffin Service (TASTY TREATS),restaurant,099998 51243,5,30,"Sohna - Gurgaon Rd, near SR Premium Co Living, Tikri, Sector 48, Gurugram, Haryana 122018, India",https://maps.google.com/?cid=4959018092112646538&g_mp=Cidnb29nbGUubWFwcy5wbGFjZXMudjEuUGxhY2VzLlNlYXJjaFRleHQQAhgEIAA,
Bhumi tiffin service Gurgaon,food_store,088106 49208,5,1,"Are anyivas, Block C, Ashok Vihar Phase III Extension, Gurugram, Haryana 122017, India",https://maps.google.com/?cid=2568489213285487055&g_mp=Cidnb29nbGUubWFwcy5wbGFjZXMudjEuUGxhY2VzLlNlYXJjaFRleHQQAhgEIAA,
Radheshyam Restaurant & Tiffin Service,restaurant,096545 67188,4.1,9,"Shop No 50, Front Of Karan Estate, Galli Number 50, U Block, DLF Phase 3, Sector 24, Gurugram, Haryana 122002, India",https://maps.google.com/?cid=17741044331185974972&g_mp=Cidnb29nbGUubWFwcy5wbGFjZXMudjEuUGxhY2VzLlNlYXJjaFRleHQQAhgEIAA,
Indian Tiffin Services,breakfast_restaurant,078180 88803,5,7,"Indira Colony, Indira Colony 1, Sector 52, Gurugram, Haryana 122003, India",https://maps.google.com/?cid=12451882162981896668&g_mp=Cidnb29nbGUubWFwcy5wbGFjZXMudjEuUGxhY2VzLlNlYXJjaFRleHQQAhgEIAA,
Homemade Kitchen | Office Food Service • Party Orders • Bulk Food & Catering services,food_store,,4.3,6,"H.no 934, Nathuram Market, Sector 28, Chakkarpur, Gurugram, Haryana 122002, India",https://maps.google.com/?cid=3335759159151319372&g_mp=Cidnb29nbGUubWFwcy5wbGFjZXMudjEuUGxhY2VzLlNlYXJjaFRleHQQAhgEIAA,https://wa.me/918130884498
Healthy Bite food and Tiffin service,food_store,086993 17221,4.4,23,"H.n 862, near community centre, Sector 40, Gurugram, Haryana 122001, India",https://maps.google.com/?cid=9051052839757328268&g_mp=Cidnb29nbGUubWFwcy5wbGFjZXMudjEuUGxhY2VzLlNlYXJjaFRleHQQAhgEIAA,https://healthy-bite-food.grexa.site/
Tadka tiffin service,food_store,,4.8,17,"Gandhi Nagar, Sector 10A, Gurugram, Haryana 122001, India",https://maps.google.com/?cid=14833126938023277434&g_mp=Cidnb29nbGUubWFwcy5wbGFjZXMudjEuUGxhY2VzLlNlYXJjaFRleHQQAhgEIAA,
Jain Dhaba Tiffin & Catering Service,food_store,097171 26122,5,140,"C Block, Block J, Sector 2, Palam Vihar, Gurugram, Haryana 122017, India",https://maps.google.com/?cid=1846109786944529063&g_mp=Cidnb29nbGUubWFwcy5wbGFjZXMudjEuUGxhY2VzLlNlYXJjaFRleHQQAhgEIAA,
Maa annapurna tiffin service,food_store,093892 35924,5,45,"649, Kanhai Rd, Sector 45, Gurugram, Haryana 122003, India",https://maps.google.com/?cid=12099611113278006107&g_mp=Cidnb29nbGUubWFwcy5wbGFjZXMudjEuUGxhY2VzLlNlYXJjaFRleHQQAhgEIAA,
VISHAL TIFFIN SERVICES,food_store,088243 50374,4.8,26,"near civil Hospital, Vikas Nagar, Sector 10, Gurugram, Haryana 122001, India",https://maps.google.com/?cid=1167059537043745646&g_mp=Cidnb29nbGUubWFwcy5wbGFjZXMudjEuUGxhY2VzLlNlYXJjaFRleHQQAhgEIAA,
Ghar Ka Swag tiffin service,meal_takeaway,098714 70161,4.4,44,"1062, near, Street no. 8, Sector 3A, Laxman Vihar, Gurugram, Haryana 122006, India",https://maps.google.com/?cid=2027416891374787796&g_mp=Cidnb29nbGUubWFwcy5wbGFjZXMudjEuUGxhY2VzLlNlYXJjaFRleHQQAhgEIAA,https://6870ce5da69af.site123.me/
Pahadi zaika tiffin service,food_store,099908 15073,5,6,"Palam vihar, Gali No. 15, Dharam Colony, Cartarpuri Alias Daulatpur Nas, Gurugram, Haryana 122017, India",https://maps.google.com/?cid=9690301465842089339&g_mp=Cidnb29nbGUubWFwcy5wbGFjZXMudjEuUGxhY2VzLlNlYXJjaFRleHQQAhgEIAA,
Grill N Thrill Fast Food and Tiffin Service,food_store,,,,"Block A, Sector 28, Sushant Lok Phase I, Sector 43, Gurugram, Haryana 122009, India",https://maps.google.com/?cid=4425071445576247182&g_mp=Cidnb29nbGUubWFwcy5wbGFjZXMudjEuUGxhY2VzLlNlYXJjaFRleHQQAhgEIAA,
DTS Tiffins and Restaurant,restaurant,070655 44075,3.8,57,"Subhash Chowk, Main, Thane wali Gali, near pratap general Store, Islampur Village, Sector 38, Gurugram, Haryana 122018, India",https://maps.google.com/?cid=8323096260628507945&g_mp=Cidnb29nbGUubWFwcy5wbGFjZXMudjEuUGxhY2VzLlNlYXJjaFRleHQQAhgEIAA,https://www.dtstiffin.com/
Mama Ji Tiffin Service,restaurant,098186 96601,,,"Street No. 1, U Block, DLF Phase 3, Sector 24, Gurugram, Haryana 122002, India",https://maps.google.com/?cid=13422091486130783596&g_mp=Cidnb29nbGUubWFwcy5wbGFjZXMudjEuUGxhY2VzLlNlYXJjaFRleHQQAhgEIAA,
Trishan Tiffin Service,food_store,098717 52347,5,2,"Gali No. 6, hanuman gali, Acharya Puri, Sector 7, Gurugram, Haryana 122001, India",https://maps.google.com/?cid=11440144772214286285&g_mp=Cidnb29nbGUubWFwcy5wbGFjZXMudjEuUGxhY2VzLlNlYXJjaFRleHQQAhgEIAA,
DIL SE TIFFIN,food_store,063880 29969,4.1,26,"610, Shanti Kunj 2, Wazirabad, Sector 52, Gurugram, Haryana 122003, India",https://maps.google.com/?cid=14423476854253746388&g_mp=Cidnb29nbGUubWFwcy5wbGFjZXMudjEuUGxhY2VzLlNlYXJjaFRleHQQAhgEIAA,https://dilsetiffin.shopto.store/
Santosh Tiffin Service,food_store,,4.7,33,"B20sai kunj, New Palam Vihar, Block K1, New Palam Vihar Phase 1, Sector 110, Gurugram, Haryana 122017, India",https://maps.google.com/?cid=14777252814920827636&g_mp=Cidnb29nbGUubWFwcy5wbGFjZXMudjEuUGxhY2VzLlNlYXJjaFRleHQQAhgEIAA,
Baba Shyam Tiffin Service,food_store,,4.7,16,"House No 1241, near The Asters School, Block C, Uday Nagar, Sector 45, Gurugram, Haryana 122003, India",https://maps.google.com/?cid=8082594829345383582&g_mp=Cidnb29nbGUubWFwcy5wbGFjZXMudjEuUGxhY2VzLlNlYXJjaFRleHQQAhgEIAA,
MITHILA TIFFIN SERVICES,food_store,099394 38925,4.4,13,"Block M, Old DLF Colony, Sector 14, Gurugram, Haryana 122007, India",https://maps.google.com/?cid=4873410093383785578&g_mp=Cidnb29nbGUubWFwcy5wbGFjZXMudjEuUGxhY2VzLlNlYXJjaFRleHQQAhgEIAA,
Belan: Premium Home-Made Food Tiffins tasty bhi healthy bhi,food_store,099102 27848,4.5,17,"848, Sector 4 Rd, Urban Estate, Gurgaon Rural, Gurugram, Haryana 122006, India",https://maps.google.com/?cid=15617842710167532287&g_mp=Cidnb29nbGUubWFwcy5wbGFjZXMudjEuUGxhY2VzLlNlYXJjaFRleHQQAhgEIAA,http://belan.co.in/
Mealgo - Your Healthy Food Partner!,restaurant,095990 09633,4.8,117,"Pocket C, Mayfield Garden, Sector 50, Gurugram, Haryana 122018, India",https://maps.google.com/?cid=8491167876407867567&g_mp=Cidnb29nbGUubWFwcy5wbGFjZXMudjEuUGxhY2VzLlNlYXJjaFRleHQQAhgEIAA,https://mealgo.in/
KHANA KHAZANA BY AYRA TIFFIN SERVICE,food_store,,4.2,29,"SHOP NO-123,1ST FLOOR PYRAMID SQUARE,SEC-67A, near ISKON TEMPLE, Gurugram, Haryana 122101, India",https://maps.google.com/?cid=5556519402101568837&g_mp=Cidnb29nbGUubWFwcy5wbGFjZXMudjEuUGxhY2VzLlNlYXJjaFRleHQQAhgEIAA,
Nextflavour food Private Limited,restaurant,092059 92003,4.6,8,"171, First Floor, Street No 27, S Block, Nathupur, Sector 24, Gurugram, Haryana 122010, India",https://maps.google.com/?cid=217839443003789916&g_mp=Cidnb29nbGUubWFwcy5wbGFjZXMudjEuUGxhY2VzLlNlYXJjaFRleHQQAhgEIAA,http://linktr.ee/greenitfoods
TathaGat Rasoi,food_store,096431 36949,4.9,60,"Road, near Village Chopal, Sector 92, Meoka, Gurugram, Haryana 122505, India",https://maps.google.com/?cid=10619444482132914178&g_mp=Cidnb29nbGUubWFwcy5wbGFjZXMudjEuUGxhY2VzLlNlYXJjaFRleHQQAhgEIAA,
Maa Annapurna Tiffin Service Basai,food_store,085869 61180,4.7,6,"House No 183, 9A, Gali Number 1, near Saraswati Convent School, Basai Enclave, Basai Village, Sector 9B, Gurugram, Haryana 122006, India",https://maps.google.com/?cid=15962571390128826630&g_mp=Cidnb29nbGUubWFwcy5wbGFjZXMudjEuUGxhY2VzLlNlYXJjaFRleHQQAhgEIAA,
Curry Home | Catering services in Gurgaon | Corporate Caterers In Gurgaon,catering_service,098910 50033,4.9,65,"Green Wood City, G 35, Sector 40 Road, Block G, South City I, Sector 40, Gurugram, Haryana 122003, India",https://maps.google.com/?cid=6737557626403188294&g_mp=Cidnb29nbGUubWFwcy5wbGFjZXMudjEuUGxhY2VzLlNlYXJjaFRleHQQAhgEIAA,https://www.curryhome.in/
JMD Kitchen & Caterers,catering_service,080761 77360,4.9,29,"Plot no. 282, Gali Number 3, near Pataudi Road, Manohar Nagar, Chowk, Gurugram, Haryana 122001, India",https://maps.google.com/?cid=9346417646263797110&g_mp=Cidnb29nbGUubWFwcy5wbGFjZXMudjEuUGxhY2VzLlNlYXJjaFRleHQQAhgEIAA,
Culinary Affaire,food,096250 74946,5,35,"Gr 126, paras trade centre, PARAS QUARTER, Faridabad - Gurgaon Rd, Valley View Estate, Gwal Pahari, Gurugram, Bandhwari, Haryana 122003, India",https://maps.google.com/?cid=3883251202111441789&g_mp=Cidnb29nbGUubWFwcy5wbGFjZXMudjEuUGxhY2VzLlNlYXJjaFRleHQQAhgEIAA,https://culinaryaffaire.com/
SV's Kitchen,catering_service,078389 66618,5,2,"Shop .No. A 34/10, behind Megamall, Sector 28, DLF Phase 1, Gurugram, Haryana 122002, India",https://maps.google.com/?cid=12107695146814442991&g_mp=Cidnb29nbGUubWFwcy5wbGFjZXMudjEuUGxhY2VzLlNlYXJjaFRleHQQAhgEIAA,
HCH Foods Private Limited | Corporate Catering | Industrial Catering | Event Catering,wholesaler,099581 09393,4.8,34,"VR1 City Centre, Plot No. 83, Sector 29, Gurugram, Haryana 122022, India",https://maps.google.com/?cid=9878152515424382001&g_mp=Cidnb29nbGUubWFwcy5wbGFjZXMudjEuUGxhY2VzLlNlYXJjaFRleHQQAhgEIAA,http://hchfoods.com/
ENA'S KITCHEN,catering_service,086997 75061,4.3,206,"ground floor, A1 142, Town Sq Ave, Sector 82, Gurugram, Haryana 122004, India",https://maps.google.com/?cid=358398757472868669&g_mp=Cidnb29nbGUubWFwcy5wbGFjZXMudjEuUGxhY2VzLlNlYXJjaFRleHQQAhgEIAA,https://enaskitchen.com/
The U Kitchen Catering,food,097113 00122,5,244,"KH. NO. 583, FNP Estate, 584-585-586, Gadaipur, DLF Farms, New Delhi, Delhi 110074, India",https://maps.google.com/?cid=5344243184194934484&g_mp=Cidnb29nbGUubWFwcy5wbGFjZXMudjEuUGxhY2VzLlNlYXJjaFRleHQQAhgEIAA,https://www.ukitchen.co.in/
The Lemon Bowl,catering_service,088000 23397,4.8,95,"S 28/13, Garden Estate, Dlf ph 3, Sector 24, Gurugram, Haryana 122010, India",https://maps.google.com/?cid=12294598804475766947&g_mp=Cidnb29nbGUubWFwcy5wbGFjZXMudjEuUGxhY2VzLlNlYXJjaFRleHQQAhgEIAA,https://www.thelemonbowl.in/
Eat by Spicy Grains Catering,catering_service,098110 86147,4.9,108,"Block D, Ardee City, Sector 52, Gurugram, Haryana 122002, India",https://maps.google.com/?cid=6296512997106794726&g_mp=Cidnb29nbGUubWFwcy5wbGFjZXMudjEuUGxhY2VzLlNlYXJjaFRleHQQAhgEIAA,
Royal Cuisine Caterers,catering_service,099110 65459,4.8,17,"S- 5/16, DLF Phase 3, Sector 24, Gurugram, Haryana 122002, India",https://maps.google.com/?cid=5513032994449191752&g_mp=Cidnb29nbGUubWFwcy5wbGFjZXMudjEuUGxhY2VzLlNlYXJjaFRleHQQAhgEIAA,https://royalcuisinecaterers.com/index.html
Chef 4 U,catering_service,087087 90183,4.7,21,"Sector 41, Gurugram, Haryana 122003, India",https://maps.google.com/?cid=13740966910231532681&g_mp=Cidnb29nbGUubWFwcy5wbGFjZXMudjEuUGxhY2VzLlNlYXJjaFRleHQQAhgEIAA,https://chef4ucatering.com/
HR 26 KITCHEN & CATERING,restaurant,,4.9,22,"Sector 57 Rd, part 2, Sector 57, Gurugram, Haryana 122011, India",https://maps.google.com/?cid=8510754402136462437&g_mp=Cidnb29nbGUubWFwcy5wbGFjZXMudjEuUGxhY2VzLlNlYXJjaFRleHQQAhgEIAA,
Fossetta Gourmet Catering| Best Caterers in Delhi Gurgaon,catering_service,098117 47715,4.7,284,"Plot no 42Sp, Udyog Vihar Industrial Area Phase VI, Sector 37, Gurugram, Haryana 122004, India",https://maps.google.com/?cid=2954228687821420617&g_mp=Cidnb29nbGUubWFwcy5wbGFjZXMudjEuUGxhY2VzLlNlYXJjaFRleHQQAhgEIAA,https://fossetta.in/our-service-areas/
Gopal Cook And Catering Services,catering_service,099718 13556,4.9,423,"Ard City, 1554, Housing Board Colony, Wazirabad, Sector 52, Gurugram, Haryana 122003, India",https://maps.google.com/?cid=14898925679564833757&g_mp=Cidnb29nbGUubWFwcy5wbGFjZXMudjEuUGxhY2VzLlNlYXJjaFRleHQQAhgEIAA,
Chetan Caterings and Events,catering_service,062626 23630,4.8,32,"shop no. 28, Bristol chowk, rapid metro station, near sikanderpur, sikanderpur, DLF Phase 1, Sector 26, Gurugram, Haryana 122002, India",https://maps.google.com/?cid=3347282700766825507&g_mp=Cidnb29nbGUubWFwcy5wbGFjZXMudjEuUGxhY2VzLlNlYXJjaFRleHQQAhgEIAA,https://chetancateringsandevents.com/
Food Planet,catering_service,084474 42004,4.9,172,"Tikri, Sector 48, Gurugram, Haryana 122018, India",https://maps.google.com/?cid=16084665175719179946&g_mp=Cidnb29nbGUubWFwcy5wbGFjZXMudjEuUGxhY2VzLlNlYXJjaFRleHQQAhgEIAA,https://foodplanetonline.com/
Catering by 1947 Hindustani Cuisine,catering_service,093199 40342,4.8,23,"Old Delhi Gurugram Rd, Electronic City, Phase IV, Udyog Vihar, Sector 18, Gurugram, Haryana 122015, India",https://maps.google.com/?cid=10227844691358540112&g_mp=Cidnb29nbGUubWFwcy5wbGFjZXMudjEuUGxhY2VzLlNlYXJjaFRleHQQAhgEIAA,https://catering-by-1947.grexa.site/
Makkar's Punjabi Rasoi and Catering,catering_service,098712 60549,4.9,74,"344/8, opposite ramleela ground, Arjun Nagar, Sector 8, Gurugram, Haryana 122001, India",https://maps.google.com/?cid=1814903483233722911&g_mp=Cidnb29nbGUubWFwcy5wbGFjZXMudjEuUGxhY2VzLlNlYXJjaFRleHQQAhgEIAA,
GDFOODSINDIA,catering_service,098106 79550,4.9,111,"1775, khokhar marg, Gate Number 2, Housing Board Colony, Wazirabad, Sector 52, Gurugram, Haryana 122003, India",https://maps.google.com/?cid=3584996623883011134&g_mp=Cidnb29nbGUubWFwcy5wbGFjZXMudjEuUGxhY2VzLlNlYXJjaFRleHQQAhgEIAA,http://gdfoodsindia.com/
Annapurna 26,catering_service,092119 66008,4.9,35,"Street 55, U Block, DLF Phase 3, Sector 24, Gurugram, Haryana 122002, India",https://maps.google.com/?cid=6711790067986155028&g_mp=Cidnb29nbGUubWFwcy5wbGFjZXMudjEuUGxhY2VzLlNlYXJjaFRleHQQAhgEIAA,https://annapurna26.com/
Ismail Catering,catering_service,089201 08597,4.9,115,"Plot no. 146, Horizon Colony, Sector 43, Gurugram, Haryana 122022, India",https://maps.google.com/?cid=13263030549153971003&g_mp=Cidnb29nbGUubWFwcy5wbGFjZXMudjEuUGxhY2VzLlNlYXJjaFRleHQQAhgEIAA,https://ismailcaterers.netlify.app/
Kents Caterers,catering_service,098998 41401,4.6,356,"Block B, Ardee City, Sector 52, Gurugram, Haryana 122003, India",https://maps.google.com/?cid=11287914451072333682&g_mp=Cidnb29nbGUubWFwcy5wbGFjZXMudjEuUGxhY2VzLlNlYXJjaFRleHQQAhgEIAA,http://www.kentscaterers.com/
Annamrita Kitchen,food,,4,22,"Khubhiya Patti, near UNITECH CYBER PARK, near Lalkuan, Durga Colony, Jharsa, Sector 39, Gurugram, Haryana 122003, India",https://maps.google.com/?cid=3707750211967661941&g_mp=Cidnb29nbGUubWFwcy5wbGFjZXMudjEuUGxhY2VzLlNlYXJjaFRleHQQAhgEIAA,
Food Mantraa,catering_service,098917 50510,4.8,199,"Atul Kataria Chowk, behind G Town Wine Shop, Block C, Sukhrali Enclave, Sector 17, Gurugram, Haryana 122007, India",https://maps.google.com/?cid=16637727354858107395&g_mp=Cidnb29nbGUubWFwcy5wbGFjZXMudjEuUGxhY2VzLlNlYXJjaFRleHQQAhgEIAA,https://www.foodmantraa.com/?utm_source=gmb
Culinary District - Premium Wedding Catering Services in Gurugram,catering_service,070990 22251,5,13,"Basement, O-127D, smartworld gems, Sector 89, Gurugram, Haryana 122505, India",https://maps.google.com/?cid=5378457231352813098&g_mp=Cidnb29nbGUubWFwcy5wbGFjZXMudjEuUGxhY2VzLlNlYXJjaFRleHQQAhgEIAA,https://www.culinarydistrict.in/
"HARIOM CATERERS, TENTS & DECORATORS",catering_service,098100 80953,4.8,133,"Block A, Sector 12, Gurugram, Haryana 122001, India",https://maps.google.com/?cid=9896885833521943709&g_mp=Cidnb29nbGUubWFwcy5wbGFjZXMudjEuUGxhY2VzLlNlYXJjaFRleHQQAhgEIAA,
Tawa & Tadka Caterers,catering_service,096501 06661,4.9,119,"55,Saraswati Kunj, Golf Course Rd, IILM Institute, Sector 53, Gurugram, Haryana 122011, India",https://maps.google.com/?cid=7525254718892953908&g_mp=Cidnb29nbGUubWFwcy5wbGFjZXMudjEuUGxhY2VzLlNlYXJjaFRleHQQAhgEIAA,https://www.facebook.com/Tawa-Tadka-116353630211454/
Kitchen Kraft Catering Co.,catering_service,084476 66166,4.4,142,"khasra 439, near by MTM complex, Jona Pur, Radhey Mohan Drive, New Delhi, Delhi 110047, India",https://maps.google.com/?cid=3055411273893001147&g_mp=Cidnb29nbGUubWFwcy5wbGFjZXMudjEuUGxhY2VzLlNlYXJjaFRleHQQAhgEIAA,
chefstouch food&event,store,092209 00467,5,12,"Block C, Ardee City, Sector 52, Gurugram, Haryana 122003, India",https://maps.google.com/?cid=7409211449684260717&g_mp=Cidnb29nbGUubWFwcy5wbGFjZXMudjEuUGxhY2VzLlNlYXJjaFRleHQQAhgEIAA,https://www.chefstouch.co.in/
Royal Affairs Catering,catering_service,098117 27475,4.9,51,"293/3, Old Delhi Gurugram Rd, near sector 14, Prem Nagar, Sector 13, Gurugram, Haryana 122001, India",https://maps.google.com/?cid=6166788551747719854&g_mp=Cidnb29nbGUubWFwcy5wbGFjZXMudjEuUGxhY2VzLlNlYXJjaFRleHQQAhgEIAA,https://royalaffairs.in/
Leens Kitchen-Sealed Thali & Corporate Meals,catering_service,096506 29189,4.3,8,"Plot no. 68, Somany home Innovation limited, Institutional Area, Sector 32, Gurugram, Haryana 122001, India",https://maps.google.com/?cid=12070399334712359750&g_mp=Cidnb29nbGUubWFwcy5wbGFjZXMudjEuUGxhY2VzLlNlYXJjaFRleHQQAhgEIAA,
Chef On Calls - Catering Services in Gurgaon,catering_service,,4.6,5,"947, Chandralok Lane, Nathuram Market, Sector 28, Chakkarpur, Gurugram, Haryana 122002, India",https://maps.google.com/?cid=16912372052501364136&g_mp=Cidnb29nbGUubWFwcy5wbGFjZXMudjEuUGxhY2VzLlNlYXJjaFRleHQQAhgEIAA,https://www.chefoncalls.com/
Royal Catering Company,indian_restaurant,099586 83919,3.8,98,"SCO-09, Huda Market, Sector 39, Gurugram, Haryana 122003, India",https://maps.google.com/?cid=1827760097963841998&g_mp=Cidnb29nbGUubWFwcy5wbGFjZXMudjEuUGxhY2VzLlNlYXJjaFRleHQQAhgEIAA,
The Catering Inc. - Catering services in Gurgaon Caterers,food,095604 59999,4.7,37,"Plot No.702, behind qutub Auto, Jharsa Village, Sector 39, Gurugram, Haryana 122003, India",https://maps.google.com/?cid=82596211898584516&g_mp=Cidnb29nbGUubWFwcy5wbGFjZXMudjEuUGxhY2VzLlNlYXJjaFRleHQQAhgEIAA,https://demiurgic.co.in/TCI/
Concuro Catering,catering_service,098709 54434,4.8,446,"270B, Fazilpur Jharsa, Sector 72, Gurugram, Haryana 122101, India",https://maps.google.com/?cid=12977452645628539905&g_mp=Cidnb29nbGUubWFwcy5wbGFjZXMudjEuUGxhY2VzLlNlYXJjaFRleHQQAhgEIAA,https://www.facebook.com/ConcuroByManishPandey/
Grandma's Kitchen,hotel,082872 80907,3,10,"F3QQ+J74, Jacaranda Marg, DLF Phase 2, Sector 25, Gurugram, Haryana 122002, India",https://maps.google.com/?cid=15112670416274984198&g_mp=Cidnb29nbGUubWFwcy5wbGFjZXMudjEuUGxhY2VzLlNlYXJjaFRleHQQAhgEIAA,
Events Kitchen,food,098106 87204,,,"Shop No - 17, Gali Number 1, West Rajiv Nagar, Sector 12, Gurugram, Haryana 122001, India",https://maps.google.com/?cid=12833261163882565859&g_mp=Cidnb29nbGUubWFwcy5wbGFjZXMudjEuUGxhY2VzLlNlYXJjaFRleHQQAhgEIAA,
Gods Own Kitchen,food,,5,1,"Pioneer Presidia, A 302, CRPF Rd, Sector 62, Gurugram, Haryana 122098, India",https://maps.google.com/?cid=2133958649910393292&g_mp=Cidnb29nbGUubWFwcy5wbGFjZXMudjEuUGxhY2VzLlNlYXJjaFRleHQQAhgEIAA,https://godsownkitchen.com/
Soultable Experience Catering,store,,,,"Basement Floor at, H.no, 1830, Sarswati Kunj II, Wazirabad, Sector 52, Gurugram, Haryana 122003, India",https://maps.google.com/?cid=17167735271134017765&g_mp=Cidnb29nbGUubWFwcy5wbGFjZXMudjEuUGxhY2VzLlNlYXJjaFRleHQQAhgEIAA,
Sudha's Kitchen (Pure Veg.) - Ardee City Sector 52 Gurgaon,food_store,098112 99123,5,14,"Block C, Ardee City, Sector 52, Gurugram, Haryana 122003, India",https://maps.google.com/?cid=3865704644448721788&g_mp=Cidnb29nbGUubWFwcy5wbGFjZXMudjEuUGxhY2VzLlNlYXJjaFRleHQQAhgEIAA,
CATERCRAZE - Your Trusted Caterer For Every Occasion,catering_service,099535 03471,5,44,"Amber, Second floor, Amber 50, EMERALD HILLS, Sector 65, Gurugram, Haryana 122101, India",https://maps.google.com/?cid=4214318789288605559&g_mp=Cidnb29nbGUubWFwcy5wbGFjZXMudjEuUGxhY2VzLlNlYXJjaFRleHQQAhgEIAA,https://catercraze.in/