name,type,staff_needs,phone,phone_source,contact,source_note,website,rating,reviews,address,maps_url
Casenora Girls Pg Paying Guest,PG / Co-living,"cleaner, cook, warden, guard",9718390395,google,,,,4.4,25,"Jcm 37 b, DLF Phase 2, DLF Phase 2, Sector 25, Gurugram, Haryana 122002, India",https://maps.google.com/?cid=10840622480268537138&g_mp=Cilnb29nbGUubWFwcy5wbGFjZXMudjEuUGxhY2VzLlNlYXJjaE5lYXJieRACGAQgAA
Galaxxy Inn Girl's PG,PG / Co-living,"cleaner, cook, warden, guard",9971245040,google,,,,4.1,102,"J-4, 22, Mehrauli-Gurgaon Rd, DLF Phase 2, Sector 25, Gurugram, Haryana 122002, India",https://maps.google.com/?cid=4016546630718401777&g_mp=Cilnb29nbGUubWFwcy5wbGFjZXMudjEuUGxhY2VzLlNlYXJjaE5lYXJieRACGAQgAA
Harmony Heaven PG: The 1RK Delight,PG / Co-living,"cleaner, cook, warden, guard","9310128038, 8076929996",web-verified,,harmonyheavenpg.com (official site),https://www.harmonyheavenpg.com/,4.1,97,"Building 10, Street 5, old, road, opposite Maruti kapashera, Noble Enclave, Sector 22, Gurugram, Haryana 122015, India",https://maps.google.com/?cid=5025374245248713472&g_mp=Cilnb29nbGUubWFwcy5wbGFjZXMudjEuUGxhY2VzLlNlYXJjaE5lYXJieRACGAQgAA
"Livstations Co-living, MG Road",PG / Co-living,"cleaner, cook, warden, guard",9319124466,google,,,https://www.livstations.com/properties-3/livstations--mg-road,5,7,"Community Centre, K Block, DLF Phase II, Gurgaon, Park, DLF Phase 2, Sector 25, Gurugram, Haryana 122022, India",https://maps.google.com/?cid=13261272529922713043&g_mp=Cilnb29nbGUubWFwcy5wbGFjZXMudjEuUGxhY2VzLlNlYXJjaE5lYXJieRACGAQgAA
Lohmod House Co-living PG,PG / Co-living,"cleaner, cook, warden, guard",9810607422,google,,,https://lohmodhousepg.com/,4.1,209,"T-14/9, Near Shani Mandir, Via City Club, DLF Phase 3, 122022, T Block, Nathupur, Sector 24, Gurugram, Haryana 122002, India",https://maps.google.com/?cid=4865957175350005790&g_mp=Cilnb29nbGUubWFwcy5wbGFjZXMudjEuUGxhY2VzLlNlYXJjaE5lYXJieRACGAQgAA
PG In Gurgaon,PG / Co-living,"cleaner, cook, warden, guard",9999050090,google,,,https://www.tenanto.in/pg-coliving/gurugram/gurugram/pid/desc,2.6,18,"House No. 142, Sector-22A, IDPL Twp, Sector 22A, Sector 19, Gurugram, Haryana 122016, India",https://maps.google.com/?cid=14298290959290231438&g_mp=Cilnb29nbGUubWFwcy5wbGFjZXMudjEuUGxhY2VzLlNlYXJjaE5lYXJieRACGAQgAA
Swan's Nest,PG / Co-living,"cleaner, cook, warden, guard",9354459738,google,,,,5,2,"36, H-33 Rd, Block H, DLF Phase 1, DLF PH-2, Gurugram, Haryana 122002, India",https://maps.google.com/?cid=15505228982603259619&g_mp=Cilnb29nbGUubWFwcy5wbGFjZXMudjEuUGxhY2VzLlNlYXJjaE5lYXJieRACGAQgAA
The Safehouse Girls PG,PG / Co-living,"cleaner, cook, warden, guard",9891021122,google,,,http://www.safehousepg.in/,4.5,83,"V/814, Sector 28, Maruti Housing Colony, Gurugram, Haryana 122009, India",https://maps.google.com/?cid=18031384128541683721&g_mp=Cilnb29nbGUubWFwcy5wbGFjZXMudjEuUGxhY2VzLlNlYXJjaE5lYXJieRACGAQgAA
Zolo Breeze Co-Living | Redefining PG,PG / Co-living,"cleaner, cook, warden, guard",8880108010,google,,,https://zolostays.com/pg-hostel-near-DLF-Phase-3-in-Gurugram-for-couple-Zolo-Breeze-ZGG007,3.9,178,"Khasra No. 342, Near, T29, 10 Road, opposite Hanuman Mandir, Nathupur, Sector 24, Gurugram, Haryana 122002, India",https://maps.google.com/?cid=9260091132718659558&g_mp=Cilnb29nbGUubWFwcy5wbGFjZXMudjEuUGxhY2VzLlNlYXJjaE5lYXJieRACGAQgAA
37 @ SIRIS ROAD,Lodging / PG,"cleaner, cook, warden, guard",9810500332,google,,,http://www.37sirisroad.com/,4.2,117,"Block T, 37, Siris Rd, near City Club, T Block, DLF Phase 3, Sector 24, Gurugram, Haryana 122002, India",https://maps.google.com/?cid=6230928968931805709&g_mp=Cilnb29nbGUubWFwcy5wbGFjZXMudjEuUGxhY2VzLlNlYXJjaE5lYXJieRACGAQgAA
Aadhar Hotel-Best Hotel In Gurgaon-Best Guest House In Gurgaon-Luxury Rooms In Gurgaon,Lodging / PG,"cleaner, cook, warden, guard",9999928884,google,,,https://www.anupamhoteliersltd.com/aadhar-gurgaon/,4.1,284,"Metro Station, 26, J-10, near Sikanderpur Road, DLF Phase 2, Sector 25, Gurugram, Haryana 122002, India",https://maps.google.com/?cid=17101845484185651715&g_mp=Cilnb29nbGUubWFwcy5wbGFjZXMudjEuUGxhY2VzLlNlYXJjaE5lYXJieRACGAQgAA
ACE 7 Hotel and Residence,Lodging / PG,"cleaner, cook, warden, guard",7042158001,google,,,https://ace7.in/,4.7,95,"69A, Siris Rd, DLF Phase 3, Sector 24, Gurugram, Haryana 122010, India",https://maps.google.com/?cid=1309749400194949465&g_mp=Cilnb29nbGUubWFwcy5wbGFjZXMudjEuUGxhY2VzLlNlYXJjaE5lYXJieRACGAQgAA
Anubhav Hotel Solutions,Lodging / PG,"cleaner, cook, warden, guard",9810245112,google,,,http://ahotelsolutions.com/,4,4,"V, V, Block 13/9, DLF City Phase 3 Rd, near Police Station, DLF Phase 3, Sector 24, Gurugram, Haryana 122010, India",https://maps.google.com/?cid=12607933171394864818&g_mp=Cilnb29nbGUubWFwcy5wbGFjZXMudjEuUGxhY2VzLlNlYXJjaE5lYXJieRACGAQgAA
"Bedchambers Serviced Apartments, DLF Cybercity Gurgaon",Lodging / PG,"cleaner, cook, warden, guard",8588888655,google,,,https://bedchambers.in/Apartments/bedchambers-serviced-apartments-dlf-cybercity-gurgaon/,4.9,180,"V40, 1, DLF Phase 3, Sector 24, Gurugram, Haryana 122002, India",https://maps.google.com/?cid=4838707718266024628&g_mp=Cilnb29nbGUubWFwcy5wbGFjZXMudjEuUGxhY2VzLlNlYXJjaE5lYXJieRACGAQgAA
BrownBricks Service Apartments,Lodging / PG,"cleaner, cook, warden, guard",9555034206,google,,,https://www.airbnb.com/l/Kha0yT43,4.6,151,"26-27, V-19, DLF Phase 3, Sector 24, Gurugram, Haryana 122010, India",https://maps.google.com/?cid=13839298595074884350&g_mp=Cilnb29nbGUubWFwcy5wbGFjZXMudjEuUGxhY2VzLlNlYXJjaE5lYXJieRACGAQgAA
Commune Siris,Lodging / PG,"cleaner, cook, warden, guard",9971294321,google,,,https://communeapartment.com/,4.7,15,"Cyber city, Siris Rd, DLF Phase 3, Sector 24, Gurugram, Haryana 122010, India",https://maps.google.com/?cid=9408115525855432339&g_mp=Cilnb29nbGUubWFwcy5wbGFjZXMudjEuUGxhY2VzLlNlYXJjaE5lYXJieRACGAQgAA
Double Tree Resorts and Holidays India Private Limited,Lodging / PG,"cleaner, cook, warden, guard",7303944472,google,,,https://www.doubletreeresortsandholidays.com/,4.9,48,"4th Floor, Vashisth Complex, 427, sikanderpur, Sector 28, DLF Phase 1, Sector 26, Gurugram, Haryana 122002, India",https://maps.google.com/?cid=6171341754056815722&g_mp=Cilnb29nbGUubWFwcy5wbGFjZXMudjEuUGxhY2VzLlNlYXJjaE5lYXJieRACGAQgAA
Enkay Residency V Block,Lodging / PG,"cleaner, cook, warden, guard",9810732640,google,,,http://www.enkayresidency.com/,4.1,329,"V-39/18 & 19, DLF Phase 3, Sector 24, Gurugram, Haryana 122010, India",https://maps.google.com/?cid=14663836967261945784&g_mp=Cilnb29nbGUubWFwcy5wbGFjZXMudjEuUGxhY2VzLlNlYXJjaE5lYXJieRACGAQgAA
FabHotel Balram International,Lodging / PG,"cleaner, cook, warden, guard",7074747474,google,,,,,,"L-28/1, Heritage City, DLF Phase 2, Sector 25, Gurugram, Haryana 122002, India",https://maps.google.com/?cid=1548648668318242269&g_mp=Cilnb29nbGUubWFwcy5wbGFjZXMudjEuUGxhY2VzLlNlYXJjaE5lYXJieRACGAQgAA
FabHotel Guru Kripa Residency,Lodging / PG,"cleaner, cook, warden, guard",7042424242,google,,,https://www.fabhotels.com/hotels-in-gurgaon/fabhotel-guru-kripa-residency-phvsegrt.html?utm_source=GMB&utm_medium=organic&utm_campaign=GMB_Traffic,,,"K-3/2, DLF Phase 2, Sector 25, Gurugram, Haryana 122002, India",https://maps.google.com/?cid=10119663619684360675&g_mp=Cilnb29nbGUubWFwcy5wbGFjZXMudjEuUGxhY2VzLlNlYXJjaE5lYXJieRACGAQgAA
FabHotel Moon Hospitality,Lodging / PG,"cleaner, cook, warden, guard",7042424242,google,,,https://www.fabhotels.com/hotels-in-gurgaon/?utm_source=Google_Maps&utm_medium=organic&utm_campaign=Google_Maps_Clicks,3.6,71,"-122002, T-26/12, DLF Phase 3, Sector 24, DLF Phase 3, Sector 24, Gurugram, Haryana 122002, India",https://maps.google.com/?cid=2978859717113246824&g_mp=Cilnb29nbGUubWFwcy5wbGFjZXMudjEuUGxhY2VzLlNlYXJjaE5lYXJieRACGAQgAA
"FabHotel Phoenix Hospitality - Hotel in DLF Phase 2, Gurgaon",Lodging / PG,"cleaner, cook, warden, guard",7042424242,google,,,https://www.fabhotels.com/hotels-in-gurgaon/fabhotel-phoenix-hospitality-wonxgsby.html?utm_source=GMB&utm_medium=organic&utm_campaign=GMB_Traffic,4.2,239,"28, M-1, DLF Phase 2, Sector 25, Gurugram, Haryana 122002, India",https://maps.google.com/?cid=7497602160717583904&g_mp=Cilnb29nbGUubWFwcy5wbGFjZXMudjEuUGxhY2VzLlNlYXJjaE5lYXJieRACGAQgAA
Fabhotel Rd Residency,Lodging / PG,"cleaner, cook, warden, guard",7042424242,google,,,https://www.fabhotels.com/hotels-in-gurgaon/fabhotel-r-d-residency.html?utm_source=GMB&utm_medium=organic&utm_campaign=GMB_Traffic,4.9,7,"57A, Akashneem Marg, DLF Phase 2, Sector 25, Gurugram, Haryana 122001, India",https://maps.google.com/?cid=4001088021538626543&g_mp=Cilnb29nbGUubWFwcy5wbGFjZXMudjEuUGxhY2VzLlNlYXJjaE5lYXJieRACGAQgAA
"FabHotel Rivlet Residency - Hotel in DLF Phase 3, Gurgaon",Lodging / PG,"cleaner, cook, warden, guard",7042424242,google,,,https://www.fabhotels.com/hotels-in-gurgaon/fabhotel-rivlet-premium-iii.html?utm_source=GMB&utm_medium=organic&utm_campaign=GMB_Traffic,4.6,283,"37, Siris Rd, T Block, DLF Phase 3, Sector 24, Gurugram, Haryana 122002, India",https://maps.google.com/?cid=17243364627167371360&g_mp=Cilnb29nbGUubWFwcy5wbGFjZXMudjEuUGxhY2VzLlNlYXJjaE5lYXJieRACGAQgAA
"FabHotel SR 69 Posh - Hotel in DLF Phase 3, Gurgaon",Lodging / PG,"cleaner, cook, warden, guard",7042424242,google,,,https://www.fabhotels.com/hotels-in-gurgaon/fabhotel-sr-69-posh.html?utm_source=GMB&utm_medium=organic&utm_campaign=GMB_Traffic,4.3,84,"69, Siris Rd, DLF Phase 3, Sector 24, Gurugram, Haryana 122002, India",https://maps.google.com/?cid=4610400978680312329&g_mp=Cilnb29nbGUubWFwcy5wbGFjZXMudjEuUGxhY2VzLlNlYXJjaE5lYXJieRACGAQgAA
Fuji Ryokan Corporate Stays,Lodging / PG,"cleaner, cook, warden, guard",9818868200,google,,,,4.6,262,"T, 27/4, 27/4, DLF Phase 3, Sector 24, Gurugram, Haryana 122002, India",https://maps.google.com/?cid=7982654120543846969&g_mp=Cilnb29nbGUubWFwcy5wbGFjZXMudjEuUGxhY2VzLlNlYXJjaE5lYXJieRACGAQgAA
Homesphere Apartments by Aanandam Hospitality,Lodging / PG,"cleaner, cook, warden, guard",9871139797,google,,,https://aanandamhospitality.com/,4.5,26,"Building number 1, Lane, V-20, DLF Phase 3, Sector 24, Gurugram, Haryana 122010, India",https://maps.google.com/?cid=14874318913225349840&g_mp=Cilnb29nbGUubWFwcy5wbGFjZXMudjEuUGxhY2VzLlNlYXJjaE5lYXJieRACGAQgAA
Hotel Amazone Residency dlf phase 3 gurugram,Lodging / PG,"cleaner, cook, warden, guard",9871237434,google,,,http://www.gurugramhotel.com/,4.3,318,"37/8, near SHRI RAM SCHOOL, V Block, DLF Phase 3, Sector 24, Gurugram, Haryana 122010, India",https://maps.google.com/?cid=949030591530203101&g_mp=Cilnb29nbGUubWFwcy5wbGFjZXMudjEuUGxhY2VzLlNlYXJjaE5lYXJieRACGAQgAA
Hotel Amisa,Lodging / PG,"cleaner, cook, warden, guard",7568666455,google,,,,2,1,"34, Plot number 17, Late, Amisa, Block H, DLF Phase 1, Sector 26, Gurugram, Haryana 122002, India",https://maps.google.com/?cid=7067385528845621227&g_mp=Cilnb29nbGUubWFwcy5wbGFjZXMudjEuUGxhY2VzLlNlYXJjaE5lYXJieRACGAQgAA
Hotel コンフォートイン - 日本語のベストホテル,Lodging / PG,"cleaner, cook, warden, guard",7065271479,google,,,http://www.gurugramhotel.com/,4.5,8,"8, Lane Number V-37, DLF Phase 3, Sector 24, Gurugram, Haryana 122010, India",https://maps.google.com/?cid=8684425113262165313&g_mp=Cilnb29nbGUubWFwcy5wbGFjZXMudjEuUGxhY2VzLlNlYXJjaE5lYXJieRACGAQgAA
MOD AVENUE,Lodging / PG,"cleaner, cook, warden, guard",9911999668,google,,,https://www.modhospitalitygroup.com/,4.6,461,"53, Moulsari Ave, DLF Phase 3, Sector 24, Gurugram, Haryana 122002, India",https://maps.google.com/?cid=1353275928496576162&g_mp=Cilnb29nbGUubWFwcy5wbGFjZXMudjEuUGxhY2VzLlNlYXJjaE5lYXJieRACGAQgAA
Pawan enterprises,Lodging / PG,"cleaner, cook, warden, guard",8882166078,google,,,,,,"gaon, opposite Kunal complex, Sector 28, Chakkarpur, Gurugram, Haryana 122002, India",https://maps.google.com/?cid=8868984596627358305&g_mp=Cilnb29nbGUubWFwcy5wbGFjZXMudjEuUGxhY2VzLlNlYXJjaE5lYXJieRACGAQgAA
Purple Inn,Lodging / PG,"cleaner, cook, warden, guard",8088988711,google,,,,,,"F4H4+44X, Sikanderpur, Sector 26, Gurugram, Haryana 122002, India",https://maps.google.com/?cid=14773817620757531565&g_mp=Cilnb29nbGUubWFwcy5wbGFjZXMudjEuUGxhY2VzLlNlYXJjaE5lYXJieRACGAQgAA
Ravi apartment,Lodging / PG,"cleaner, cook, warden, guard",8743000090,google,,,,4,4,"Jangra Bazar, Dundahera Village, Sector 20, Gurugram, Haryana 122016, India",https://maps.google.com/?cid=3030838410741690831&g_mp=Cilnb29nbGUubWFwcy5wbGFjZXMudjEuUGxhY2VzLlNlYXJjaE5lYXJieRACGAQgAA
Roshan Apartments,Lodging / PG,"cleaner, cook, warden, guard",9654549408,google,,,,4,27,"F3RX+X5W, नया मोहल्ला मार्ग, Balveer Market, U Block, DLF Phase 3, Sector 24, Gurugram, Haryana 122002, India",https://maps.google.com/?cid=7989717347094620943&g_mp=Cilnb29nbGUubWFwcy5wbGFjZXMudjEuUGxhY2VzLlNlYXJjaE5lYXJieRACGAQgAA
Santosh Hotal &Tea stall,Lodging / PG,"cleaner, cook, warden, guard",7065563065,google,,,,,,"F3WH+WM7, Phase IV, Udyog Vihar, Sector 18, Gurugram, Haryana 122015, India",https://maps.google.com/?cid=17559511825049772493&g_mp=Cilnb29nbGUubWFwcy5wbGFjZXMudjEuUGxhY2VzLlNlYXJjaE5lYXJieRACGAQgAA
Siris 18,Lodging / PG,"cleaner, cook, warden, guard",9818007965,google,,,,3.9,386,"18, Siris Rd, DLF Phase 3, Sector 24, Gurugram, Haryana 122002, India",https://maps.google.com/?cid=13936441789979429255&g_mp=Cilnb29nbGUubWFwcy5wbGFjZXMudjEuUGxhY2VzLlNlYXJjaE5lYXJieRACGAQgAA
STEPiNN ACME,Lodging / PG,"cleaner, cook, warden, guard",9899479622,google,,,,3,1,"S5/16, DLF PHASE-3, SECTOR 24, GURGAON Gurgaon, DLF Phase 3, Sector 24, Gurugram, Haryana 122002, India",https://maps.google.com/?cid=14685398098869341732&g_mp=Cilnb29nbGUubWFwcy5wbGFjZXMudjEuUGxhY2VzLlNlYXJjaE5lYXJieRACGAQgAA
Stok Palace Heritage Hotel,Lodging / PG,"cleaner, cook, warden, guard",9622827727,google,,,http://stokpalaceheritage.com/,5,2,"Ground Floor, U-26A/6, Qutub Enclave, White Town Houses, DLF Phase 3, Sector 24, Gurugram, Haryana 122002, India",https://maps.google.com/?cid=10817989639435138603&g_mp=Cilnb29nbGUubWFwcy5wbGFjZXMudjEuUGxhY2VzLlNlYXJjaE5lYXJieRACGAQgAA
The Aldott Boutique Hotel,Lodging / PG,"cleaner, cook, warden, guard",9811013689,google,,,http://www.thealdott.com/,4.5,990,"81, Moulsari Ave, DLF Phase 3, Sector 24, Gurugram, Haryana 122002, India",https://maps.google.com/?cid=16258023425846428993&g_mp=Cilnb29nbGUubWFwcy5wbGFjZXMudjEuUGxhY2VzLlNlYXJjaE5lYXJieRACGAQgAA
The Altruist Business Stays (DLF Phase 3),Lodging / PG,"cleaner, cook, warden, guard",9056088815,google,,,https://thealtruisthotels.com/gurugram/cyber-hub,4.6,366,"Plot No. 70, The Altruist Business Stays, Siris Rd, DLF Phase 3, Sector 24, Gurugram, Haryana 122010, India",https://maps.google.com/?cid=7000718076692555287&g_mp=Cilnb29nbGUubWFwcy5wbGFjZXMudjEuUGxhY2VzLlNlYXJjaE5lYXJieRACGAQgAA
The Cozy Corner,Lodging / PG,"cleaner, cook, warden, guard",9636870519,google,,,,5,1,"S-49/16-17, S Block, DLF Phase 3, Sector 24, Gurugram, Haryana 122010, India",https://maps.google.com/?cid=15535409587682323281&g_mp=Cilnb29nbGUubWFwcy5wbGFjZXMudjEuUGxhY2VzLlNlYXJjaE5lYXJieRACGAQgAA
The Lalit Vibes,Lodging / PG,"cleaner, cook, warden, guard",9917280722,google,,,,5,39,"57A, Akashneem Marg, DLF Phase 2, Sector 25, Gurugram, Haryana 122002, India",https://maps.google.com/?cid=3980615322524729434&g_mp=Cilnb29nbGUubWFwcy5wbGFjZXMudjEuUGxhY2VzLlNlYXJjaE5lYXJieRACGAQgAA
Tipsyy Inn Suites 006,Lodging / PG,"cleaner, cook, warden, guard",8447028439,google,,,,3.4,7,"DLF Phase 3, Sector 24, Gurugram, Haryana 122010, India",https://maps.google.com/?cid=696296408331568482&g_mp=Cilnb29nbGUubWFwcy5wbGFjZXMudjEuUGxhY2VzLlNlYXJjaE5lYXJieRACGAQgAA
Trinity Corporate Suites,Lodging / PG,"cleaner, cook, warden, guard",9811190257,google,,,https://trinitycorporatesuites.com/,4.1,545,"Suncity Trade Tower, Old Delhi Gurugram Rd, adjoining Candor Techspace, opposite Udyog Vihar, Sector 21, Gurugram, Haryana 122016, India",https://maps.google.com/?cid=3306069510908787084&g_mp=Cilnb29nbGUubWFwcy5wbGFjZXMudjEuUGxhY2VzLlNlYXJjaE5lYXJieRACGAQgAA
Wowhotelz,Lodging / PG,"cleaner, cook, warden, guard",7834811100,google,,,,,,"Oppt, oakwood Apartment, DLF Phase : 2, 49, Akashneem Marg, DLF Phase 2, Sector 25, Gurugram, Haryana 122002, India",https://maps.google.com/?cid=7914208311001999209&g_mp=Cilnb29nbGUubWFwcy5wbGFjZXMudjEuUGxhY2VzLlNlYXJjaE5lYXJieRACGAQgAA
Zen Flats 1rk Fully Furnished Independent Balcony flats,Lodging / PG,"cleaner, cook, warden, guard",8882448888,google,,,,4.5,8,"8, Galli No. 15, U Block, DLF Phase 3, Sector 24, Gurugram, Haryana 122002, India",https://maps.google.com/?cid=10943634660660502643&g_mp=Cilnb29nbGUubWFwcy5wbGFjZXMudjEuUGxhY2VzLlNlYXJjaE5lYXJieRACGAQgAA
FabHotel Happy Feet,Guest House,"cleaner, cook, warden, guard",7042424242,google,,,https://www.fabhotels.com/hotels-in-gurgaon/fabexpress-happy-feet.html,3.8,13,"16/1, Police Station, nearby Phase 3, V Block, DLF Phase 3, Sector 24, Gurugram, Haryana 122010, India",https://maps.google.com/?cid=1084289481941446287&g_mp=Cilnb29nbGUubWFwcy5wbGFjZXMudjEuUGxhY2VzLlNlYXJjaE5lYXJieRACGAQgAA
HARSHITA HOSPITALITY SERVICES,Guest House,"cleaner, cook, warden, guard",9910799186,google,,,,4,17,"57-A, Akashneem Marg, DLF Phase 2, Sector 25, Gurugram, Haryana 122002, India",https://maps.google.com/?cid=567838696316283129&g_mp=Cilnb29nbGUubWFwcy5wbGFjZXMudjEuUGxhY2VzLlNlYXJjaE5lYXJieRACGAQgAA
Tavisha Villa Golf Course Road MG road Gurgaon,Guest House,"cleaner, cook, warden, guard",9999393158,google,,,http://www.tavishahotels.com/,4,535,"18, H-34 Rd, Block H, DLF Phase 1, Sector 26, Gurugram, Haryana 122002, India",https://maps.google.com/?cid=17582597063564712555&g_mp=Cilnb29nbGUubWFwcy5wbGFjZXMudjEuUGxhY2VzLlNlYXJjaE5lYXJieRACGAQgAA
AIHP Cyber Greens 2,Apartment Society,"cleaner, guard, gardener, property mgr",9821316135,google,,,https://www.aihp.in/,4.1,11,"Plot No. 484-485, Phase III, Udyog Vihar, Sector 20, Gurugram, Haryana 122016, India",https://maps.google.com/?cid=8764498638921450505&g_mp=Cilnb29nbGUubWFwcy5wbGFjZXMudjEuUGxhY2VzLlNlYXJjaE5lYXJieRACGAQgAA
Alcove Service Apartments,Apartment Society,"cleaner, guard, gardener, property mgr",8951089510,google,,,https://www.alcove.co.in/,5,1,"Block M 2, 33/34 DLF city phase 2, Gurgaon, Mushedpur, DLF Phase 2, Sector 25, Gurugram, Haryana 122002, India",https://maps.google.com/?cid=4748547633348341941&g_mp=Cilnb29nbGUubWFwcy5wbGFjZXMudjEuUGxhY2VzLlNlYXJjaE5lYXJieRACGAQgAA
Aman Apartments,Apartment Society,"cleaner, guard, gardener, property mgr",9999086470,google,,,https://www.amanappartment.in/,,,"14/6, DLF Phase 3, Sector 24, Gurugram, Haryana 122010, India",https://maps.google.com/?cid=10812642413373702266&g_mp=Cilnb29nbGUubWFwcy5wbGFjZXMudjEuUGxhY2VzLlNlYXJjaE5lYXJieRACGAQgAA
Ambience Caitriona,Apartment Society,"cleaner, guard, gardener, property mgr",9818734483,google,,,http://creacionsambience.in/,4.6,578,"NH 8 Next to Ambience Mall, AMBIENCE CAITRIONA, Ambience Island, DLF Phase 3, Sector 24, Gurugram, Haryana 122010, India",https://maps.google.com/?cid=9811599492153687913&g_mp=Cilnb29nbGUubWFwcy5wbGFjZXMudjEuUGxhY2VzLlNlYXJjaE5lYXJieRACGAQgAA
Ambience Creacions,Apartment Society,"cleaner, guard, gardener, property mgr",9818734483,google,,,http://www.creacionsambience.in/,4.4,311,"Plot 1, Rao Gajraj Singh Marg, Sector 22A, Sector 22, Gurugram, Haryana 122001, India",https://maps.google.com/?cid=6595930019848283864&g_mp=Cilnb29nbGUubWFwcy5wbGFjZXMudjEuUGxhY2VzLlNlYXJjaE5lYXJieRACGAQgAA
Antara Care Home,Apartment Society,"cleaner, guard, gardener, property mgr",7314377609,google,,,https://old-age-homes.antaraseniorcare.com/care-homes/gurugram/dlf-phase-/antara-care-homes-in-dlf-phase-2-gurugram--5lNbAe/home,4.5,133,"49, Gulmohar Marg, opp. Airtel building, Mushedpur, DLF Phase 2, Sector 25, Gurugram, Haryana 122002, India",https://maps.google.com/?cid=9521333312496016000&g_mp=Cilnb29nbGUubWFwcy5wbGFjZXMudjEuUGxhY2VzLlNlYXJjaE5lYXJieRACGAQgAA
Anya Home Massage & Spa,Apartment Society,"cleaner, guard, gardener, property mgr",9354688592,google,,,https://body-spa.in/anya-body-spa,4.9,123,"SCO-24C, 24B, Rd Number 44, U Block, DLF Phase 3, Sector 24, Gurugram, Haryana 122002, India",https://maps.google.com/?cid=4460751544160337023&g_mp=Cilnb29nbGUubWFwcy5wbGFjZXMudjEuUGxhY2VzLlNlYXJjaE5lYXJieRACGAQgAA
Apollo 24|7 Lab Tests Near Me | Sector 25 | Home collection | Gurgaon,Apartment Society,"cleaner, guard, gardener, property mgr",8048851037,google,,,https://www.apollo247.com/lab-tests-city/gurgaon,3.1,17,"Shop No: 107, Central Arcade, DLF Phase 2, Sector 25, Gurugram, Haryana 122001, India",https://maps.google.com/?cid=17170884826024377543&g_mp=Cilnb29nbGUubWFwcy5wbGFjZXMudjEuUGxhY2VzLlNlYXJjaE5lYXJieRACGAQgAA
"Beyond Just Work - Coworking Space Udyog Vihar | Shared Office | Private Cabin | Dedicated Seats & Desk, At Udyog Vihar",Apartment Society,"cleaner, guard, gardener, property mgr",8920882191,google,,,https://beyondjustwork.com/explore/bjw-pallette-center,4.1,312,"Plot 378-379, Udyog Vihar Phase 4 Rd, near nokia building, Electronic City, Phase IV, Udyog Vihar, Sector 19, Gurugram, Haryana 122015, India",https://maps.google.com/?cid=4092968616455480545&g_mp=Cilnb29nbGUubWFwcy5wbGFjZXMudjEuUGxhY2VzLlNlYXJjaE5lYXJieRACGAQgAA
CBR Properties | Buy | Sell | Rent flat villa Rooms Shops,Apartment Society,"cleaner, guard, gardener, property mgr",9958286606,google,,,,5,7,"Akashneem Marg, DLF Phase 2, Sector 25, haryana, Gurugram, Haryana 122002, India",https://maps.google.com/?cid=14185519444019999148&g_mp=Cilnb29nbGUubWFwcy5wbGFjZXMudjEuUGxhY2VzLlNlYXJjaE5lYXJieRACGAQgAA
Ch Om Parkash’s Apartment,Apartment Society,"cleaner, guard, gardener, property mgr",9319701700,google,,,,1,1,"tota ram chock, Nathupur, Sector 24, Gurugram, Haryana 122002, India",https://maps.google.com/?cid=727242193350815136&g_mp=Cilnb29nbGUubWFwcy5wbGFjZXMudjEuUGxhY2VzLlNlYXJjaE5lYXJieRACGAQgAA
CHANDA ESTATE,Apartment Society,"cleaner, guard, gardener, property mgr",9811940340,google,,,https://chandaestate.in/,4.4,41,"24, Bougainvilla Marg, DLF Phase 2, Sector 25, Gurugram, Shahpur, Haryana 122002, India",https://maps.google.com/?cid=1433815439193310022&g_mp=Cilnb29nbGUubWFwcy5wbGFjZXMudjEuUGxhY2VzLlNlYXJjaE5lYXJieRACGAQgAA
CHIRAG ESTATE,Apartment Society,"cleaner, guard, gardener, property mgr",9717009994,google,,,,5,6,"6, Sector 26A, Gurugram, Haryana 122002, India",https://maps.google.com/?cid=9493164736442006778&g_mp=Cilnb29nbGUubWFwcy5wbGFjZXMudjEuUGxhY2VzLlNlYXJjaE5lYXJieRACGAQgAA
Essel Prime (Essel Tower Club),Apartment Society,"cleaner, guard, gardener, property mgr",9911114258,google,,,http://www.siyaevent.com/,4.1,223,"229, Indian Airlines Pilots Society, Sushant Lok Phase I, Gurugram, Haryana 122009, India",https://maps.google.com/?cid=16709182036653269725&g_mp=Cilnb29nbGUubWFwcy5wbGFjZXMudjEuUGxhY2VzLlNlYXJjaE5lYXJieRACGAQgAA
Essel Towers,Apartment Society,"cleaner, guard, gardener, property mgr","9654128022, 9654128173",web-verified,Estate Mgr Kurian Chacko 9654128022; Dy Mgr Pankaj Kumar 9654128173,etrwa.in/ContactUs.aspx (official RWA site),,4.6,31,"Essel Tower, Mehrauli-Gurgaon Rd, Indian Airlines Pilots Society, Sushant Lok Phase I, Gurugram, Haryana 122008, India",https://maps.google.com/?cid=3959568292577960795&g_mp=Cilnb29nbGUubWFwcy5wbGFjZXMudjEuUGxhY2VzLlNlYXJjaE5lYXJieRACGAQgAA
"Footprints: Play School & Day Care Creche in Udyog Vihar Phase-III, Gurgaon",Apartment Society,"cleaner, guard, gardener, property mgr",7406222118,google,,,https://www.footprintseducation.in/pre-school-daycare-udyog-vihar-phase-3-gurgaon?utm_campaign=udyog-vihar-phase-3-gurgaon&utm_source=Google_Business_Listings&source=Google_Business_Listings&utm_medium=GBL,,,"AIHP CYBER GREENS II, Plot nos. 484-485, Udyog Vihar Phase III, near Wipro Limited, Udyog Vihar III, Sector 20, Gurugram, Haryana 122016, India",https://maps.google.com/?cid=12776747900325836383&g_mp=Cilnb29nbGUubWFwcy5wbGFjZXMudjEuUGxhY2VzLlNlYXJjaE5lYXJieRACGAQgAA
GATI HOME RELOCATION PACKERS MOVERS,Apartment Society,"cleaner, guard, gardener, property mgr",9521785017,google,,,,5,33,"Block-U, Balveer Market, Nathupur, Sector 24, Shop23, Gurugram, Haryana 122002, India",https://maps.google.com/?cid=16978596154988743041&g_mp=Cilnb29nbGUubWFwcy5wbGFjZXMudjEuUGxhY2VzLlNlYXJjaE5lYXJieRACGAQgAA
Global Gateway Tower A7flor,Apartment Society,"cleaner, guard, gardener, property mgr",9151822122,google,,,http://www.unitechgroup.com/,4.3,92,"3rd floor, Global Gateway Towers, Mehrauli-Gurgaon Rd, Sikanderpur, Sector 26, Gurugram, Haryana 122002, India",https://maps.google.com/?cid=15348010742816735020&g_mp=Cilnb29nbGUubWFwcy5wbGFjZXMudjEuUGxhY2VzLlNlYXJjaE5lYXJieRACGAQgAA
"Golden Grillz - 309-310, Phase IV, Udyog Vihar,",Apartment Society,"cleaner, guard, gardener, property mgr",9891922696,google,,,,4.5,48,"309-310, Phase IV, Udyog Vihar, Sector 18, Gurugram, Haryana 122015, India",https://maps.google.com/?cid=8782188392977460725&g_mp=Cilnb29nbGUubWFwcy5wbGFjZXMudjEuUGxhY2VzLlNlYXJjaE5lYXJieRACGAQgAA
Green Tree Advisory Pvt Ltd,Apartment Society,"cleaner, guard, gardener, property mgr",9716011156,google,,,,4.2,40,"Suncity Trade Tower, Sector 21, Gurugram, Haryana 122016, India",https://maps.google.com/?cid=17497854759780930616&g_mp=Cilnb29nbGUubWFwcy5wbGFjZXMudjEuUGxhY2VzLlNlYXJjaE5lYXJieRACGAQgAA
Happy Ratio | Udyog Vihar Gurgaon,Apartment Society,"cleaner, guard, gardener, property mgr",7827753669,google,,,http://happyratio.com/,4.6,39,"Plot 651 & 652, Udyog Vihar 3, Udyog Vihar, Sector 19, Gurugram, Haryana 122016, India",https://maps.google.com/?cid=16307789150224162288&g_mp=Cilnb29nbGUubWFwcy5wbGFjZXMudjEuUGxhY2VzLlNlYXJjaE5lYXJieRACGAQgAA
Holter on Demand | Best Holter | Best ABPM |BEST ELR | BEST SLEEP STUDY | AT HOME | GURUGRAM | DELHI | NCR,Apartment Society,"cleaner, guard, gardener, property mgr",9999657722,google,,,http://www.holterondemand.com/,4.8,17,"8, V-10, DLF Phase 3, Sector 24, Gurugram, Haryana 122010, India",https://maps.google.com/?cid=5977963624985016670&g_mp=Cilnb29nbGUubWFwcy5wbGFjZXMudjEuUGxhY2VzLlNlYXJjaE5lYXJieRACGAQgAA
"Myo Physio At Home - Physiotherapy At Home, Physiotherapist in gurugram",Apartment Society,"cleaner, guard, gardener, property mgr",9466138704,google,,,http://myophysio.in/,4.9,47,"M.A-53, Moulsari Ave, DLF Phase 3, Road, Gurugram, Haryana 122002, India",https://maps.google.com/?cid=1038059852523925877&g_mp=Cilnb29nbGUubWFwcy5wbGFjZXMudjEuUGxhY2VzLlNlYXJjaE5lYXJieRACGAQgAA
Navitas Green Power Fuel Management Pvt. Ltd.,Apartment Society,"cleaner, guard, gardener, property mgr",9650301732,google,,,http://www.livgreenbioenergy.com/,,,"Plot No 221, Udyog Vihar Phase 1, Udyog Vihar, Sector 20, Gurugram, Haryana 122016, India",https://maps.google.com/?cid=13149508223822029716&g_mp=Cilnb29nbGUubWFwcy5wbGFjZXMudjEuUGxhY2VzLlNlYXJjaE5lYXJieRACGAQgAA
Pandey Real Estate world,Apartment Society,"cleaner, guard, gardener, property mgr",8447157955,google,,,,,,"House number 78, Sikanderpur, DLF Phase 1, Sector 26, Gurugram, Haryana 122002, India",https://maps.google.com/?cid=10293827198366233740&g_mp=Cilnb29nbGUubWFwcy5wbGFjZXMudjEuUGxhY2VzLlNlYXJjaE5lYXJieRACGAQgAA
Prasidhi Realty Solutions | Real Estate Consultancy in Gurgaon,Apartment Society,"cleaner, guard, gardener, property mgr",9818967675,google,,,https://prasidhirealtysolutions.in/,,,"2, Basement, Q-5, DLF Phase 2, Sector 25, Gurugram, Haryana 122002, India",https://maps.google.com/?cid=10603619652239784640&g_mp=Cilnb29nbGUubWFwcy5wbGFjZXMudjEuUGxhY2VzLlNlYXJjaE5lYXJieRACGAQgAA
Primedeals-A Real Estate Enterprise - Your Property Our Priority,Apartment Society,"cleaner, guard, gardener, property mgr",9810299636,google,,,http://www.primedealsindia.com/,,,"J5/8 FIRST FLOOR DLF PHASE 2, Dakshin Marg, Heritage City, Sector 25, Gurugram, Haryana 122002, India",https://maps.google.com/?cid=7336054755428723330&g_mp=Cilnb29nbGUubWFwcy5wbGFjZXMudjEuUGxhY2VzLlNlYXJjaE5lYXJieRACGAQgAA
Pure Home + Living,Apartment Society,"cleaner, guard, gardener, property mgr",9915767786,google,,,https://www.purehomeandliving.com/,4.9,1731,"2nd Floor, Shop No 212, Ambience Mall, NH-8, Ambience Island, DLF Phase 3, Sector 24, Gurugram, Haryana 122010, India",https://maps.google.com/?cid=693120609215954221&g_mp=Cilnb29nbGUubWFwcy5wbGFjZXMudjEuUGxhY2VzLlNlYXJjaE5lYXJieRACGAQgAA
Rajinder Arora Home Office,Apartment Society,"cleaner, guard, gardener, property mgr",9810018857,google,,,http://www.ishtihaar.com/,3,1,"V 6/14, DLF Phase 3, Sector 24, Gurugram, Haryana 122010, India",https://maps.google.com/?cid=13891106576471869998&g_mp=Cilnb29nbGUubWFwcy5wbGFjZXMudjEuUGxhY2VzLlNlYXJjaE5lYXJieRACGAQgAA
Satish Home painting contractor Asian paints,Apartment Society,"cleaner, guard, gardener, property mgr",9650213851,google,,,,5,22,"8, V-10, DLF Phase 3, Sector 24, Gurugram, Haryana 122010, India",https://maps.google.com/?cid=43388363666302852&g_mp=Cilnb29nbGUubWFwcy5wbGFjZXMudjEuUGxhY2VzLlNlYXJjaE5lYXJieRACGAQgAA
Shri Ram Properties Gurgaon | Builder floor for sale In Gurugaon sector 24 | Land for sale Near me |Gaust house for lease,Apartment Society,"cleaner, guard, gardener, property mgr",9958833547,google,,,https://shrirampropertiesgurgaon.online/,4.1,8,"3, V-10, DLF Phase 3, Sector 24, Gurugram, Haryana 122010, India",https://maps.google.com/?cid=5940074471656458836&g_mp=Cilnb29nbGUubWFwcy5wbGFjZXMudjEuUGxhY2VzLlNlYXJjaE5lYXJieRACGAQgAA
SRL Diagnostics Home collection,Apartment Society,"cleaner, guard, gardener, property mgr",9111591115,google,,,http://www.srldiagnostic.in/,4.5,2,"F4G2+HJP, St 1, Block H, DLF Phase 1, Sector 33, Gurugram, Haryana 122002, India",https://maps.google.com/?cid=17320681031919521963&g_mp=Cilnb29nbGUubWFwcy5wbGFjZXMudjEuUGxhY2VzLlNlYXJjaE5lYXJieRACGAQgAA
"The Croffle Guys | Udyog Vihar, Cloud Kitchen",Apartment Society,"cleaner, guard, gardener, property mgr",9354855455,google,,,https://www.thecroffleguys.com/,4.7,7,"651, Udyog Vihar Phase V Rd, Udyog Vihar 3, Phase V, Udyog Vihar, Sector 19, Gurugram, Haryana 122016, India",https://maps.google.com/?cid=13064431075310700087&g_mp=Cilnb29nbGUubWFwcy5wbGFjZXMudjEuUGxhY2VzLlNlYXJjaE5lYXJieRACGAQgAA
"Urban Cabin Cowork: Udyog Vihar, Gurugram - Coworking Space",Apartment Society,"cleaner, guard, gardener, property mgr",8069069498,google,,,https://urbancabincowork.com/lp/urban-cabin/udyog-vihar.php,4.9,12,"Fortune Tower-2, Plot No. 406, Udyog Vihar III, Sector 20, Gurugram, Haryana 122016, India",https://maps.google.com/?cid=8781699287474393640&g_mp=Cilnb29nbGUubWFwcy5wbGFjZXMudjEuUGxhY2VzLlNlYXJjaE5lYXJieRACGAQgAA
Used office furniture Sk Enterprises old office furniture office chair repairing second hand furniture floor dismantling,Apartment Society,"cleaner, guard, gardener, property mgr",8789755135,google,,,https://youtube.com/shorts/3Tr6SHYpv5Y?si=G0mHb-6JMVy1nJBO,5,50,"Mehrauli-Gurgaon Rd, Sikanderpur, DLF Phase 1, Sector 24, Gurugram, Haryana 122010, India",https://maps.google.com/?cid=4966705376520568786&g_mp=Cilnb29nbGUubWFwcy5wbGFjZXMudjEuUGxhY2VzLlNlYXJjaE5lYXJieRACGAQgAA
