name,category,primary_type,mobile,website,address,rating,reviews,maps_url
STORY Club and Lounge,bar,association_or_organization,9654245577,https://www.instagram.com/storyclubgurgaon/,"The Westin, 1, Mehrauli-Gurgaon Rd, Sector 29, Gurugram, New Delhi, Haryana 122009, India",4.3,820,https://maps.google.com/?cid=14071336953442378773&g_mp=Cilnb29nbGUubWFwcy5wbGFjZXMudjEuUGxhY2VzLlNlYXJjaE5lYXJieRACGAQgAA
Modern Zen Spa & Lounge | Premium Spa,bar,spa,9821400437,https://modernzenspa.com/,"6101, 2nd Floor, near super Mart 1, opposite Tower-R, DLF Phase IV, Gurugram, Haryana 122009, India",4.8,170,https://maps.google.com/?cid=4805025183536657589&g_mp=Cilnb29nbGUubWFwcy5wbGFjZXMudjEuUGxhY2VzLlNlYXJjaE5lYXJieRACGAQgAA
Korner 27,bar,bar,9205700432,https://www.facebook.com/bibulouslounge,"No 603, Hamilton Ct Rd, near Bestech Centre Point, Block A, Sushant Lok Phase I, Sector 43, Gurugram, Haryana 122009, India",4.5,135,https://maps.google.com/?cid=9287801543140058878&g_mp=Cilnb29nbGUubWFwcy5wbGFjZXMudjEuUGxhY2VzLlNlYXJjaE5lYXJieRACGAQgAA
Shah Dental Care Lounge,bar,dental_clinic,9990320555,https://shahdentalcarelounge.com/,"K3/86, DLF Phase 2, Sector 25, Gurugram, Haryana 122002, India",5,75,https://maps.google.com/?cid=13272583984427660711&g_mp=Cilnb29nbGUubWFwcy5wbGFjZXMudjEuUGxhY2VzLlNlYXJjaE5lYXJieRACGAQgAA
Sunset Story Rooftop Bar,bar,lounge_bar,9899191917,https://www.marriott.com/en-us/hotels/delwi-the-westin-gurgaon-new-delhi/overview/?scid=f2ae0541-1279-4f24-b197-a979c79310b0,"The Westin, 1, Mehrauli-Gurgaon Rd, Sector 29, Gurugram, New Delhi, Haryana 122002, India",3.7,50,https://maps.google.com/?cid=9467567913657952776&g_mp=Cilnb29nbGUubWFwcy5wbGFjZXMudjEuUGxhY2VzLlNlYXJjaE5lYXJieRACGAQgAA
DESIGN LOUNGE @ G M Associates,bar,service,8800495007,,"Mahindra Compound, near PASSPORT OFFICE, Udyog Vihar, Sector 18, Sarhol, Gurugram, Haryana 122015, India",4.9,15,https://maps.google.com/?cid=11445407993123534600&g_mp=Cilnb29nbGUubWFwcy5wbGFjZXMudjEuUGxhY2VzLlNlYXJjaE5lYXJieRACGAQgAA
GAY PARTY G ZONE,bar,bar,7289998583,,"Nathupur, Sector 24, Gurugram, Haryana 122002, India",3.9,14,https://maps.google.com/?cid=953941233144756791&g_mp=Cilnb29nbGUubWFwcy5wbGFjZXMudjEuUGxhY2VzLlNlYXJjaE5lYXJieRACGAQgAA
121 Square,bar,bar,8929342065,,"DLF Silver Oaks, G Block, DLF Phase 1, Sector 26, Gurugram, Haryana 122002, India",4.8,9,https://maps.google.com/?cid=7169054042800879236&g_mp=Cilnb29nbGUubWFwcy5wbGFjZXMudjEuUGxhY2VzLlNlYXJjaE5lYXJieRACGAQgAA
Party Night Club,bar,night_club,8860588499,https://party-night-club.localo.site/?utm_source=google_profile&utm_campaign=localo&utm_medium=mainlink,"3rd Floor, opposite Mehrauli-Gurgaon Road, Sector 28, Sushant Lok Phase I, Gurugram, Haryana 122009, India",5,6,https://maps.google.com/?cid=18178014570981489862&g_mp=Cilnb29nbGUubWFwcy5wbGFjZXMudjEuUGxhY2VzLlNlYXJjaE5lYXJieRACGAQgAA
SBM Toilet,bar,public_bathroom,9863371332,,"Near Community Centre, Ambedkar Colony, Sector 28, Chakkarpur, Gurugram, Haryana 122002, India",3,2,https://maps.google.com/?cid=11856425190272655011&g_mp=Cilnb29nbGUubWFwcy5wbGFjZXMudjEuUGxhY2VzLlNlYXJjaE5lYXJieRACGAQgAA
sudama pandey,bar,bar,6307747063,,"shop, no 56, Sector 29, Gurugram, Haryana 122009, India",,,https://maps.google.com/?cid=4161049323268283728&g_mp=Cilnb29nbGUubWFwcy5wbGFjZXMudjEuUGxhY2VzLlNlYXJjaE5lYXJieRACGAQgAA
"Mother Mary Public School, Aya Nagar, Delhi",bar,primary_school,9773619981,http://www.mmpsayanagar.in/,"Ishwar Colony, Phase 5, Aya Nagar Extension, Aya Nagar, New Delhi, Delhi 110047, India",,,https://maps.google.com/?cid=9029591475427550528&g_mp=Cilnb29nbGUubWFwcy5wbGFjZXMudjEuUGxhY2VzLlNlYXJjaE5lYXJieRACGAQgAA
Sant Memorial Public School,bar,government_office,9818984542,https://www.linkedin.com/company/smps-gurgaon/,"Sector 17-B, Block B, IFFCO Colony, Sector 17, Gurugram, Haryana 122001, India",,,https://maps.google.com/?cid=17059417160802913796&g_mp=Cilnb29nbGUubWFwcy5wbGFjZXMudjEuUGxhY2VzLlNlYXJjaE5lYXJieRACGAQgAA
Sunshine Public School Sarhaul,bar,primary_school,9999076240,,"House Number 885 , Sector-18 , VPO Sarhaul, near Govt School, Sarhaul, Sector 18, Gurugram, Haryana 122015, India",,,https://maps.google.com/?cid=6602817952638976855&g_mp=Cilnb29nbGUubWFwcy5wbGFjZXMudjEuUGxhY2VzLlNlYXJjaE5lYXJieRACGAQgAA
SPOKEN ENGLISH & PUBLIC SPEAKING ACADEMY- SEPS,bar,educational_institution,9266877813,https://www.icoachthecoach.in/,"iCoachTheCoach-ICTC Learning Solutions S-50/24, Ground Floor, beside R.K Public School, S Block, DLF Phase 3, Sector 24, Gurugram, Haryana 122002, India",,,https://maps.google.com/?cid=9997866611512384943&g_mp=Cilnb29nbGUubWFwcy5wbGFjZXMudjEuUGxhY2VzLlNlYXJjaE5lYXJieRACGAQgAA
Rao shyam lal memorial public school,bar,school,9810240310,,"7, Sub. Major Laxmi Chand Rd, Maruti Udyog, Sector 18, Gurugram, Haryana 122015, India",,,https://maps.google.com/?cid=12136196316769888927&g_mp=Cilnb29nbGUubWFwcy5wbGFjZXMudjEuUGxhY2VzLlNlYXJjaE5lYXJieRACGAQgAA
Aquatic Public School,bar,school,9990926662,,"SHIV MANDIR, NEAR TOTARAM CHOWK, DLF PHASE 3, Nathupur, Sector 24, Gurugram, Haryana 122010, India",,,https://maps.google.com/?cid=16886609365258211267&g_mp=Cilnb29nbGUubWFwcy5wbGFjZXMudjEuUGxhY2VzLlNlYXJjaE5lYXJieRACGAQgAA
S T Public School,bar,school,9968581304,,"Nathupur, C 26 28, Dlf Phase 3, Sector 24, Gurugram, Gurugram Division Delhi, 489, Nathupur, Sector 24, Gurugram, Haryana 122002, India",,,https://maps.google.com/?cid=13287169899798913228&g_mp=Cilnb29nbGUubWFwcy5wbGFjZXMudjEuUGxhY2VzLlNlYXJjaE5lYXJieRACGAQgAA
Fig at MG,cafe,cafe,8447102226,https://www.instagram.com/figatmgroad/,"Ground Floor, TOWER-A, Global Gateway Towers, Unit 1, Mehrauli-Gurgaon Rd, Sikanderpur, Sector 26, Gurugram, Haryana 122002, India",4.4,1028,https://maps.google.com/?cid=128419131791281617&g_mp=Cilnb29nbGUubWFwcy5wbGFjZXMudjEuUGxhY2VzLlNlYXJjaE5lYXJieRACGAQgAA
Pour and Palate | Coffee and Cuisine,cafe,cafe,8527888903,https://pourandpalate.com/,"1st Floor, B-65, opposite Vipul Square, Sushant Lok Phase I, Sector 43, Gurugram, Haryana 122002, India",4.8,925,https://maps.google.com/?cid=12964690226623013793&g_mp=Cilnb29nbGUubWFwcy5wbGFjZXMudjEuUGxhY2VzLlNlYXJjaE5lYXJieRACGAQgAA
Coffee Island | HQ27,cafe,coffee_shop,8882151799,http://www.coffeeisland.in/,"HQ27 661, @, B Block Dr, Sushant Lok Phase I, Sector 43, Gurugram, Haryana 122009, India",4.8,437,https://maps.google.com/?cid=16070148152172232090&g_mp=Cilnb29nbGUubWFwcy5wbGFjZXMudjEuUGxhY2VzLlNlYXJjaE5lYXJieRACGAQgAA
Gurugram Bakery,cafe,cake_shop,9971219608,,"637, Sector 28, Maruti Housing Colony, Gurugram, Haryana 122002, India",4.9,247,https://maps.google.com/?cid=7323026642162519076&g_mp=Cilnb29nbGUubWFwcy5wbGFjZXMudjEuUGxhY2VzLlNlYXJjaE5lYXJieRACGAQgAA
Fun Station golf course road,cafe,cafe,9871864446,,"Golf Course Road, Block F4, 1, Block F, DLF Phase 1, Sector 26A, Gurugram, Haryana 122002, India",3.9,194,https://maps.google.com/?cid=7087056372276358930&g_mp=Cilnb29nbGUubWFwcy5wbGFjZXMudjEuUGxhY2VzLlNlYXJjaE5lYXJieRACGAQgAA
Systumm Café,cafe,cafe,9650374445,https://instagram.com/systummcafe,"Road, near Hamilton Court Galleria Market, DLF Phase IV, Sector 27, Gurugram, Haryana 122009, India",4.8,127,https://maps.google.com/?cid=5692801181464623106&g_mp=Cilnb29nbGUubWFwcy5wbGFjZXMudjEuUGxhY2VzLlNlYXJjaE5lYXJieRACGAQgAA
School For European Pastry & Culinary Arts,cafe,,9833043063,https://sep.in.net/gurugram/,"784, Phase V, HSIIDC, Sector 19, Gurugram, Haryana 122016, India",5,127,https://maps.google.com/?cid=4513107325639872815&g_mp=Cilnb29nbGUubWFwcy5wbGFjZXMudjEuUGxhY2VzLlNlYXJjaE5lYXJieRACGAQgAA
The Cake Studio by Menakshi,cafe,bakery,9910489454,https://thecakestudiobymenakshi.com/,"Beverly Park-1, 608, Mehrauli-Gurgaon Rd, Sector 28, Sushant Lok Phase I, Gurugram, Haryana 122002, India",4.9,125,https://maps.google.com/?cid=481846792349986150&g_mp=Cilnb29nbGUubWFwcy5wbGFjZXMudjEuUGxhY2VzLlNlYXJjaE5lYXJieRACGAQgAA
Baker By Chance Office,cafe,bakery,9599151070,https://www.bakerbychance.com/,"Plot no 385, Udyog Vihar Phase 4 Rd, Electronic City, Phase IV, Udyog Vihar, Sector 19, Gurugram, Haryana 122015, India",4.1,85,https://maps.google.com/?cid=8137923202514800637&g_mp=Cilnb29nbGUubWFwcy5wbGFjZXMudjEuUGxhY2VzLlNlYXJjaE5lYXJieRACGAQgAA
Fresh Bakes Gurgaon,cafe,bakery,9891350735,,"Rapid Metro Station, 579, Golf Course Rd, behind Sec 43, Sector 43, Gurugram, Haryana 122009, India",4.9,63,https://maps.google.com/?cid=4620666767386862446&g_mp=Cilnb29nbGUubWFwcy5wbGFjZXMudjEuUGxhY2VzLlNlYXJjaE5lYXJieRACGAQgAA
Cheesecake and Co.,cafe,bakery,8076245510,,"no 3, Sushant Lok 1 Rd, Block A, Sushant Lok Phase I, Sector 43, Gurugram, Haryana 122009, India",2.8,58,https://maps.google.com/?cid=9941711801118184587&g_mp=Cilnb29nbGUubWFwcy5wbGFjZXMudjEuUGxhY2VzLlNlYXJjaE5lYXJieRACGAQgAA
Dohful Cookies & Coffee,cafe,bakery,7045160633,http://www.dohful.com/,"G33Q+8QP, Phase III, Udyog Vihar, Sector 20, Gurugram, Haryana 122008, India",4,55,https://maps.google.com/?cid=8896500125498529025&g_mp=Cilnb29nbGUubWFwcy5wbGFjZXMudjEuUGxhY2VzLlNlYXJjaE5lYXJieRACGAQgAA
Cafe OMI,cafe,cafe,9811008684,http://www.thealdott.com/,"The Aldott, 81, Moulsari Ave, DLF Phase 3, Sector 24, Gurugram, Haryana 122002, India",4.5,51,https://maps.google.com/?cid=4956889282761145308&g_mp=Cilnb29nbGUubWFwcy5wbGFjZXMudjEuUGxhY2VzLlNlYXJjaE5lYXJieRACGAQgAA
Dough Cream Heaven,cafe,bakery,9220895558,https://d-doughcreamheaven970.dotpe.in/,"DLF Phase IV, Gurugram, Haryana 122009, India",4.7,35,https://maps.google.com/?cid=13912550274150286057&g_mp=Cilnb29nbGUubWFwcy5wbGFjZXMudjEuUGxhY2VzLlNlYXJjaE5lYXJieRACGAQgAA
Sip & Savour Cafe,cafe,cafe,8930302025,,"U15/30, U Block, DLF Phase 3, Sector 24, Gurugram, Haryana 122002, India",5,33,https://maps.google.com/?cid=4732070524149102581&g_mp=Cilnb29nbGUubWFwcy5wbGFjZXMudjEuUGxhY2VzLlNlYXJjaE5lYXJieRACGAQgAA
Avanços Coffee Co. (Specialty Coffee Studio),cafe,cafe,9619051704,https://avancoscoffee.com/,"Ground Floor, 378-379, Electronic City, Phase IV, Udyog Vihar, Sector 18, Gurugram, Haryana 122015, India",4.8,26,https://maps.google.com/?cid=16350112867204062609&g_mp=Cilnb29nbGUubWFwcy5wbGFjZXMudjEuUGxhY2VzLlNlYXJjaE5lYXJieRACGAQgAA
Cafe aroma beans,cafe,coffee_shop,9958411163,,"Road no 1, U Block, DLF Phase 3, Sector 24, Gurugram, Haryana 122002, India",4.9,22,https://maps.google.com/?cid=2897287860888420269&g_mp=Cilnb29nbGUubWFwcy5wbGFjZXMudjEuUGxhY2VzLlNlYXJjaE5lYXJieRACGAQgAA
Simba’s Barkery- PET Bakery,cafe,dog_cafe,8800283344,https://simbasbarkery.in/,"IDPL Twp, Udyog Vihar, Sector 19, Gurugram, Haryana 122016, India",5,15,https://maps.google.com/?cid=13933193203044742409&g_mp=Cilnb29nbGUubWFwcy5wbGFjZXMudjEuUGxhY2VzLlNlYXJjaE5lYXJieRACGAQgAA
Wagh Bakri Tea World,cafe,tea_house,9560244799,,"Ground Floor, Ambience Mall, K, Hawker Street, Ambience Island, DLF Phase 3, Sector 24, Gurugram, Haryana 122002, India",4.2,15,https://maps.google.com/?cid=4421206874885068741&g_mp=Cilnb29nbGUubWFwcy5wbGFjZXMudjEuUGxhY2VzLlNlYXJjaE5lYXJieRACGAQgAA
Blissful Bites by Juhie,cafe,bakery,9891746380,,"14, V-2, V Block, DLF Phase 3, Sector 24, Gurugram, Haryana 122002, India",4.8,14,https://maps.google.com/?cid=8652780845392911685&g_mp=Cilnb29nbGUubWFwcy5wbGFjZXMudjEuUGxhY2VzLlNlYXJjaE5lYXJieRACGAQgAA
Oval bean cafe,cafe,cafe,8468813866,https://ovalbeancafe.com/,"Narayana Superspeciality Hospital, DLF Phase 3, Sector 24, Gurugram, Haryana 122010, India",4.4,14,https://maps.google.com/?cid=1055038408341662988&g_mp=Cilnb29nbGUubWFwcy5wbGFjZXMudjEuUGxhY2VzLlNlYXJjaE5lYXJieRACGAQgAA
Star Cafe,cafe,cafe,7898612847,,"Basement Market, 107, U Block, DLF Phase 3, Sector 24, Gurugram, Haryana 122002, India",4.5,13,https://maps.google.com/?cid=12569511867653410113&g_mp=Cilnb29nbGUubWFwcy5wbGFjZXMudjEuUGxhY2VzLlNlYXJjaE5lYXJieRACGAQgAA
Cafe Amour,cafe,cafe,9990060656,http://cafeamour.in/,"Golf Course Rd, Block F, DLF Phase 1, Sector 26A, Gurugram, Haryana 122002, India",4,9,https://maps.google.com/?cid=15858501452827418779&g_mp=Cilnb29nbGUubWFwcy5wbGFjZXMudjEuUGxhY2VzLlNlYXJjaE5lYXJieRACGAQgAA
CakeZone,cafe,bakery,9880125283,https://www.cakezone.com/,"GROUND FLOOR, PLOT NO.3807, DLF PHASE-4, IVY APARTMENTS, DLF Phase 2, Sector 25, Gurugram, Haryana 122002, India",2,8,https://maps.google.com/?cid=13107283245278524856&g_mp=Cilnb29nbGUubWFwcy5wbGFjZXMudjEuUGxhY2VzLlNlYXJjaE5lYXJieRACGAQgAA
"Keventers - DLF Cyber Park, Gurugram",cafe,cafe,9717018663,,"Cyber park, Phase III, Udyog Vihar, Sector 20, Gurugram, Haryana 122016, India",3.9,8,https://maps.google.com/?cid=13008756771375548786&g_mp=Cilnb29nbGUubWFwcy5wbGFjZXMudjEuUGxhY2VzLlNlYXJjaE5lYXJieRACGAQgAA
Yogi Tea Stall And Cold Drinks,cafe,tea_store,9358254967,,"street 20, U Block, DLF Phase 3, Sector 24, Gurugram, Haryana 122002, India",5,3,https://maps.google.com/?cid=9995657943837758247&g_mp=Cilnb29nbGUubWFwcy5wbGFjZXMudjEuUGxhY2VzLlNlYXJjaE5lYXJieRACGAQgAA
Arsh Foods And Beverages,cafe,cafe,9250927781,,"67/223, behind HUDA MARKET, Sector 17 A, Sector 42, Gurugram, Haryana 122009, India",5,2,https://maps.google.com/?cid=9085132885094466459&g_mp=Cilnb29nbGUubWFwcy5wbGFjZXMudjEuUGxhY2VzLlNlYXJjaE5lYXJieRACGAQgAA
Galib Khan,cafe,bakery,9319347006,,"38, Krishna Market Rd, Sector 28, Chakkarpur, Gurugram, Haryana 122002, India",3.5,2,https://maps.google.com/?cid=4543967396578221598&g_mp=Cilnb29nbGUubWFwcy5wbGFjZXMudjEuUGxhY2VzLlNlYXJjaE5lYXJieRACGAQgAA
csc center & Sah cyber cafe,cafe,internet_cafe,9958220124,,"k2/1, Dakshin Marg, DLF Phase 2, Sector 25, Gurugram, Haryana 122002, India",5,2,https://maps.google.com/?cid=5367555491193072974&g_mp=Cilnb29nbGUubWFwcy5wbGFjZXMudjEuUGxhY2VzLlNlYXJjaE5lYXJieRACGAQgAA
MUM CAFE & BAKERY,cafe,bakery,9870241130,,"24, Galli No. 15, U Block, DLF Phase 3, Sector 24, Gurugram, Haryana 122002, India",5,2,https://maps.google.com/?cid=14406691046387749830&g_mp=Cilnb29nbGUubWFwcy5wbGFjZXMudjEuUGxhY2VzLlNlYXJjaE5lYXJieRACGAQgAA
First Coffee | DLF Atrium,cafe,cafe,9217356974,https://nearme.firstcoffee.co.in/first-coffee-dlf-atrium-48094/home?utm_source=GBP,"Tower 3, Ground Floor, DLF Phase III Atrium Place, Phase V, Udyog Vihar, Sector 19, Gurugram, Haryana 122016, India",5,2,https://maps.google.com/?cid=10105880570471587597&g_mp=Cilnb29nbGUubWFwcy5wbGFjZXMudjEuUGxhY2VzLlNlYXJjaE5lYXJieRACGAQgAA
Om Prakash Mandal,cafe,bakery,7065688663,,"5, Balveer Market, U Block, DLF Phase 3, Sector 24, Gurugram, Haryana 122002, India",5,1,https://maps.google.com/?cid=10481617225190059216&g_mp=Cilnb29nbGUubWFwcy5wbGFjZXMudjEuUGxhY2VzLlNlYXJjaE5lYXJieRACGAQgAA
On The Go | Downtown 4,cafe,cafe,9220484888,,"GROUND FLOOR, DLF DOWNTOWN, 4, Sector 25A, Ambience Island, DLF Phase 3, Sector 24, Gurugram, Haryana 122001, India",5,1,https://maps.google.com/?cid=17796248266087076046&g_mp=Cilnb29nbGUubWFwcy5wbGFjZXMudjEuUGxhY2VzLlNlYXJjaE5lYXJieRACGAQgAA
Harsh baker,cafe,bakery,7900448541,https://harshrao.com/,"near tikona park, DLF Phase 2, Sector 25, Sarhol, Gurugram, Haryana 122002, India",,,https://maps.google.com/?cid=7020085316491892027&g_mp=Cilnb29nbGUubWFwcy5wbGFjZXMudjEuUGxhY2VzLlNlYXJjaE5lYXJieRACGAQgAA
Shree Shyam Cyber Cafe,cafe,auto_parts_store,9254203015,,"Shop No 04, Sarhaul, Sector 18, Gurugram, Haryana 122015, India",,,https://maps.google.com/?cid=12278919493996985495&g_mp=Cilnb29nbGUubWFwcy5wbGFjZXMudjEuUGxhY2VzLlNlYXJjaE5lYXJieRACGAQgAA
LAKSHMI CAKE SHOP,cafe,bakery,9354355278,,"Nathupur, Sector 24, Gurugram, Haryana 122010, India",,,https://maps.google.com/?cid=15091629742826620727&g_mp=Cilnb29nbGUubWFwcy5wbGFjZXMudjEuUGxhY2VzLlNlYXJjaE5lYXJieRACGAQgAA
Deepak Vyas,cafe,cafe,9079161849,,"Shop No.64, Main Market, Sarhaul, Sector 18, Gurugram, Haryana 122015, India",,,https://maps.google.com/?cid=15855923030011707324&g_mp=Cilnb29nbGUubWFwcy5wbGFjZXMudjEuUGxhY2VzLlNlYXJjaE5lYXJieRACGAQgAA
Avinash,cafe,cafe,7508399698,,"Shop No. 94, Main Market, Sarhaul, Sector 18, Gurugram, Haryana 122015, India",,,https://maps.google.com/?cid=1931854751443030811&g_mp=Cilnb29nbGUubWFwcy5wbGFjZXMudjEuUGxhY2VzLlNlYXJjaE5lYXJieRACGAQgAA
Café Coffee Day,cafe,cafe,9312875369,https://www.cafecoffeeday.com/store-locator/haryana/gurgaon/cyber-city/dlf-6-tower,"6, Tower, A, DLF Building, near Sdlf Assets Ltd, DLF Cyber City, DLF Phase 3, Sector 24, Gurugram, Haryana 122001, India",,,https://maps.google.com/?cid=5680387266478638578&g_mp=Cilnb29nbGUubWFwcy5wbGFjZXMudjEuUGxhY2VzLlNlYXJjaE5lYXJieRACGAQgAA
Belladonna Crumbs,cafe,bakery,9810134939,,"W4/9D, DLF Phase 3, Sector 24, Gurugram, Haryana 122002, India",,,https://maps.google.com/?cid=18402746360737892208&g_mp=Cilnb29nbGUubWFwcy5wbGFjZXMudjEuUGxhY2VzLlNlYXJjaE5lYXJieRACGAQgAA
Club Riviera by FNP Venues,club,wedding_venue,7827812345,https://www.fnpvenues.com/wedding-venues-gurgaon/club-riviera/,"NH - 8, Golf Dr, behind the leela Hotel Ambience, DLF Phase 3, Sector 24, Gurugram, Haryana 122010, India",4.5,1998,https://maps.google.com/?cid=11325007856856792892&g_mp=Cilnb29nbGUubWFwcy5wbGFjZXMudjEuUGxhY2VzLlNlYXJjaE5lYXJieRACGAQgAA
Essel Prime (Essel Tower Club),club,association_or_organization,9911114258,http://www.siyaevent.com/,"229, Indian Airlines Pilots Society, Sushant Lok Phase I, Gurugram, Haryana 122009, India",4.1,226,https://maps.google.com/?cid=16709182036653269725&g_mp=Cilnb29nbGUubWFwcy5wbGFjZXMudjEuUGxhY2VzLlNlYXJjaE5lYXJieRACGAQgAA
C.B.S. Akash Health Club,club,gym,9582261309,,"F3RX+R9X, नया मोहल्ला मार्ग, near primary school, CBS, नाथूपुर, सेक्टर २४, गुरुग्राम, हरियाणा 122002, India",3.9,149,https://maps.google.com/?cid=6793889674815729688&g_mp=Cilnb29nbGUubWFwcy5wbGFjZXMudjEuUGxhY2VzLlNlYXJjaE5lYXJieRACGAQgAA
X Live,club,night_club,8448444679,,"8th Floor, Global Foyer Mall, Sector 43, Gurugram, Haryana 122009, India",3.9,141,https://maps.google.com/?cid=832375885934522853&g_mp=Cilnb29nbGUubWFwcy5wbGFjZXMudjEuUGxhY2VzLlNlYXJjaE5lYXJieRACGAQgAA
Gurugram Dronacharya Toastmasters Club,club,non_profit_organization,9871094179,https://www.facebook.com/share/17MiCpohP5/,"Soch Hall, Sustainable Oasis, near Roots Cafe, Sector 29, Gurugram, Haryana 122002, India",5,10,https://maps.google.com/?cid=8232385453229687169&g_mp=Cilnb29nbGUubWFwcy5wbGFjZXMudjEuUGxhY2VzLlNlYXJjaE5lYXJieRACGAQgAA
PRITHVI'S FITNESS CLUB,club,gym,9540465522,,"near AXIS BANK ATM, Sarhaul, Sector 18, Gurugram, Haryana 122015, India",4.7,7,https://maps.google.com/?cid=10172248031686160966&g_mp=Cilnb29nbGUubWFwcy5wbGFjZXMudjEuUGxhY2VzLlNlYXJjaE5lYXJieRACGAQgAA
Sarikas Art Club,club,educational_institution,9810463863,,"142 4th floor, Akashneem Marg, DLF Phase 2, DLF2, Gurugram, Haryana 122002, India",5,3,https://maps.google.com/?cid=10667251110369044825&g_mp=Cilnb29nbGUubWFwcy5wbGFjZXMudjEuUGxhY2VzLlNlYXJjaE5lYXJieRACGAQgAA
The Bambooshoots Club,club,clothing_store,9456995876,https://bambooshootsclub.com/,"Floor No : 1st Floor, Building No: 7311, DLF Phase IV, Gurugram, Haryana 122009, India",,,https://maps.google.com/?cid=13594065016534632660&g_mp=Cilnb29nbGUubWFwcy5wbGFjZXMudjEuUGxhY2VzLlNlYXJjaE5lYXJieRACGAQgAA
SHIVA KUMAR BLINKIT STORE,darkstore,child_care_agency,8252869544,,"Shop No -45, near Metro Station, Sikanderpur, DLF Phase 2, Sector 25, Gurugram, Haryana 122002, India",,,https://maps.google.com/?cid=16020599315152933791&g_mp=Cilnb29nbGUubWFwcy5wbGFjZXMudjEuUGxhY2VzLlNlYXJjaE5lYXJieRACGAQgAA
Saltstayz Premier,hotel,hotel,8800027657,https://saltstayz.com/hotels/gurgaon/saltstayz-premier-galleria-market-and-sector-27,"Plot no 200 P, Sector 27, Gurugram, Haryana 122009, India",4.8,2125,https://maps.google.com/?cid=1628512630843833247&g_mp=Cilnb29nbGUubWFwcy5wbGFjZXMudjEuUGxhY2VzLlNlYXJjaE5lYXJieRACGAQgAA
Saltstayz Express - Golf Course Road & DLF Phase-1,hotel,hotel,9599199605,,"Plot No. 75, Metro, Global, Foyer Mall, Golf Crse Rd, near DLF Phase-1, Sector 28, Chakkarpur, Gurugram, Haryana 122002, India",4.7,2007,https://maps.google.com/?cid=16920317736509926552&g_mp=Cilnb29nbGUubWFwcy5wbGFjZXMudjEuUGxhY2VzLlNlYXJjaE5lYXJieRACGAQgAA
"Lime Tree Hotel Sushant Lok Gurgaon at IFFCO Metro close to Leisure Valley , Sector 29",hotel,hotel,9667079001,https://www.limetreehotels.com/sushant-lok-hotel-in-gurgaon/,"A-587, Sushant Lok Phase-1 Sector -28, Gurgaon, Block A, Sushant Lok Phase I, Sector 43, Delhi NCR, Gurugram, Haryana 122009, India",4.5,1136,https://maps.google.com/?cid=12158555094538136318&g_mp=Cilnb29nbGUubWFwcy5wbGFjZXMudjEuUGxhY2VzLlNlYXJjaE5lYXJieRACGAQgAA
Saltstayz Premier,hotel,hotel,8800012701,https://saltstayz.com/hotels/gurgaon/saltstayz-premier-golf-course-road-and-sector-42,"Plot No. 780, Golf Crse Rd, Sector 42, Gurugram, Haryana 122009, India",4.8,1085,https://maps.google.com/?cid=6612247606630129903&g_mp=Cilnb29nbGUubWFwcy5wbGFjZXMudjEuUGxhY2VzLlNlYXJjaE5lYXJieRACGAQgAA
Siris 18,hotel,hotel,9818007965,,"18, Siris Rd, DLF Phase 3, Sector 24, Gurugram, Haryana 122002, India",3.9,398,https://maps.google.com/?cid=13936441789979429255&g_mp=Cilnb29nbGUubWFwcy5wbGFjZXMudjEuUGxhY2VzLlNlYXJjaE5lYXJieRACGAQgAA
Enkay Residency V Block,hotel,lodging,9667984441,http://www.enkayresidency.com/,"V-39/18 & 19, DLF Phase 3, Sector 24, Gurugram, Haryana 122010, India",4.2,353,https://maps.google.com/?cid=14663836967261945784&g_mp=Cilnb29nbGUubWFwcy5wbGFjZXMudjEuUGxhY2VzLlNlYXJjaE5lYXJieRACGAQgAA
The Woodbury,hotel,hotel,9999071320,http://thewoodbury.in/,"1, Kusum Marg, G Block, DLF Phase 1, Sector 26, Gurugram, Haryana 122002, India",4.5,319,https://maps.google.com/?cid=12687338478839678924&g_mp=Cilnb29nbGUubWFwcy5wbGFjZXMudjEuUGxhY2VzLlNlYXJjaE5lYXJieRACGAQgAA
FabHotel Rivlet Residency,hotel,hotel,7042424242,https://www.fabhotels.com/hotels-in-gurgaon/fabhotel-rivlet-premium-iii.html?utm_source=GMB&utm_medium=organic&utm_campaign=GMB_Traffic,"37, Siris Rd, T Block, DLF Phase 3, Sector 24, Gurugram, Haryana 122002, India",4.6,287,https://maps.google.com/?cid=17243364627167371360&g_mp=Cilnb29nbGUubWFwcy5wbGFjZXMudjEuUGxhY2VzLlNlYXJjaE5lYXJieRACGAQgAA
"Bedchambers Serviced Apartments, DLF Cybercity Gurgaon",hotel,lodging,8588888655,https://bedchambers.in/Apartments/bedchambers-serviced-apartments-dlf-cybercity-gurgaon/,"V40, 1, DLF Phase 3, Sector 24, Gurugram, Haryana 122002, India",4.9,265,https://maps.google.com/?cid=4838707718266024628&g_mp=Cilnb29nbGUubWFwcy5wbGFjZXMudjEuUGxhY2VzLlNlYXJjaE5lYXJieRACGAQgAA
Hotel Gracia Golf by SAAVI Hotel,hotel,hotel,7290006494,http://saavihotels.com/,"545, Off, Golf Course Rd, Sector 43, Gurugram, Haryana 122002, India",3.8,204,https://maps.google.com/?cid=2467949711724443147&g_mp=Cilnb29nbGUubWFwcy5wbGFjZXMudjEuUGxhY2VzLlNlYXJjaE5lYXJieRACGAQgAA
Restin Hotel - Golf Course Road & DLF Phase I,hotel,hotel,9953505741,,"Plot No 124, Sector 27, Gurugram, Haryana 122009, India",5,164,https://maps.google.com/?cid=2906854345149860876&g_mp=Cilnb29nbGUubWFwcy5wbGFjZXMudjEuUGxhY2VzLlNlYXJjaE5lYXJieRACGAQgAA
Bed & Oats,hotel,bed_and_breakfast,9773770290,,"34, G - 19 Rd, G Block, DLF Phase 1, Sector 26, Gurugram, Haryana 122002, India",4.4,154,https://maps.google.com/?cid=11304528446602394781&g_mp=Cilnb29nbGUubWFwcy5wbGFjZXMudjEuUGxhY2VzLlNlYXJjaE5lYXJieRACGAQgAA
BrownBricks Apartments,hotel,lodging,9555034206,,"30, V-20, DLF Phase 3, Sector 24, Gurugram, Haryana 122010, India",4.6,152,https://maps.google.com/?cid=13839298595074884350&g_mp=Cilnb29nbGUubWFwcy5wbGFjZXMudjEuUGxhY2VzLlNlYXJjaE5lYXJieRACGAQgAA
37 @ SIRIS ROAD,hotel,hotel,9810500332,http://www.37sirisroad.com/,"Block T, 37, Siris Rd, near City Club, T Block, DLF Phase 3, Sector 24, Gurugram, Haryana 122002, India",4.2,117,https://maps.google.com/?cid=6230928968931805709&g_mp=Cilnb29nbGUubWFwcy5wbGFjZXMudjEuUGxhY2VzLlNlYXJjaE5lYXJieRACGAQgAA
Deluna Hotels,hotel,hotel,8130466565,https://www.delunahotels.in/,"Plot no. 43, Sector 42 Main Rd, Sector 42, Gurugram, Haryana 122009, India",4.5,66,https://maps.google.com/?cid=11830686269960873677&g_mp=Cilnb29nbGUubWFwcy5wbGFjZXMudjEuUGxhY2VzLlNlYXJjaE5lYXJieRACGAQgAA
Millora Cyber Suites,hotel,hotel,9650122240,,"24/1, S Block Main Rd, S Block, DLF Phase 3, Sector 24, Gurugram, Haryana 122010, India",4.9,64,https://maps.google.com/?cid=9350971915176428413&g_mp=Cilnb29nbGUubWFwcy5wbGFjZXMudjEuUGxhY2VzLlNlYXJjaE5lYXJieRACGAQgAA
Corporate Inn,hotel,hotel,9717676182,,"Golf Course Road Plot No. 546, Near Super Mart 1, Sector - 27, Sector 27, Gurugram, Haryana 122009, India",3.6,61,https://maps.google.com/?cid=16106317171898738936&g_mp=Cilnb29nbGUubWFwcy5wbGFjZXMudjEuUGxhY2VzLlNlYXJjaE5lYXJieRACGAQgAA
Double Tree Resorts and Holidays,hotel,tour_agency,7303944472,https://www.doubletreeresortsandholidays.com/,"4th Floor, Vashisth Complex, 427, sikanderpur, Sector 28, DLF Phase 1, Sector 26, Gurugram, Haryana 122002, India",4.6,47,https://maps.google.com/?cid=6171341754056815722&g_mp=Cilnb29nbGUubWFwcy5wbGFjZXMudjEuUGxhY2VzLlNlYXJjaE5lYXJieRACGAQgAA
Cyber Service Apartments Gurgaon- DLF Cyber City,hotel,lodging,8588884595,http://cyberserviceapartmentsgurgaon.com/,"20, Jacaranda Marg, DLF City, DLF Phase 2, Sector 25, Gurugram, Haryana 122002, India",4.8,44,https://maps.google.com/?cid=11813022651059835315&g_mp=Cilnb29nbGUubWFwcy5wbGFjZXMudjEuUGxhY2VzLlNlYXJjaE5lYXJieRACGAQgAA
RR premium residency,hotel,hotel,9770007631,,"676, Sector 42, Gurugram, Haryana 122009, India",4.7,43,https://maps.google.com/?cid=3519632757421928762&g_mp=Cilnb29nbGUubWFwcy5wbGFjZXMudjEuUGxhY2VzLlNlYXJjaE5lYXJieRACGAQgAA
Flats On Rent 28,hotel,lodging,9090908778,http://housr.in/,"Plot No. 219, Sector 28, Chakkarpur, Gurugram, Haryana 122009, India",4.5,41,https://maps.google.com/?cid=15654936074181832675&g_mp=Cilnb29nbGUubWFwcy5wbGFjZXMudjEuUGxhY2VzLlNlYXJjaE5lYXJieRACGAQgAA
Ezoria Homestays - Diamond Mansion,hotel,private_guest_room,9560608332,,"695, Diamond Mansion, Sector 42, Gurugram, Haryana 122009, India",3.5,39,https://maps.google.com/?cid=7715889385527607619&g_mp=Cilnb29nbGUubWFwcy5wbGFjZXMudjEuUGxhY2VzLlNlYXJjaE5lYXJieRACGAQgAA
HomeClone,hotel,lodging,9315329958,https://homeclone.in/,"758, Sector 42, Gurugram, Haryana 122009, India",2.8,37,https://maps.google.com/?cid=10149334189654346871&g_mp=Cilnb29nbGUubWFwcy5wbGFjZXMudjEuUGxhY2VzLlNlYXJjaE5lYXJieRACGAQgAA
Siesta Service Apartments,hotel,lodging,8510870144,,"MA Gurgoan Haryana 1220002, 80, Moulsari Ave, DLF Phase 3, Sector 24, Gurugram, Haryana 122002, India",3.7,32,https://maps.google.com/?cid=16676532100255801659&g_mp=Cilnb29nbGUubWFwcy5wbGFjZXMudjEuUGxhY2VzLlNlYXJjaE5lYXJieRACGAQgAA
Avanti Tenantry-Gurugram,hotel,lodging,9910038666,,"B-58, near Galleria Market, Sushant Lok Phase I, Sector 43, Gurugram, Haryana 122009, India",4.6,31,https://maps.google.com/?cid=12103047110285199200&g_mp=Cilnb29nbGUubWFwcy5wbGFjZXMudjEuUGxhY2VzLlNlYXJjaE5lYXJieRACGAQgAA
Royal Residence,hotel,hotel,9910090296,,"Plot No-527, opp. Hotel Marriott, Block C, Sushant Lok Phase I, Sector 43, Gurugram, Haryana 122009, India",3.9,27,https://maps.google.com/?cid=4622771042629309747&g_mp=Cilnb29nbGUubWFwcy5wbGFjZXMudjEuUGxhY2VzLlNlYXJjaE5lYXJieRACGAQgAA
Roshan Apartments,hotel,lodging,9654549408,,"F3RX+VCC, नया मोहल्ला मार्ग, U Block, DLF Phase 3, Sector 24, Gurugram, Haryana 122002, India",4,27,https://maps.google.com/?cid=7989717347094620943&g_mp=Cilnb29nbGUubWFwcy5wbGFjZXMudjEuUGxhY2VzLlNlYXJjaE5lYXJieRACGAQgAA
Homesphere Apartments by Aanandam Hospitality,hotel,lodging,9871139797,https://aanandamhospitality.com/,"Building number 1, Lane, V-20, DLF Phase 3, Sector 24, Gurugram, Haryana 122010, India",4.6,27,https://maps.google.com/?cid=14874318913225349840&g_mp=Cilnb29nbGUubWFwcy5wbGFjZXMudjEuUGxhY2VzLlNlYXJjaE5lYXJieRACGAQgAA
Harmony Suites Service Apartment DLF Phase 4 Gurgaon,hotel,lodging,7042603652,http://www.harmonysuites.in/,"4502, HIBISCUS Ln, DLF Phase IV, Gurugram, Haryana 122009, India",4.9,20,https://maps.google.com/?cid=3831988783079955072&g_mp=Cilnb29nbGUubWFwcy5wbGFjZXMudjEuUGxhY2VzLlNlYXJjaE5lYXJieRACGAQgAA
Lagoon Serviced Apartments Gurgaon,hotel,lodging,9582822295,https://www.serviceapartments-gurgaon.com/,"L-701, Ambience Lagoon Dr, behind Ambience Mall, Ambience Island, Apartments, Sector 24, Gurugram, Haryana 122010, India",4.2,19,https://maps.google.com/?cid=5613154032441217344&g_mp=Cilnb29nbGUubWFwcy5wbGFjZXMudjEuUGxhY2VzLlNlYXJjaE5lYXJieRACGAQgAA
Treebo Zion Residency Inn,hotel,hotel,9355554455,,"F3XX+QX8, Lane Number V-39/2, DLF Phase 3, Sector 24, Gurugram, Haryana 122010, India",3.4,14,https://maps.google.com/?cid=16531973059770781206&g_mp=Cilnb29nbGUubWFwcy5wbGFjZXMudjEuUGxhY2VzLlNlYXJjaE5lYXJieRACGAQgAA
HelloWorld Spiti,hotel,lodging,8880008888,https://www.thehelloworld.com/coliving-in-gurugram/helloworld-spiti-pg-in-gurugram-sector_27-833,"HOUSE NO-546, Sector 27, Gurugram, Haryana 122009, India",3.5,11,https://maps.google.com/?cid=13019001815531020119&g_mp=Cilnb29nbGUubWFwcy5wbGFjZXMudjEuUGxhY2VzLlNlYXJjaE5lYXJieRACGAQgAA
21 Residency,hotel,hotel,9910630632,,"7, Club Marg, Block D, Sector 26A, Gurugram, Haryana 122002, India",3.7,11,https://maps.google.com/?cid=15964033444032716996&g_mp=Cilnb29nbGUubWFwcy5wbGFjZXMudjEuUGxhY2VzLlNlYXJjaE5lYXJieRACGAQgAA
Hotel Heritage,hotel,hotel,9311442299,,"PLOT NO 800 /42, Sector 42, Gurugram, Haryana 122009, India",3.2,10,https://maps.google.com/?cid=1349755257081870519&g_mp=Cilnb29nbGUubWFwcy5wbGFjZXMudjEuUGxhY2VzLlNlYXJjaE5lYXJieRACGAQgAA
The Urban Loft,hotel,bed_and_breakfast,9958731290,,"605P, Sector 42, Gurugram, Haryana 122009, India",5,9,https://maps.google.com/?cid=9888718308000370923&g_mp=Cilnb29nbGUubWFwcy5wbGFjZXMudjEuUGxhY2VzLlNlYXJjaE5lYXJieRACGAQgAA
The Luxus Hotels,hotel,hotel,9289036590,http://theluxushotels.com/,"D-310, 3rd floor, Sushant Shopping Arcade, Sushant Lok Phase I, Sector 43, Gurugram, Haryana 122009, India",3.4,8,https://maps.google.com/?cid=13754374269566247191&g_mp=Cilnb29nbGUubWFwcy5wbGFjZXMudjEuUGxhY2VzLlNlYXJjaE5lYXJieRACGAQgAA
Tipsyy Inn Suites 006,hotel,hotel,8447028439,,"DLF Phase 3, Sector 24, Gurugram, Haryana 122010, India",3.6,8,https://maps.google.com/?cid=696296408331568482&g_mp=Cilnb29nbGUubWFwcy5wbGFjZXMudjEuUGxhY2VzLlNlYXJjaE5lYXJieRACGAQgAA
Kaniskinn,hotel,hotel,7310988024,,"A 173, Block A, Sushant Lok Phase I, Gurugram, Haryana 122009, India",3.3,7,https://maps.google.com/?cid=1296474388583271936&g_mp=Cilnb29nbGUubWFwcy5wbGFjZXMudjEuUGxhY2VzLlNlYXJjaE5lYXJieRACGAQgAA
Guild Hotel,hotel,hotel,9643040849,,"F3RM+3G7, M-11, DLF Phase 2, Sector 25, Gurugram, Haryana 122002, India",3.5,4,https://maps.google.com/?cid=730384196592624772&g_mp=Cilnb29nbGUubWFwcy5wbGFjZXMudjEuUGxhY2VzLlNlYXJjaE5lYXJieRACGAQgAA
The Secret Lodges Banquet Hall Gurgaon,hotel,banquet_hall,9990240603,https://thesecretlodgesbanquethallgurgaon.lovable.app/,"86P, Sector 43, Gurugram, Haryana 122009, India",5,3,https://maps.google.com/?cid=14419441819134460223&g_mp=Cilnb29nbGUubWFwcy5wbGFjZXMudjEuUGxhY2VzLlNlYXJjaE5lYXJieRACGAQgAA
Arjun Hotels and Apartments,hotel,hotel,9568389703,,"H No-22, Sector 28, DLF Phase 1, Gurugram, Haryana 122002, India",3.3,3,https://maps.google.com/?cid=3920408555153010020&g_mp=Cilnb29nbGUubWFwcy5wbGFjZXMudjEuUGxhY2VzLlNlYXJjaE5lYXJieRACGAQgAA
Umrao. Bhawan,hotel,hotel,9873337157,,"2113, H-33 Rd, Block H, DLF Phase 1, Sector 26, Gurugram, Haryana 122002, India",4.3,3,https://maps.google.com/?cid=15164954224920093037&g_mp=Cilnb29nbGUubWFwcy5wbGFjZXMudjEuUGxhY2VzLlNlYXJjaE5lYXJieRACGAQgAA
Park Luxury Studio,hotel,hotel,9592167532,,"8, M-1, Mushedpur, DLF Phase 2, Sector 25, Gurugram, Haryana 122002, India",2.3,3,https://maps.google.com/?cid=5018824808317381339&g_mp=Cilnb29nbGUubWFwcy5wbGFjZXMudjEuUGxhY2VzLlNlYXJjaE5lYXJieRACGAQgAA
1 Million Suites,hotel,hotel,9958046044,,"F35W+446, Sector 43, Gurugram, Haryana 122009, India",5,2,https://maps.google.com/?cid=11159044317886464147&g_mp=Cilnb29nbGUubWFwcy5wbGFjZXMudjEuUGxhY2VzLlNlYXJjaE5lYXJieRACGAQgAA
Chindia Cultural Hotel,hotel,inn,8750268352,,"F-9/14 A, Golf Course Rd, Above Headlocks Luxury Salon, Block F, DLF Phase 1, Sector 26A, Gurugram, Haryana 122002, India",2,2,https://maps.google.com/?cid=18027370835913746078&g_mp=Cilnb29nbGUubWFwcy5wbGFjZXMudjEuUGxhY2VzLlNlYXJjaE5lYXJieRACGAQgAA
ArjunSainiFriendHouse,hotel,hotel,7880219041,,"BLOCK-A, A46/9, Sector 28, DLF Phase 1, Gurugram, Haryana 122002, India",5,2,https://maps.google.com/?cid=4897582972336612035&g_mp=Cilnb29nbGUubWFwcy5wbGFjZXMudjEuUGxhY2VzLlNlYXJjaE5lYXJieRACGAQgAA
Stok Palace Heritage Hotel,hotel,hotel,9622827727,http://stokpalaceheritage.com/,"Ground Floor, U-26A/6, Qutub Enclave, White Town Houses, DLF Phase 3, Sector 24, Gurugram, Haryana 122002, India",5,2,https://maps.google.com/?cid=10817989639435138603&g_mp=Cilnb29nbGUubWFwcy5wbGFjZXMudjEuUGxhY2VzLlNlYXJjaE5lYXJieRACGAQgAA
"FORTUNE HOME GURGAON,NEAR MAX,FORTIS,MEDANTA",hotel,bed_and_breakfast,9136151536,,"Essel Tower Road, NEAR, Mehrauli-Gurgaon Rd, Sector 28, Sushant Lok Phase I, Gurugram, Haryana 122009, India",5,1,https://maps.google.com/?cid=8905642261636185496&g_mp=Cilnb29nbGUubWFwcy5wbGFjZXMudjEuUGxhY2VzLlNlYXJjaE5lYXJieRACGAQgAA
Sandhu Homes,hotel,lodging,8899585926,,"913, Swami Vivekanand Block, Saraswati Vihar, Maruti Housing Colony, Gurugram, Sarhol, Haryana 122009, India",1,1,https://maps.google.com/?cid=12725738857272568346&g_mp=Cilnb29nbGUubWFwcy5wbGFjZXMudjEuUGxhY2VzLlNlYXJjaE5lYXJieRACGAQgAA
Hotel Amisa,hotel,hotel,7568666455,,"34, Plot number 17, Late, Amisa, Block H, DLF Phase 1, Sector 26, Gurugram, Haryana 122002, India",2,1,https://maps.google.com/?cid=7067385528845621227&g_mp=Cilnb29nbGUubWFwcy5wbGFjZXMudjEuUGxhY2VzLlNlYXJjaE5lYXJieRACGAQgAA
STEPiNN ACME,hotel,hotel,9899479622,,"S5/16, DLF PHASE-3, SECTOR 24, GURGAON Gurgaon, DLF Phase 3, Sector 24, Gurugram, Haryana 122002, India",3,1,https://maps.google.com/?cid=14685398098869341732&g_mp=Cilnb29nbGUubWFwcy5wbGFjZXMudjEuUGxhY2VzLlNlYXJjaE5lYXJieRACGAQgAA
Wadhwa residency,hotel,hotel,9910179479,,"E 2/12, Bodhi Marg, Block F, DLF Phase 1, Sector 26A, Gurugram, Haryana 122002, India",,,https://maps.google.com/?cid=4729293865369697123&g_mp=Cilnb29nbGUubWFwcy5wbGFjZXMudjEuUGxhY2VzLlNlYXJjaE5lYXJieRACGAQgAA
Ajay Mishra,hotel,private_guest_room,7428699571,,"A-2/227A, Gali Number 5, Ishwar Colony, Phase 5, Aya Nagar Extension, Aya Nagar, New Delhi, Delhi 110047, India",,,https://maps.google.com/?cid=7730973817244077157&g_mp=Cilnb29nbGUubWFwcy5wbGFjZXMudjEuUGxhY2VzLlNlYXJjaE5lYXJieRACGAQgAA
20 SHM,hotel,private_guest_room,8130313031,,"20, Shahtoot Marg, Block A, Sector 26A, Gurugram, Haryana 122002, India",,,https://maps.google.com/?cid=11948421517918808680&g_mp=Cilnb29nbGUubWFwcy5wbGFjZXMudjEuUGxhY2VzLlNlYXJjaE5lYXJieRACGAQgAA
Purple Inn,hotel,inn,8088988711,,"F4H4+44X, Sikanderpur, Sector 26, Gurugram, Haryana 122002, India",,,https://maps.google.com/?cid=14773817620757531565&g_mp=Cilnb29nbGUubWFwcy5wbGFjZXMudjEuUGxhY2VzLlNlYXJjaE5lYXJieRACGAQgAA
Some Finer Stays - Garden Estate,hotel,private_guest_room,9953786444,,"TG-1/14, Mehrauli-Gurgaon Rd, Garden Estate, DLF Phase 3, Sector 24, Gurugram, Haryana 122002, India",,,https://maps.google.com/?cid=17284252945458551443&g_mp=Cilnb29nbGUubWFwcy5wbGFjZXMudjEuUGxhY2VzLlNlYXJjaE5lYXJieRACGAQgAA
Cozyskyline | Cozy Studio w Skyline View,hotel,lodging,8700901523,,"Block V19, Plot no 34/35, DLF Phase 3, Sector 24, Gurugram, Haryana 122010, India",,,https://maps.google.com/?cid=8044995868429064081&g_mp=Cilnb29nbGUubWFwcy5wbGFjZXMudjEuUGxhY2VzLlNlYXJjaE5lYXJieRACGAQgAA
Ahuja Residency DLF Phase-II,pg,guest_house,9289097564,https://ahujaresidences.com/hotels/ahuja-residency-dlf-phase-2/?utm_source=Google&utm_medium=GMB,"N3/36, DLF Phase 2, Sector 25, Gurugram, Haryana 122002, India",4.6,807,https://maps.google.com/?cid=15229236252904847984&g_mp=Cilnb29nbGUubWFwcy5wbGFjZXMudjEuUGxhY2VzLlNlYXJjaE5lYXJieRACGAQgAA
Tavisha Villa Golf Course Road MG road Gurgaon,pg,guest_house,9999393158,http://www.tavishahotels.com/,"18, H-34 Rd, Block H, DLF Phase 1, Sector 26, Gurugram, Haryana 122002, India",4,543,https://maps.google.com/?cid=17582597063564712555&g_mp=Cilnb29nbGUubWFwcy5wbGFjZXMudjEuUGxhY2VzLlNlYXJjaE5lYXJieRACGAQgAA
Perch Service Apartment - MG Road,pg,lodging,8448444240,https://www.theperch.in/properties/perch-service-apartment-mg-road,"A-603, Block A, Sushant Lok Phase I, Sector 43, Gurugram, Haryana 122002, India",4.7,266,https://maps.google.com/?cid=5498924732262242745&g_mp=Cilnb29nbGUubWFwcy5wbGFjZXMudjEuUGxhY2VzLlNlYXJjaE5lYXJieRACGAQgAA
Zolo Breeze Co-Living | Redefining PG,pg,service,8880108010,https://zolostays.com/pg-hostel-near-DLF-Phase-3-in-Gurugram-for-couple-Zolo-Breeze-ZGG007,"Khasra No. 342, Near, T29, 10 Road, opposite Hanuman Mandir, Nathupur, Sector 24, Gurugram, Haryana 122002, India",3.9,178,https://maps.google.com/?cid=9260091132718659558&g_mp=Cilnb29nbGUubWFwcy5wbGFjZXMudjEuUGxhY2VzLlNlYXJjaE5lYXJieRACGAQgAA
Furrvy,pg,pet_boarding_service,6355093941,https://furrvy.com/,"199, Sector 27, Gurugram, Haryana 122009, India",4.8,108,https://maps.google.com/?cid=3655836248770563175&g_mp=Cilnb29nbGUubWFwcy5wbGFjZXMudjEuUGxhY2VzLlNlYXJjaE5lYXJieRACGAQgAA
Manan Regency,pg,guest_house,9811718239,,"173, Indian Airlines Pilots Society, Sushant Lok Phase I, Gurugram, Haryana 122009, India",3.9,99,https://maps.google.com/?cid=14350991091008092329&g_mp=Cilnb29nbGUubWFwcy5wbGFjZXMudjEuUGxhY2VzLlNlYXJjaE5lYXJieRACGAQgAA
Acco53,pg,hotel,9873456000,,"53, Silver Oaks Ave, G Block, DLF Phase 1, Sector 26, Gurugram, Haryana 122002, India",4.2,63,https://maps.google.com/?cid=5580802049537232724&g_mp=Cilnb29nbGUubWFwcy5wbGFjZXMudjEuUGxhY2VzLlNlYXJjaE5lYXJieRACGAQgAA
Space Inn,pg,guest_house,9810095205,,"133, adjoining Golf Course Road, behind Mercedes Benz & Dell Building, Sector 43, Gurugram, Haryana 122009, India",4.4,51,https://maps.google.com/?cid=13717742041973625654&g_mp=Cilnb29nbGUubWFwcy5wbGFjZXMudjEuUGxhY2VzLlNlYXJjaE5lYXJieRACGAQgAA
Commune Siris,pg,lodging,9971294321,https://communeapartment.com/,"Cyber city, Siris Rd, DLF Phase 3, Sector 24, Gurugram, Haryana 122010, India",4.7,15,https://maps.google.com/?cid=9408115525855432339&g_mp=Cilnb29nbGUubWFwcy5wbGFjZXMudjEuUGxhY2VzLlNlYXJjaE5lYXJieRACGAQgAA
Krishna boys and girls pg,pg,service,9873111243,,"House no. 914, Swami Vivekananda Block, Saraswati Vihar, Chakkarpur, Gurugram, Sarhol, Haryana 122009, India",4.1,14,https://maps.google.com/?cid=3643583177104696926&g_mp=Cilnb29nbGUubWFwcy5wbGFjZXMudjEuUGxhY2VzLlNlYXJjaE5lYXJieRACGAQgAA
PetArinaa,pg,pet_boarding_service,9560453929,,"Sector 28, Sector 42, Gurugram, Haryana 122001, India",5,12,https://maps.google.com/?cid=8339670843059700942&g_mp=Cilnb29nbGUubWFwcy5wbGFjZXMudjEuUGxhY2VzLlNlYXJjaE5lYXJieRACGAQgAA
YOUR HIGHNESS GIRLS PG,pg,service,8197507842,,"S-24/1, DLF Phase 3, Sector 24, Gurugram, Haryana 122010, India",5,1,https://maps.google.com/?cid=16922394313452838845&g_mp=Cilnb29nbGUubWFwcy5wbGFjZXMudjEuUGxhY2VzLlNlYXJjaE5lYXJieRACGAQgAA
PG in DLF Phase 3 by Blossom Stayz,pg,lodging,8045688221,https://www.blossomstayz.com/dlfphase3,"1, T19 Rd, DLF Phase 3, Sector 24, Gurugram, Haryana 122010, India",1,1,https://maps.google.com/?cid=1073676777493167172&g_mp=Cilnb29nbGUubWFwcy5wbGFjZXMudjEuUGxhY2VzLlNlYXJjaE5lYXJieRACGAQgAA
Roots - Cafe in the Park,restaurant,cafe,9971134920,https://redcedarhospitality.com/,"Leisure Valley Rd, Near Rajiv Gandhi Park, Sector 29, Gurugram, Haryana 122009, India",4.3,6126,https://maps.google.com/?cid=18202590629100659353&g_mp=Cilnb29nbGUubWFwcy5wbGFjZXMudjEuUGxhY2VzLlNlYXJjaE5lYXJieRACGAQgAA
AMPM Cafe & Bar,restaurant,cafe,9717780594,http://brighthospitality.in/am-pm.php,"DLF, R-003, Galleria Market, DLF Phase IV, Gurugram, Haryana 122002, India",4.2,3620,https://maps.google.com/?cid=18268670139697074469&g_mp=Cilnb29nbGUubWFwcy5wbGFjZXMudjEuUGxhY2VzLlNlYXJjaE5lYXJieRACGAQgAA
Shree Om Food Plaza,restaurant,north_indian_restaurant,9871496475,,"93, The National Media Centre, Sector 24, Gurugram, Haryana 122002, India",3.7,3191,https://maps.google.com/?cid=6319023909024058117&g_mp=Cilnb29nbGUubWFwcy5wbGFjZXMudjEuUGxhY2VzLlNlYXJjaE5lYXJieRACGAQgAA
ReSet by plan B - sector 29,restaurant,lounge_bar,9990933556,,"Plot No-6, Leisure Valley Rd, near NRCTC Office, Sector 29, Gurugram, Haryana 122002, India",4.5,2069,https://maps.google.com/?cid=5822045676630651539&g_mp=Cilnb29nbGUubWFwcy5wbGFjZXMudjEuUGxhY2VzLlNlYXJjaE5lYXJieRACGAQgAA
The Pasta Bowl Company,restaurant,italian_restaurant,9971970077,http://www.thepastabowlcompany.com/,"2nd Floor, Crosspoint Mall, Sector 28, DLF Phase IV, Gurugram, Haryana 122009, India",4.4,1689,https://maps.google.com/?cid=17604618042406961897&g_mp=Cilnb29nbGUubWFwcy5wbGFjZXMudjEuUGxhY2VzLlNlYXJjaE5lYXJieRACGAQgAA
"La La Land Brew Pub, Gurgaon",restaurant,pub,8010950000,,"1st Floor, Global Foyer Mall, Golf Course Rd, Sector 43, Gurugram, Haryana 122009, India",4.3,1482,https://maps.google.com/?cid=10603665172913337137&g_mp=Cilnb29nbGUubWFwcy5wbGFjZXMudjEuUGxhY2VzLlNlYXJjaE5lYXJieRACGAQgAA
PEHLE CHAI,restaurant,restaurant,7428908282,http://www.pehlechai.com/,"PLOT NO 728, SHOP NO 1, GROUND FLOOR, SANTOSH PLAZA, 2 & 3, Sushant Lok Phase I, Sector 27, Gurugram, Haryana 122001, India",4.3,1146,https://maps.google.com/?cid=1745921224197083909&g_mp=Cilnb29nbGUubWFwcy5wbGFjZXMudjEuUGxhY2VzLlNlYXJjaE5lYXJieRACGAQgAA
The Aldott Boutique Hotel,restaurant,hotel,9811013689,http://www.thealdott.com/,"81, Moulsari Ave, DLF Phase 3, Sector 24, Gurugram, Haryana 122002, India",4.5,1023,https://maps.google.com/?cid=16258023425846428993&g_mp=Cilnb29nbGUubWFwcy5wbGFjZXMudjEuUGxhY2VzLlNlYXJjaE5lYXJieRACGAQgAA
KFC,restaurant,restaurant,7942726339,https://restaurants.kfc.co.in/kfc-kfc-arjangarh-metro-restaurants-arjangarh-new-delhi-327221/Home?utm_source=locator&utm_medium=googleplaces,"Shop No 1 Metro Station Gate No 2, Arjan Garh, Aya Nagar, New Delhi, Delhi 110047, India",4.8,741,https://maps.google.com/?cid=11528819486501381528&g_mp=Cilnb29nbGUubWFwcy5wbGFjZXMudjEuUGxhY2VzLlNlYXJjaE5lYXJieRACGAQgAA
Effingut Brewpub Gurugram - India's most loved craft brew pub,restaurant,brewery,9211455592,https://effingut.com/shop/,"2nd Floor, Golf Avenue 42, Golf Course Rd, Sector 42, Gurugram, Haryana 122009, India",4.4,522,https://maps.google.com/?cid=12960651888924109387&g_mp=Cilnb29nbGUubWFwcy5wbGFjZXMudjEuUGxhY2VzLlNlYXJjaE5lYXJieRACGAQgAA
RYBA -Turkish & Middle Eastern Kitchen,restaurant,turkish_restaurant,9810543308,https://www.instagram.com/ryba.gurgaon/,"204, 2nd floor, Crosspoint Mall, Sector 28, DLF Phase IV, Gurugram, Haryana 122009, India",4.6,486,https://maps.google.com/?cid=11673415144395522255&g_mp=Cilnb29nbGUubWFwcy5wbGFjZXMudjEuUGxhY2VzLlNlYXJjaE5lYXJieRACGAQgAA
Burger Singh | Sushant Lok | Gurugram,restaurant,fast_food_restaurant,8767121212,https://burgersinghonline.com/,"Shop UG-8, District Centre Point Building, Sushant Lok 1 Rd, Phase 1, Block A, Sushant Lok Phase I, Sector 43, Gurugram, Haryana 122009, India",4,455,https://maps.google.com/?cid=17839890704102748836&g_mp=Cilnb29nbGUubWFwcy5wbGFjZXMudjEuUGxhY2VzLlNlYXJjaE5lYXJieRACGAQgAA
Draavin Canteen,restaurant,south_indian_restaurant,9220635151,https://www.draavincanteen.com/,"Draavin Canteen, Ground Floor 01, DLF Downtown 2, Ambience Island, DLF Phase 3, Sector 24, Gurugram, Haryana 122002, India",4.7,440,https://maps.google.com/?cid=713221448470713844&g_mp=Cilnb29nbGUubWFwcy5wbGFjZXMudjEuUGxhY2VzLlNlYXJjaE5lYXJieRACGAQgAA
KOCA,restaurant,restaurant,8448184111,https://kocaofficial.com/,"SCO4-7, Golf Avenue 42, Golf Course Rd, Sector 42, Gurugram, Haryana 122009, India",4.4,438,https://maps.google.com/?cid=2299398458542547363&g_mp=Cilnb29nbGUubWFwcy5wbGFjZXMudjEuUGxhY2VzLlNlYXJjaE5lYXJieRACGAQgAA
Prego,restaurant,italian_restaurant,7290013903,http://www.westingurgaon.com/dining-prego,"The Westin, 1, Mehrauli-Gurgaon Rd, Sector 29, Gurugram, New Delhi, Haryana 122002, India",4.2,403,https://maps.google.com/?cid=15525967865706641838&g_mp=Cilnb29nbGUubWFwcy5wbGFjZXMudjEuUGxhY2VzLlNlYXJjaE5lYXJieRACGAQgAA
Diya - The Leela Ambience Gurugram,restaurant,restaurant,9717596088,https://www.theleela.com/the-leela-ambience-gurugram-hotel-residences/restaurants/diya?utm_source=GMBlisting&utm_medium=organic&utm_campaign=gbp-leela-ambience-hotel-residences-gurugram-diya&utm_content=restaurant-website-click,"The Leela Ambience, 8, National Highway, Ambience Island, DLF Phase 3, Sector 24, Gurugram, Haryana 122010, India",4.4,367,https://maps.google.com/?cid=376657340641269920&g_mp=Cilnb29nbGUubWFwcy5wbGFjZXMudjEuUGxhY2VzLlNlYXJjaE5lYXJieRACGAQgAA
EEST,restaurant,restaurant,7290013904,https://www.marriott.com/hotels/hotel-information/restaurant/details/delwi-the-westin-gurgaon-new-delhi/5968748/,"First floor, The Westin, 1, Mehrauli-Gurgaon Rd, above lobby level, Sector 29, Gurugram, New Delhi, Haryana 122002, India",4.3,328,https://maps.google.com/?cid=16219208140577068349&g_mp=Cilnb29nbGUubWFwcy5wbGFjZXMudjEuUGxhY2VzLlNlYXJjaE5lYXJieRACGAQgAA
Koaster BYOB,restaurant,bar_and_grill,9990905917,,"Peepal Chowk, Phase V, Udyog Vihar, Sector 19, Gurugram, Haryana 122016, India",3.9,293,https://maps.google.com/?cid=8545062311095087583&g_mp=Cilnb29nbGUubWFwcy5wbGFjZXMudjEuUGxhY2VzLlNlYXJjaE5lYXJieRACGAQgAA
Empire,restaurant,bar,9015756778,https://www.socialgoat.in/nightlife/Delhi-NCR/outlet/Suburbia-The-Empire-MGF-Metropolitan-Mall,"Mehrauli-Gurgaon Rd, DLF Phase 2, Sector 25, Gurugram, Haryana 122009, India",3.9,289,https://maps.google.com/?cid=8100147574535301581&g_mp=Cilnb29nbGUubWFwcy5wbGFjZXMudjEuUGxhY2VzLlNlYXJjaE5lYXJieRACGAQgAA
MISO,restaurant,korean_restaurant,9958813906,,"Unit 201D, Second Floor, Global Foyer Mall, Golf Course Rd, Sector 43, Gurugram, Haryana 122009, India",4.3,275,https://maps.google.com/?cid=9446178771227511533&g_mp=Cilnb29nbGUubWFwcy5wbGFjZXMudjEuUGxhY2VzLlNlYXJjaE5lYXJieRACGAQgAA
Eternal Oasis Gurugram,restaurant,cultural_center,7982883571,https://www.eternaloasis.org/,"Landmark, Eternal Oasis, 591A, Sector 42 Main Rd, opposite Shiv Nadar School, Sector 42, Gurugram, Haryana 122002, India",4.5,226,https://maps.google.com/?cid=13016546619902040687&g_mp=Cilnb29nbGUubWFwcy5wbGFjZXMudjEuUGxhY2VzLlNlYXJjaE5lYXJieRACGAQgAA
Green Chick Chop,restaurant,butcher_shop,9717333001,https://greenchickchopindia.com/,"Shop no 2,MG Road, 100m from Air Force Station, Arjan Garh, Aya Nagar, New Delhi, Delhi 110047, India",4,192,https://maps.google.com/?cid=6788551894988555727&g_mp=Cilnb29nbGUubWFwcy5wbGFjZXMudjEuUGxhY2VzLlNlYXJjaE5lYXJieRACGAQgAA
"Chai Point - Narayana Hospital, Gurugram",restaurant,cafe,8880141000,https://shop.chaipoint.com/?utm_source=gmb&utm_medium=organic&utm_campaign=sulekhapromanage-chai-point,"No 3201, Narayana Hospital, Ground Floor Block V, DLF Phase - III, Nathupur, Sector 24, Gurugram, Haryana 122010, India",4.8,184,https://maps.google.com/?cid=2362160453426684230&g_mp=Cilnb29nbGUubWFwcy5wbGFjZXMudjEuUGxhY2VzLlNlYXJjaE5lYXJieRACGAQgAA
Red Hot Café,restaurant,restaurant,9811837421,,"UG-1, Centre Point Mall, Sushant Lok Phase I, UG 1, near IFCCO Metro Station, Sector 28, Sushant Lok Phase I, Sector 43, Gurugram, Haryana 122009, India",4,179,https://maps.google.com/?cid=225329197280517838&g_mp=Cilnb29nbGUubWFwcy5wbGFjZXMudjEuUGxhY2VzLlNlYXJjaE5lYXJieRACGAQgAA
Pragya Pizza Express,restaurant,food_court,6200359350,,"NH8, DLF Phase 2, Sector 18, Shahpur, Gurugram, Haryana 122015, India",5,177,https://maps.google.com/?cid=1720003481886901133&g_mp=Cilnb29nbGUubWFwcy5wbGFjZXMudjEuUGxhY2VzLlNlYXJjaE5lYXJieRACGAQgAA
Mama Da Dhaba,restaurant,indian_restaurant,9968356886,,"Phase V, Udyog Vihar, Sector 19, Gurugram, Haryana 122016, India",4.1,152,https://maps.google.com/?cid=11137089458498549806&g_mp=Cilnb29nbGUubWFwcy5wbGFjZXMudjEuUGxhY2VzLlNlYXJjaE5lYXJieRACGAQgAA
Harley's Ivory Lounge - Gurgaon,restaurant,bakery,7396940777,https://www.harleys.com/,"76 C, Phase IV, Udyog Vihar, Sector 18, Gurugram, Haryana 122015, India",4.9,134,https://maps.google.com/?cid=1885947141153248516&g_mp=Cilnb29nbGUubWFwcy5wbGFjZXMudjEuUGxhY2VzLlNlYXJjaE5lYXJieRACGAQgAA
not JUST paranthas,restaurant,restaurant,9811636780,https://www.notjustparanthas.in/,"Hamilton Ct Rd, Sector 28, DLF City IV, Gurugram, Haryana 122009, India",4.5,129,https://maps.google.com/?cid=14076025624771521933&g_mp=Cilnb29nbGUubWFwcy5wbGFjZXMudjEuUGxhY2VzLlNlYXJjaE5lYXJieRACGAQgAA
HENXS CAFE,restaurant,cafe,9310723545,,"Building, 18,19, Street, no - 15, U Block, DLF Phase 3, Sector 24, Gurugram, Haryana 122002, India",4.8,129,https://maps.google.com/?cid=4124703520509674264&g_mp=Cilnb29nbGUubWFwcy5wbGFjZXMudjEuUGxhY2VzLlNlYXJjaE5lYXJieRACGAQgAA
Terrè,restaurant,bar_and_grill,9718122700,http://terre.co.in/,"Terrè, Hamilton Ct Rd, near Bestech Centre Point, Block A, near IFFICO Metro Station, Sector 28, Sushant Lok Phase I, Sector 43, Gurugram, Haryana 122009, India",4.1,124,https://maps.google.com/?cid=7427866626214906869&g_mp=Cilnb29nbGUubWFwcy5wbGFjZXMudjEuUGxhY2VzLlNlYXJjaE5lYXJieRACGAQgAA
MYRA CAFE,restaurant,fast_food_restaurant,9650027127,http://myracafe.com/?utm_source=gmb&utm_medium=referral,"Sewa Corporate Park, DLF Phase 2, Sector 25, Gurugram, Haryana 122002, India",4.8,119,https://maps.google.com/?cid=12599935626647080246&g_mp=Cilnb29nbGUubWFwcy5wbGFjZXMudjEuUGxhY2VzLlNlYXJjaE5lYXJieRACGAQgAA
Gulmi Kitchen,restaurant,restaurant,8851471661,,"V22/2, DLF Phase 3, Sector 24, Gurugram, Haryana 122010, India",4.8,117,https://maps.google.com/?cid=2959184079607447948&g_mp=Cilnb29nbGUubWFwcy5wbGFjZXMudjEuUGxhY2VzLlNlYXJjaE5lYXJieRACGAQgAA
Karma- A Unit of Lockup,restaurant,restaurant,9582204219,,"F3MW+WC7, Mehrauli-Gurgaon Rd, Sikanderpur, Nathupur, Sector 24, Gurugram, Haryana 122002, India",3.8,116,https://maps.google.com/?cid=7926934873613503373&g_mp=Cilnb29nbGUubWFwcy5wbGFjZXMudjEuUGxhY2VzLlNlYXJjaE5lYXJieRACGAQgAA
Kachori Kaka,restaurant,restaurant,8826000547,https://oldschoolfoods.in/,"Street No. 69, U Block, DLF Phase 3, Sector 24, Gurugram, Haryana 122002, India",4.8,114,https://maps.google.com/?cid=15181974917113145164&g_mp=Cilnb29nbGUubWFwcy5wbGFjZXMudjEuUGxhY2VzLlNlYXJjaE5lYXJieRACGAQgAA
Rajeshwari Events & Catering Services,restaurant,store,7006654906,https://rajeshwari-events-and-entertainment.my.canva.site/,"DLF Phase 3, cyberhub, Gurugram, Haryana 122002, India",4.3,96,https://maps.google.com/?cid=4297581033177205720&g_mp=Cilnb29nbGUubWFwcy5wbGFjZXMudjEuUGxhY2VzLlNlYXJjaE5lYXJieRACGAQgAA
Currynama by Seven Seas,restaurant,meal_delivery,8800994067,http://www.currynama.com/,"SHOP NO- 1, 2 & 3, FIRST FLOOR, NEO MART, VAKIL MARKET, KHASRA NO- 36/ 2/ 5, DLF PHASE- IV, Sector 28, Chakkarpur, Gurugram, Haryana 122009, India",4.5,95,https://maps.google.com/?cid=8662832820432008668&g_mp=Cilnb29nbGUubWFwcy5wbGFjZXMudjEuUGxhY2VzLlNlYXJjaE5lYXJieRACGAQgAA
DingDing – Daily Meals,restaurant,meal_delivery,9752198673,https://www.dingdingdaily.com/,"18-19, Galli No. 15, nearby Address: Henxs Cafe, U Block, DLF Phase 3, Sector 24, Gurugram, Haryana 122002, India",4.4,78,https://maps.google.com/?cid=18104836684162437191&g_mp=Cilnb29nbGUubWFwcy5wbGFjZXMudjEuUGxhY2VzLlNlYXJjaE5lYXJieRACGAQgAA
The Sweet Space,restaurant,restaurant,7428224400,,"47, K-10, Phase I, DLF Phase 2, Sector 25, Gurugram, Haryana 122002, India",4.9,75,https://maps.google.com/?cid=15922300211128414396&g_mp=Cilnb29nbGUubWFwcy5wbGFjZXMudjEuUGxhY2VzLlNlYXJjaE5lYXJieRACGAQgAA
The Belgian Waffle Co,restaurant,dessert_restaurant,8657937731,https://thebelgianwaffle.co/,"3rd Floor, Food court, MGF, MGF Metropolitan Mall, Mehrauli-Gurgaon Rd, Heritage City, Sector 25, Gurugram, Sarhol, Haryana 122009, India",4.7,72,https://maps.google.com/?cid=10131643066822836266&g_mp=Cilnb29nbGUubWFwcy5wbGFjZXMudjEuUGxhY2VzLlNlYXJjaE5lYXJieRACGAQgAA
Mughal Sarai (Authentic Mughlai),restaurant,north_indian_restaurant,8860644837,http://mugalsarai.dotpe.in/,"Club Essel Tower, Essel Towers, Mehrauli-Gurgaon Rd, Indian Airlines Pilots Society, Sushant Lok Phase I, Gurugram, Haryana 122009, India",4.5,68,https://maps.google.com/?cid=15180943864773972803&g_mp=Cilnb29nbGUubWFwcy5wbGFjZXMudjEuUGxhY2VzLlNlYXJjaE5lYXJieRACGAQgAA
Momo Magic Cafe,restaurant,restaurant,9266364482,https://momomagiccafe.in/outlets/,"Stop and Shop Complex, Basement Market, 106, U Block, DLF Phase 3, Sector 24, Gurugram, Haryana 122010, India",5,63,https://maps.google.com/?cid=169476126636925160&g_mp=Cilnb29nbGUubWFwcy5wbGFjZXMudjEuUGxhY2VzLlNlYXJjaE5lYXJieRACGAQgAA
Wow! Momo,restaurant,restaurant,9147408699,https://restaurants.wowmomo.com/wow-momo-arjan-garh-metro-momo-restaurant-arjangarh-new-delhi-431722/Home?utm_source=locator&utm_medium=googleplaces,"Shop No 3, Outside Gate, 2, Metro Station, Arjan Garh, Aya Nagar, New Delhi, Delhi 110047, India",4,55,https://maps.google.com/?cid=2888077930086015554&g_mp=Cilnb29nbGUubWFwcy5wbGFjZXMudjEuUGxhY2VzLlNlYXJjaE5lYXJieRACGAQgAA
MOJO Pizza - 2X Toppings,restaurant,pizza_restaurant,8068172526,https://eatclub.in/,"GROUND FLOOR, S 3, LOHIA MARKET, Nathupur, Sector 24, Gurugram, Haryana 122010, India",4.7,55,https://maps.google.com/?cid=9545268695909348474&g_mp=Cilnb29nbGUubWFwcy5wbGFjZXMudjEuUGxhY2VzLlNlYXJjaE5lYXJieRACGAQgAA
Subway Ambience Mall,restaurant,fast_food_restaurant,7303714346,https://subway.in/,"Ambience Mall 3, Ambience Island, DLF Phase 3, Sector 24, Gurugram, Haryana 122002, India",3.4,55,https://maps.google.com/?cid=1542245316527331220&g_mp=Cilnb29nbGUubWFwcy5wbGFjZXMudjEuUGxhY2VzLlNlYXJjaE5lYXJieRACGAQgAA
The Ramen Project,restaurant,ramen_restaurant,9310725023,,"5, C-11 St, DLF Phase 1, Sector 26A, Gurugram, Haryana 122002, India",5,51,https://maps.google.com/?cid=7930449496266118396&g_mp=Cilnb29nbGUubWFwcy5wbGFjZXMudjEuUGxhY2VzLlNlYXJjaE5lYXJieRACGAQgAA
vaango,restaurant,vegetarian_restaurant,9660293729,,"Ambience Mall, NH 8, Ambience Island, DLF Phase 3, Sector 24, Gurugram, Haryana 122010, India",4.2,40,https://maps.google.com/?cid=18088696838326647294&g_mp=Cilnb29nbGUubWFwcy5wbGFjZXMudjEuUGxhY2VzLlNlYXJjaE5lYXJieRACGAQgAA
T.O.O.K The Olive Oil Kitchen,restaurant,mediterranean_restaurant,9654457626,,"2nd Floor,Vijay Complex, Vakil market, Sector 28, DLF Phase IV, Gurugram, Haryana 122009, India",4.5,37,https://maps.google.com/?cid=1480514838072136247&g_mp=Cilnb29nbGUubWFwcy5wbGFjZXMudjEuUGxhY2VzLlNlYXJjaE5lYXJieRACGAQgAA
Subway Arjangarh Metro Station,restaurant,sandwich_shop,9220448260,https://subway.in/,"Arjangarh Metro Station, Shop No 3, Gate No 2, Metro Station Arjan Garh, Aya Nagar, New Delhi, Delhi 110047, India",3.8,36,https://maps.google.com/?cid=2029893872989415903&g_mp=Cilnb29nbGUubWFwcy5wbGFjZXMudjEuUGxhY2VzLlNlYXJjaE5lYXJieRACGAQgAA
The Belgian Waffle Co.,restaurant,dessert_restaurant,8657064363,https://thebelgianwaffle.co/,"SHOP NO.4, GATE NO.2, METRO STATION, Arjan Garh, CHANKYA PURI, New Delhi, Delhi 110010, India",4.1,35,https://maps.google.com/?cid=15811852494779085396&g_mp=Cilnb29nbGUubWFwcy5wbGFjZXMudjEuUGxhY2VzLlNlYXJjaE5lYXJieRACGAQgAA
ENSO - Sourdough Pizza by Nomad - DLF 4,restaurant,pizza_restaurant,9654618566,http://nomadpizza.in/,"near Cafe Soul Garden, Chakarpur, Block C2, DLF Phase IV, Sector 43, Gurugram, Haryana 122009, India",3.1,33,https://maps.google.com/?cid=18325966955918553188&g_mp=Cilnb29nbGUubWFwcy5wbGFjZXMudjEuUGxhY2VzLlNlYXJjaE5lYXJieRACGAQgAA
Taco Bell,restaurant,restaurant,8448992836,https://www.tacobell.co.in/,"3rd Floor, Ambience Mall, NH 8, Ambience Island, DLF Phase 3, Sector 24, Gurugram, Haryana 122002, India",1.8,31,https://maps.google.com/?cid=11964046786663401295&g_mp=Cilnb29nbGUubWFwcy5wbGFjZXMudjEuUGxhY2VzLlNlYXJjaE5lYXJieRACGAQgAA
Meerut walo ki mashoor shahi chicken biryani,restaurant,indian_restaurant,7291811582,http://chrome.com/,"Hamilton Ct Rd, Sector 28, DLF Phase IV, Gurugram, Haryana 122009, India",4.4,30,https://maps.google.com/?cid=4523953622352933592&g_mp=Cilnb29nbGUubWFwcy5wbGFjZXMudjEuUGxhY2VzLlNlYXJjaE5lYXJieRACGAQgAA
Paper Chopsticks,restaurant,restaurant,9717073689,https://hawapani.fun/,"Shop no. 23, First Floor, Neo Mart, Vakil Market Chakkerpur, Near Zaigon restaurant, Sector 28, DLF Phase IV, Gurugram, Haryana 122009, India",4.9,30,https://maps.google.com/?cid=4340966305258345972&g_mp=Cilnb29nbGUubWFwcy5wbGFjZXMudjEuUGxhY2VzLlNlYXJjaE5lYXJieRACGAQgAA
Midnight Rider,restaurant,fast_food_restaurant,9711538340,,"V23/1-2, V Block, DLF Phase 3, Sector 24, Gurugram, Haryana 122010, India",4.1,30,https://maps.google.com/?cid=502434890569820150&g_mp=Cilnb29nbGUubWFwcy5wbGFjZXMudjEuUGxhY2VzLlNlYXJjaE5lYXJieRACGAQgAA
FLAVORZ FOOD,restaurant,restaurant,9971906087,,"Shop No 2, U 21, 1, Galli No. 15, U Block, Nathupur, Sector 24, Gurugram, Haryana 122002, India",5,28,https://maps.google.com/?cid=16613193876155769763&g_mp=Cilnb29nbGUubWFwcy5wbGFjZXMudjEuUGxhY2VzLlNlYXJjaE5lYXJieRACGAQgAA
My Biryani,restaurant,north_indian_restaurant,8448494085,,"Shop 211, Basement Market, U Block, DLF Phase 3, Sector 24, Gurugram, Haryana 122010, India",4.3,26,https://maps.google.com/?cid=15496816004419152411&g_mp=Cilnb29nbGUubWFwcy5wbGFjZXMudjEuUGxhY2VzLlNlYXJjaE5lYXJieRACGAQgAA
Basil,restaurant,restaurant,8447722196,https://www.basil.health/,"Second floor, Food court, Ambience Island, DLF Phase 3, Sector 24, Gurugram, Haryana 122010, India",3.6,26,https://maps.google.com/?cid=12855083058714202376&g_mp=Cilnb29nbGUubWFwcy5wbGFjZXMudjEuUGxhY2VzLlNlYXJjaE5lYXJieRACGAQgAA
Gaye Mata Ki Rasoi,restaurant,restaurant,7289927974,https://magicpin.in/Gurgaon/Sector-18/Restaurant/Gaye-Mata-Ki-Rasoi/store/3ac6b8/?utm_source=gbp,"Plot 1A, Lane 2, near Sector 17, Sarhaul, Sector 18, Gurugram, Haryana 122015, India",2.9,24,https://maps.google.com/?cid=4652770177483581426&g_mp=Cilnb29nbGUubWFwcy5wbGFjZXMudjEuUGxhY2VzLlNlYXJjaE5lYXJieRACGAQgAA
The Good Phat,restaurant,restaurant,9773870123,http://www.thegoodphat.in/,"Shop no.1, First Floor, Vakil (Neo) Market, Plot 36/2, DLF Phase 4, Sector 28, Chakkarpur, Gurugram, Haryana 122009, India",4.8,23,https://maps.google.com/?cid=15793177895366124196&g_mp=Cilnb29nbGUubWFwcy5wbGFjZXMudjEuUGxhY2VzLlNlYXJjaE5lYXJieRACGAQgAA
The Anna's Hut,restaurant,south_indian_restaurant,8368693202,https://magicpin.in/Gurgaon/Dlf-phase-3/Restaurant/The-annas-hut/store/a78967/?utm_source=gbp,"U-16/31, 32, near Yadav Properties, U Block, DLF Phase 3, Sector 24, Gurugram, Haryana 122002, India",3.4,23,https://maps.google.com/?cid=15315028223252708110&g_mp=Cilnb29nbGUubWFwcy5wbGFjZXMudjEuUGxhY2VzLlNlYXJjaE5lYXJieRACGAQgAA
Mala Akhbari,restaurant,north_indian_restaurant,9958570381,,"G33X+833, Ambience Island, DLF Phase 3, Sector 24, Gurugram, Haryana 122010, India",4.8,22,https://maps.google.com/?cid=3756720711401957664&g_mp=Cilnb29nbGUubWFwcy5wbGFjZXMudjEuUGxhY2VzLlNlYXJjaE5lYXJieRACGAQgAA
abcoffee Sewa Corporate Park,restaurant,coffee_shop,9217844050,https://www.abcoffee.in/our-decks,"Ground Floor, 201A, Mehrauli-Gurgaon Rd, next to Kotak Bank Sewa Corporate Park, DLF Phase 2, Sector 25, Sarhol, Gurugram, Haryana 122002, India",4.8,20,https://maps.google.com/?cid=3871337248929542913&g_mp=Cilnb29nbGUubWFwcy5wbGFjZXMudjEuUGxhY2VzLlNlYXJjaE5lYXJieRACGAQgAA
The Clarks Hotels and Resorts,restaurant,corporate_office,9205867733,https://www.theclarkshotels.com/?utm_source=google&utm_medium=organic,"Emaar Mgf Capital Tower, 707, Mehrauli-Gurgaon Rd, Sikanderpur, Sector 26, Gurugram, Haryana 122002, India",4.6,18,https://maps.google.com/?cid=14935858074664973065&g_mp=Cilnb29nbGUubWFwcy5wbGFjZXMudjEuUGxhY2VzLlNlYXJjaE5lYXJieRACGAQgAA
"Dilli BC - DLF Phase 4, Gurgaon",restaurant,north_indian_restaurant,9643007347,,"F39M+56W, Hamilton Ct Rd, Sector 28, DLF Phase IV, Gurugram, Haryana 122009, India",4.1,17,https://maps.google.com/?cid=4774745102487236392&g_mp=Cilnb29nbGUubWFwcy5wbGFjZXMudjEuUGxhY2VzLlNlYXJjaE5lYXJieRACGAQgAA
Yum Yum Cha,restaurant,asian_restaurant,9810002993,http://yumyumcha.in/,"Tuli House, 90, Phase IV, DLF Phase 2, Sector 24, Gurugram, Haryana 122015, India",4.4,17,https://maps.google.com/?cid=10879940551539383280&g_mp=Cilnb29nbGUubWFwcy5wbGFjZXMudjEuUGxhY2VzLlNlYXJjaE5lYXJieRACGAQgAA
Taanvi Food Point,restaurant,restaurant,9654704978,https://www.lytmeals.in/vendor-details/Taanvi%20Food%20Point,"House Number 379, Village, near by Wine Shop, G Block, Nathupur, Sector 26, Gurugram, Haryana 122002, India",4.3,15,https://maps.google.com/?cid=3341980213700508335&g_mp=Cilnb29nbGUubWFwcy5wbGFjZXMudjEuUGxhY2VzLlNlYXJjaE5lYXJieRACGAQgAA
The Village Cafe,restaurant,vegetarian_restaurant,9990008431,,"F3RQ+QF9, DLF Cyber City, DLF Phase 2, Sector 24, Gurugram, Haryana 122002, India",4.2,15,https://maps.google.com/?cid=8407938046647594875&g_mp=Cilnb29nbGUubWFwcy5wbGFjZXMudjEuUGxhY2VzLlNlYXJjaE5lYXJieRACGAQgAA
Qmono Express,restaurant,chinese_restaurant,9319615111,,"Sushant Market, 1, Sector 28, DLF City IV, Gurugram, Haryana 122002, India",4.1,14,https://maps.google.com/?cid=11554890387218583028&g_mp=Cilnb29nbGUubWFwcy5wbGFjZXMudjEuUGxhY2VzLlNlYXJjaE5lYXJieRACGAQgAA
Tadka Rani,restaurant,indian_restaurant,9599520068,https://www.tadkarani.com/,"Shop No. 4&5, First Floor, Vakil (Neo) Market Plot 36/2, DLF Phase 4, Sector 28, Chakkarpur, Gurugram, Haryana 122009, India",3.6,14,https://maps.google.com/?cid=9099295549613997424&g_mp=Cilnb29nbGUubWFwcy5wbGFjZXMudjEuUGxhY2VzLlNlYXJjaE5lYXJieRACGAQgAA
Grandmas's Kitchen,restaurant,fast_food_restaurant,9953280323,,"16, 26, Behind RBS, U Block, DLF Phase 3, Sector 24, Gurugram, Haryana 122002, India",1.9,14,https://maps.google.com/?cid=8906701713814816345&g_mp=Cilnb29nbGUubWFwcy5wbGFjZXMudjEuUGxhY2VzLlNlYXJjaE5lYXJieRACGAQgAA
Shake Shack Co.,restaurant,fast_food_restaurant,9354355514,,"Shop L4, B-747B, Sushant Lok Phase I, Sector 43, Gurugram, Haryana 122009, India",4.8,13,https://maps.google.com/?cid=5791683479694972169&g_mp=Cilnb29nbGUubWFwcy5wbGFjZXMudjEuUGxhY2VzLlNlYXJjaE5lYXJieRACGAQgAA
Pasta tales,restaurant,italian_restaurant,7428072365,https://pastatales.dotpe.in/order,"1126, Lotus Villas, Sector 28, DLF City IV, Gurugram, Haryana 122009, India",3.8,13,https://maps.google.com/?cid=10072561531721959566&g_mp=Cilnb29nbGUubWFwcy5wbGFjZXMudjEuUGxhY2VzLlNlYXJjaE5lYXJieRACGAQgAA
Seven Burgers,restaurant,restaurant,9218019720,https://sevenburgers.in/,"Shop No-1,2&3, First floor, Khasra No-36, Neo Mart, Vakil market, 2/5, Sector 28, DLF Phase IV, Gurugram, Haryana 122009, India",4.2,13,https://maps.google.com/?cid=15005592366280333246&g_mp=Cilnb29nbGUubWFwcy5wbGFjZXMudjEuUGxhY2VzLlNlYXJjaE5lYXJieRACGAQgAA
OMI by Aldott,restaurant,restaurant,8800887353,https://www.thealdott.com/,"5th Floor, The Aldott, 81, Moulsari Ave, DLF Phase 3, Sector 24, Gurugram, Haryana 122002, India",4,13,https://maps.google.com/?cid=774273037069650918&g_mp=Cilnb29nbGUubWFwcy5wbGFjZXMudjEuUGxhY2VzLlNlYXJjaE5lYXJieRACGAQgAA
Jeetu Paratha corner sector 29 gurugram,restaurant,fast_food_restaurant,9999598408,https://www.instagram.com/jeetu_paratha_corner1?igsh=MTY0N3drZzFsOHlzaw==,"CNG Pump Entrance, Metro Station Iffco Chowk, MF Husain Marg, near HUDA City Center, Sector 29, Gurugram, Haryana 122009, India",4.7,12,https://maps.google.com/?cid=16969041165405523420&g_mp=Cilnb29nbGUubWFwcy5wbGFjZXMudjEuUGxhY2VzLlNlYXJjaE5lYXJieRACGAQgAA
Salt & Pepper,restaurant,grocery_store,9810038720,https://saltandpepper.co.in/,"Ridgewood Estate, Dlf Phase Iv Gurugram,behind Supermart 2 DLF Phase IV, Sector 43 Sushant Lok Phase 3-122001, DLF Phase IV, Gurugram, Haryana 122001, India",4.6,12,https://maps.google.com/?cid=1920236768738871361&g_mp=Cilnb29nbGUubWFwcy5wbGFjZXMudjEuUGxhY2VzLlNlYXJjaE5lYXJieRACGAQgAA
Spice Club,restaurant,restaurant,9891018986,,"1ST FLOOR CLUB, Essel Towers, Sector 28, Sushant Lok Phase I, Gurugram, Haryana 122009, India",5,12,https://maps.google.com/?cid=9233948482811207219&g_mp=Cilnb29nbGUubWFwcy5wbGFjZXMudjEuUGxhY2VzLlNlYXJjaE5lYXJieRACGAQgAA
Arisii DT4,restaurant,restaurant,7042512002,,"HK-3, Ambience Island, Down Town-4, Sector 24, Gurugram, Haryana 122002, India",4,12,https://maps.google.com/?cid=5004256387125957809&g_mp=Cilnb29nbGUubWFwcy5wbGFjZXMudjEuUGxhY2VzLlNlYXJjaE5lYXJieRACGAQgAA
Jai Shiv Dhaba,restaurant,indian_restaurant,8750338452,,"9, M-11A, DLF Phase 2, Sector 25, Gurugram, Haryana 122002, India",4.4,11,https://maps.google.com/?cid=7964702866282748134&g_mp=Cilnb29nbGUubWFwcy5wbGFjZXMudjEuUGxhY2VzLlNlYXJjaE5lYXJieRACGAQgAA
MCBC - Meal Combo Box Company,restaurant,restaurant,9625555105,https://order.mcbc.ing/,"Shop No. 4&5, First Floor, Vakil (Neo) Market Plot 36/2, DLF Phase 4, Sector 28, Chakkarpur, Gurugram, Haryana 122009, India",4.4,9,https://maps.google.com/?cid=14004035433691811&g_mp=Cilnb29nbGUubWFwcy5wbGFjZXMudjEuUGxhY2VzLlNlYXJjaE5lYXJieRACGAQgAA
CHINESE LIVE COUNTER,restaurant,chinese_restaurant,9521570040,,"U 51/1, near Yadav property, U Block, DLF Phase 3, Sector 24, Gurugram, Haryana 122002, India",4.8,9,https://maps.google.com/?cid=7154305169687778505&g_mp=Cilnb29nbGUubWFwcy5wbGFjZXMudjEuUGxhY2VzLlNlYXJjaE5lYXJieRACGAQgAA
Uttarakhand Bohra Bhojnalaya,restaurant,restaurant,9999702972,,"Shop No 01, Sarol, Siemens, NCR, Maruti Udyog, Sector 18, Gurugram, Region, Haryana 122015, India",3.9,7,https://maps.google.com/?cid=5780538983442817139&g_mp=Cilnb29nbGUubWFwcy5wbGFjZXMudjEuUGxhY2VzLlNlYXJjaE5lYXJieRACGAQgAA
The Sassy Kitchen,restaurant,restaurant,7290015756,,"House No, 2725, Sector 28, DLF Phase IV, Gurugram, Haryana 122002, India",5,5,https://maps.google.com/?cid=10430135835414800560&g_mp=Cilnb29nbGUubWFwcy5wbGFjZXMudjEuUGxhY2VzLlNlYXJjaE5lYXJieRACGAQgAA
Chaklo chaap DLF,restaurant,food_court,8585959589,,"Chaklo chaap DLF, The National Media Centre, Sector 24, Gurugram, Haryana 122022, India",5,5,https://maps.google.com/?cid=1530384221294239772&g_mp=Cilnb29nbGUubWFwcy5wbGFjZXMudjEuUGxhY2VzLlNlYXJjaE5lYXJieRACGAQgAA
Jha's kitchen tiffin service,restaurant,meal_delivery,9810760073,https://www.instagram.com/jhas_kitchen008,"Golf Course Rd, Gurugram, Haryana 122022, India",5,4,https://maps.google.com/?cid=17578733850676375420&g_mp=Cilnb29nbGUubWFwcy5wbGFjZXMudjEuUGxhY2VzLlNlYXJjaE5lYXJieRACGAQgAA
Subway Airtel Office,restaurant,sandwich_shop,8796144773,https://subway.in/,"Airtel Office Building, Plot No. 16, Udyog Vihar, Phase 4, Sector 26A, Gurugram, Haryana 122002, India",5,4,https://maps.google.com/?cid=17041918529281286832&g_mp=Cilnb29nbGUubWFwcy5wbGFjZXMudjEuUGxhY2VzLlNlYXJjaE5lYXJieRACGAQgAA
DOOARS CAFE & RESTURANT,restaurant,chinese_restaurant,9650857201,,"House No.248, Gali No. 5, Sector 28, chakkarur, Gurugram, Haryana 122002, India",5,4,https://maps.google.com/?cid=6358934414269229683&g_mp=Cilnb29nbGUubWFwcy5wbGFjZXMudjEuUGxhY2VzLlNlYXJjaE5lYXJieRACGAQgAA
Spoonful of Soul,restaurant,restaurant,9891360400,,"27, Nathupur Rd, Nathupur, Sector 24, Gurugram, Haryana 122002, India",4,4,https://maps.google.com/?cid=18071696742919501001&g_mp=Cilnb29nbGUubWFwcy5wbGFjZXMudjEuUGxhY2VzLlNlYXJjaE5lYXJieRACGAQgAA
Delhi 6 Cafe,restaurant,restaurant,9034007427,,"Shop 101, Stop & Shop market, U Block, DLF Phase 3, Sector 24, Gurugram, Haryana 122002, India",3.8,4,https://maps.google.com/?cid=4865618936576156460&g_mp=Cilnb29nbGUubWFwcy5wbGFjZXMudjEuUGxhY2VzLlNlYXJjaE5lYXJieRACGAQgAA
A One Murdabadi Chicken Biryani Corner,restaurant,meal_takeaway,9311257875,,"1, Udyog Vihar Gurugram, Phase V, Udyog Vihar, Sector 19, Delhi, Gurugram, Haryana 122016, India",4.8,4,https://maps.google.com/?cid=3801468907041224792&g_mp=Cilnb29nbGUubWFwcy5wbGFjZXMudjEuUGxhY2VzLlNlYXJjaE5lYXJieRACGAQgAA
Sandy old furniture,restaurant,furniture_store,9079678603,,"Sector 42, Sector 43, Gurugram, Haryana 122009, India",5,3,https://maps.google.com/?cid=2593743083257356774&g_mp=Cilnb29nbGUubWFwcy5wbGFjZXMudjEuUGxhY2VzLlNlYXJjaE5lYXJieRACGAQgAA
Nempal Vej Briyani UP 38,restaurant,food_court,9873970969,,"Shop No 65, Iffco Iffco Metro, Sector 29, Gurugram, Haryana 122009, India",4.3,3,https://maps.google.com/?cid=5673799970469539153&g_mp=Cilnb29nbGUubWFwcy5wbGFjZXMudjEuUGxhY2VzLlNlYXJjaE5lYXJieRACGAQgAA
Bablu Chaat Shop,restaurant,food_court,8800152242,,"1, Mehrauli-Gurgaon Rd, Sector 28, Maruti Housing Colony, Gurugram, Haryana 122009, India",5,3,https://maps.google.com/?cid=8614444795138454428&g_mp=Cilnb29nbGUubWFwcy5wbGFjZXMudjEuUGxhY2VzLlNlYXJjaE5lYXJieRACGAQgAA
The Food Corner,restaurant,restaurant,9990749508,,"Sector 18, Gurugram, Haryana 122015, India",3.3,3,https://maps.google.com/?cid=8497682003740311337&g_mp=Cilnb29nbGUubWFwcy5wbGFjZXMudjEuUGxhY2VzLlNlYXJjaE5lYXJieRACGAQgAA
Paratha Home,restaurant,indian_restaurant,9599840240,,"Shop No 117 Basement Market, U Block, DLF Phase 3, Sector 24, Gurugram, Haryana 122010, India",4.3,3,https://maps.google.com/?cid=11206801175557772634&g_mp=Cilnb29nbGUubWFwcy5wbGFjZXMudjEuUGxhY2VzLlNlYXJjaE5lYXJieRACGAQgAA
Samsudin,restaurant,fast_food_restaurant,9728760019,,"Shop 66, Sushant Lok Phase I, Sector 29, Gurugram, Haryana 122009, India",5,2,https://maps.google.com/?cid=7287316529680430180&g_mp=Cilnb29nbGUubWFwcy5wbGFjZXMudjEuUGxhY2VzLlNlYXJjaE5lYXJieRACGAQgAA
Pecorrano,restaurant,restaurant,9310133690,,"Shop no 29, Ground Floor, Neo Mart, Vakil Market, DLF Phase-IV, Sector 28, Chakkarpur, Gurugram, Haryana 122002, India",5,2,https://maps.google.com/?cid=8897101704752439346&g_mp=Cilnb29nbGUubWFwcy5wbGFjZXMudjEuUGxhY2VzLlNlYXJjaE5lYXJieRACGAQgAA
Raghuveer Namkeen,restaurant,food_court,7078508634,,"90, Ifcco Chowk, Block C, Sector 17C, Sector 17, Gurugram, Haryana 122007, India",2.5,2,https://maps.google.com/?cid=8994126850606147756&g_mp=Cilnb29nbGUubWFwcy5wbGFjZXMudjEuUGxhY2VzLlNlYXJjaE5lYXJieRACGAQgAA
Parvesh Kumar ......,restaurant,fast_food_restaurant,9711144075,,"11 Sarhaul Near Iffco Chauck, Sector 18, Gurugram, Haryana 122015, India",3.5,2,https://maps.google.com/?cid=3770692373250680373&g_mp=Cilnb29nbGUubWFwcy5wbGFjZXMudjEuUGxhY2VzLlNlYXJjaE5lYXJieRACGAQgAA
Maa ki Rasoi,restaurant,indian_restaurant,8448552646,,"V block lane, no V-21, DLF PHASE 3, Nathupur, Sector 24, Gurugram, Haryana 122002, India",5,2,https://maps.google.com/?cid=8720045819822660999&g_mp=Cilnb29nbGUubWFwcy5wbGFjZXMudjEuUGxhY2VzLlNlYXJjaE5lYXJieRACGAQgAA
Sachin Pal,restaurant,food_court,9773958027,,"IFFCO Maitro, Sector 29, Gurugram, Haryana 122009, India",5,1,https://maps.google.com/?cid=9871490764998328699&g_mp=Cilnb29nbGUubWFwcy5wbGFjZXMudjEuUGxhY2VzLlNlYXJjaE5lYXJieRACGAQgAA
Desi Khidki,restaurant,fast_food_restaurant,9050200031,,"F3F8+4HW, Sector 29, Gurugram, Haryana 122009, India",4,1,https://maps.google.com/?cid=4556824926724109115&g_mp=Cilnb29nbGUubWFwcy5wbGFjZXMudjEuUGxhY2VzLlNlYXJjaE5lYXJieRACGAQgAA
The Nashta Company,restaurant,restaurant,9818051404,,"Shop No. 4&5, First Floor, Neo Mart, Vakil Market, DLF Phase 4, Sector 28, Chakkarpur, Gurugram, Haryana 122009, India",4,1,https://maps.google.com/?cid=9150708685610014702&g_mp=Cilnb29nbGUubWFwcy5wbGFjZXMudjEuUGxhY2VzLlNlYXJjaE5lYXJieRACGAQgAA
Bature king,restaurant,fast_food_restaurant,9873820886,,"Shop No 729, near by Bijli Bord, Saraswati Vihar, Maruti Housing Colony, Gurugram, Haryana 122009, India",4,1,https://maps.google.com/?cid=6722399567324679615&g_mp=Cilnb29nbGUubWFwcy5wbGFjZXMudjEuUGxhY2VzLlNlYXJjaE5lYXJieRACGAQgAA
Hotel & restaurant,restaurant,hotel,8368786879,,"Arjan Garh, Aya Nagar, Gurugram, Haryana 122002, India",5,1,https://maps.google.com/?cid=1931737442264180564&g_mp=Cilnb29nbGUubWFwcy5wbGFjZXMudjEuUGxhY2VzLlNlYXJjaE5lYXJieRACGAQgAA
Gauri Shankar,restaurant,restaurant,7979765098,,"H.No 220, Sector 37, Maruti Udyog, Sector 18, Sarhol, Gurugram, Haryana 122015, India",5,1,https://maps.google.com/?cid=690500417225313692&g_mp=Cilnb29nbGUubWFwcy5wbGFjZXMudjEuUGxhY2VzLlNlYXJjaE5lYXJieRACGAQgAA
Hotdoggin Foods LLP,restaurant,fast_food_restaurant,9667446867,,"BT India, 8th Floor, Building No 14, DLF Cyber City DLF Phase 3, Sector 24, Gurgaon, Haryana - 122022, DLF Cyber City, DLF Phase 2, Sector 24, Gurugram, Haryana 122002, India",4,1,https://maps.google.com/?cid=11897200396905236334&g_mp=Cilnb29nbGUubWFwcy5wbGFjZXMudjEuUGxhY2VzLlNlYXJjaE5lYXJieRACGAQgAA
Between 2 buns,restaurant,restaurant,9809000901,,"V-23/1, V block, Sector 24, DLF phase 3 Gurgaon - 122001, DLF Phase 3, Sector 24, Gurugram, Haryana 122002, India",5,1,https://maps.google.com/?cid=9832644792909154820&g_mp=Cilnb29nbGUubWFwcy5wbGFjZXMudjEuUGxhY2VzLlNlYXJjaE5lYXJieRACGAQgAA
Pushpendra Tea Stall,restaurant,restaurant,9870755437,,"Shop No.55, Phase IV, Udyog Vihar, Sector 19, Gurugram, Haryana 122015, India",5,1,https://maps.google.com/?cid=3460482523470694298&g_mp=Cilnb29nbGUubWFwcy5wbGFjZXMudjEuUGxhY2VzLlNlYXJjaE5lYXJieRACGAQgAA
Anmol Food,restaurant,fast_food_restaurant,9205182542,,"Shop 1, Shankar Chowk Rd, Phase V, DLF Phase 3, Sector 19, Gurugram, Haryana 122016, India",5,1,https://maps.google.com/?cid=9620871323013025098&g_mp=Cilnb29nbGUubWFwcy5wbGFjZXMudjEuUGxhY2VzLlNlYXJjaE5lYXJieRACGAQgAA
Jitendra Kumar fast food,restaurant,fast_food_restaurant,8595598382,,"Sector 28A, Chakkarpur, Gurugram, Haryana 122002, India",,,https://maps.google.com/?cid=2012327491888487860&g_mp=Cilnb29nbGUubWFwcy5wbGFjZXMudjEuUGxhY2VzLlNlYXJjaE5lYXJieRACGAQgAA
BITHI,restaurant,food_court,8348191937,,"Sector 18, Gurugram, Haryana 122015, India",,,https://maps.google.com/?cid=10152054180956384353&g_mp=Cilnb29nbGUubWFwcy5wbGFjZXMudjEuUGxhY2VzLlNlYXJjaE5lYXJieRACGAQgAA
pankaj mahato Shop,restaurant,tea_store,9650311143,,"On Road, Sector 28, DLF Phase 2, Sector 25, Gurugram, Haryana 122002, India",,,https://maps.google.com/?cid=6521956881865375744&g_mp=Cilnb29nbGUubWFwcy5wbGFjZXMudjEuUGxhY2VzLlNlYXJjaE5lYXJieRACGAQgAA
BALWAN SO BHAGWAN ZOMATO SERVICE,restaurant,restaurant,9350504490,,"Shop No -76, No -2, near Metro Station Gate, Sikanderpur, DLF Phase 2, Sector 25, Gurugram, Haryana 122002, India",,,https://maps.google.com/?cid=1475306062233466603&g_mp=Cilnb29nbGUubWFwcy5wbGFjZXMudjEuUGxhY2VzLlNlYXJjaE5lYXJieRACGAQgAA
SUDHANSHU SWIGGY STORE,restaurant,restaurant,9236260608,,"Shop No 58, near Metro Station, Sikanderpur, DLF Phase 2, Sector 25, Gurugram, Haryana 122002, India",,,https://maps.google.com/?cid=15483395346990660140&g_mp=Cilnb29nbGUubWFwcy5wbGFjZXMudjEuUGxhY2VzLlNlYXJjaE5lYXJieRACGAQgAA
Raja Hotel,restaurant,restaurant,8851977229,,"Sukanderpur, Sikanderpur, DLF Phase 1, Sector 26, Gurugram, Haryana 122002, India",,,https://maps.google.com/?cid=6005344684154006614&g_mp=Cilnb29nbGUubWFwcy5wbGFjZXMudjEuUGxhY2VzLlNlYXJjaE5lYXJieRACGAQgAA
TRANSPORT INDIA PASS,restaurant,fast_food_restaurant,7290000731,,"Shaheed Ripon Katyal Marg, Sarhaul, Sector 18, Gurugram, Haryana 122015, India",,,https://maps.google.com/?cid=15555307316125719225&g_mp=Cilnb29nbGUubWFwcy5wbGFjZXMudjEuUGxhY2VzLlNlYXJjaE5lYXJieRACGAQgAA
shrreenie,restaurant,buffet_restaurant,9899220835,https://www.instagram.com/shrreenie/,"V28, 13, S Block, DLF Phase 3, Sector 24, Gurugram, Haryana 122010, India",,,https://maps.google.com/?cid=1645270314330465872&g_mp=Cilnb29nbGUubWFwcy5wbGFjZXMudjEuUGxhY2VzLlNlYXJjaE5lYXJieRACGAQgAA
Pasta Dal Cuore,restaurant,italian_restaurant,9810577069,,"50, Gulmohar Marg, Mushedpur, DLF Phase 2, Sector 25, Gurugram, Haryana 122002, India",,,https://maps.google.com/?cid=15774629866547635234&g_mp=Cilnb29nbGUubWFwcy5wbGFjZXMudjEuUGxhY2VzLlNlYXJjaE5lYXJieRACGAQgAA
PATIENCE Food Cafe,restaurant,fast_food_restaurant,9548020337,,"Sarhaul, Sector 18, Sarhol, Gurugram, Haryana 122015, India",,,https://maps.google.com/?cid=1479882483586289900&g_mp=Cilnb29nbGUubWFwcy5wbGFjZXMudjEuUGxhY2VzLlNlYXJjaE5lYXJieRACGAQgAA
ROYAL BITE,restaurant,meal_delivery,9999358896,https://www.royalbite.in/,"Sub. Major Laxmi Chand Rd, Sector 18, Sarhol, Gurugram, Haryana 122015, India",,,https://maps.google.com/?cid=17902535156618146895&g_mp=Cilnb29nbGUubWFwcy5wbGFjZXMudjEuUGxhY2VzLlNlYXJjaE5lYXJieRACGAQgAA
Chhotu Roll Store,restaurant,food_court,9319902826,,"Shop 12, U Block, DLF Phase 3, Sector 24, Gurugram, Haryana 122002, India",,,https://maps.google.com/?cid=12947011739299720456&g_mp=Cilnb29nbGUubWFwcy5wbGFjZXMudjEuUGxhY2VzLlNlYXJjaE5lYXJieRACGAQgAA
Pandit dabha,restaurant,vegetarian_restaurant,8512025613,,"Ganpact, Phase-4, Maruti Udyog, Sector 18, Gurugram, Haryana 122015, India",,,https://maps.google.com/?cid=11235442113325521863&g_mp=Cilnb29nbGUubWFwcy5wbGFjZXMudjEuUGxhY2VzLlNlYXJjaE5lYXJieRACGAQgAA
Sauth Indian Fast Food,restaurant,fast_food_restaurant,7669700320,,"Shop No 99, Phase IV, Udyog Vihar, Sector 18, Gurugram, Haryana 122015, India",,,https://maps.google.com/?cid=6799211231737307393&g_mp=Cilnb29nbGUubWFwcy5wbGFjZXMudjEuUGxhY2VzLlNlYXJjaE5lYXJieRACGAQgAA
Munesh golgappe,restaurant,food_court,8006726226,,"airtal tower, 17-18, Phase IV, Udyog Vihar, Sector 18, Shahpur, Gurugram, Haryana 122015, India",,,https://maps.google.com/?cid=17968974934332465436&g_mp=Cilnb29nbGUubWFwcy5wbGFjZXMudjEuUGxhY2VzLlNlYXJjaE5lYXJieRACGAQgAA
Rehman Chicken Corner,restaurant,restaurant,9625945380,,"16, DLF Cyber City, DLF Phase 3, Sector 24, Gurugram, Haryana 122002, India",,,https://maps.google.com/?cid=14892097986363744440&g_mp=Cilnb29nbGUubWFwcy5wbGFjZXMudjEuUGxhY2VzLlNlYXJjaE5lYXJieRACGAQgAA
Best Packers And Movers,warehouse,manufacturer,9205094005,https://bestpackersgurugram.in/,"16, Galli No. 15, U Block, DLF Phase 3, Sector 24, Gurugram, Haryana 122002, India",4.8,111,https://maps.google.com/?cid=9445433964274262402&g_mp=Cilnb29nbGUubWFwcy5wbGFjZXMudjEuUGxhY2VzLlNlYXJjaE5lYXJieRACGAQgAA
Mint Relocation Packers And Movers,warehouse,moving_company,9205238183,https://mintrelocationpackers.com/packers-and-movers-DLF-Phase-2-Sector-25-Gurugram/,"M-9/38, Mushedpur, DLF Phase 2, Sector 25, Gurugram, Haryana 122002, India",5,54,https://maps.google.com/?cid=1223863792820261837&g_mp=Cilnb29nbGUubWFwcy5wbGFjZXMudjEuUGxhY2VzLlNlYXJjaE5lYXJieRACGAQgAA
Go Global Logistics,warehouse,courier_service,9891118945,,"A2/212, Ishwar Colony, Phase 5, Aya Nagar Extension, Aya Nagar, New Delhi, Delhi 110047, India",5,16,https://maps.google.com/?cid=12022973544702558463&g_mp=Cilnb29nbGUubWFwcy5wbGFjZXMudjEuUGxhY2VzLlNlYXJjaE5lYXJieRACGAQgAA
Xtracare Logistics Pvt. Ltd.,warehouse,shipping_service,9999221851,http://xclpl.com/,"81, Moulsari Ave, DLF Phase 3, Sector 24, Gurugram, Haryana 122002, India",4.2,16,https://maps.google.com/?cid=24196804108459802&g_mp=Cilnb29nbGUubWFwcy5wbGFjZXMudjEuUGxhY2VzLlNlYXJjaE5lYXJieRACGAQgAA
Hii Style Furniture,warehouse,furniture_store,9999665133,http://www.hiistylefurniture.com/,"Cyber Hub, Dlf Cyber City, DLF Cyber City, DLF Phase 2, Sector 24, Gurugram, Haryana 122002, India",1,5,https://maps.google.com/?cid=16552462455033943147&g_mp=Cilnb29nbGUubWFwcy5wbGFjZXMudjEuUGxhY2VzLlNlYXJjaE5lYXJieRACGAQgAA
DS EXPRESS LOGISTICS,warehouse,transportation_service,9717794554,http://dsexpress.in/,"House No 268, E Block, Phase 5, Aya Nagar Extension, Aya Nagar, New Delhi, Delhi 110047, India",,,https://maps.google.com/?cid=9962671450426259234&g_mp=Cilnb29nbGUubWFwcy5wbGFjZXMudjEuUGxhY2VzLlNlYXJjaE5lYXJieRACGAQgAA
H.P. Clothing (India) - Warehouse KG,warehouse,clothing_store,9886668768,http://www.hp-group.in/,"Plot No. 05, Gali No. 02, Rao Market, opp. Siemens, Sarhaul, Sector 18, Gurugram, Haryana 122015, India",,,https://maps.google.com/?cid=5201702715731951598&g_mp=Cilnb29nbGUubWFwcy5wbGFjZXMudjEuUGxhY2VzLlNlYXJjaE5lYXJieRACGAQgAA
