name,primary_type,all_types,phone,website,address,rating,reviews,status,maps_url,place_id
Gurugram - MG Road (Drop by cab),bus_stop,bus_stop|transit_stop|transit_station|transportation_service|point_of_interest|establishment,,,"Sector 28, Maruti Housing Colony, Gurugram, Haryana 122009, India",,,OPERATIONAL,https://maps.google.com/?cid=14699921657537234676&g_mp=Cilnb29nbGUubWFwcy5wbGFjZXMudjEuUGxhY2VzLlNlYXJjaE5lYXJieRACGAQgAA,ChIJKeI0PiIZDTkR9AaUL92cAMw
M G Road,bus_station,bus_station|transit_station|transportation_service|point_of_interest|establishment,,,"Sector 28, Maruti Housing Colony, Gurugram, Haryana 122009, India",4.3,123,OPERATIONAL,https://maps.google.com/?cid=13643429761552953866&g_mp=Cilnb29nbGUubWFwcy5wbGFjZXMudjEuUGxhY2VzLlNlYXJjaE5lYXJieRACGAQgAA,ChIJFX5sFCIZDTkRCjJbBxUzV70
Bristol Chowk,bus_stop,bus_stop|transit_stop|transit_station|transportation_service|point_of_interest|establishment,,,"Sector 28, DLF Phase 1, Gurugram, Haryana 122002, India",1,1,OPERATIONAL,https://maps.google.com/?cid=7291129241228289888&g_mp=Cilnb29nbGUubWFwcy5wbGFjZXMudjEuUGxhY2VzLlNlYXJjaE5lYXJieRACGAQgAA,ChIJO9Yl0SgZDTkRYCfgMmpLL2U
ElectricPe Charging Station,electric_vehicle_charging_station,electric_vehicle_charging_station|transportation_service|point_of_interest|establishment,081470 60222,https://electricpe.com,"F3JG+X6G, nearby renbaxi, DLF Phase 2, Sector 18, Sarhol, Gurugram, Haryana 122002, India",,,OPERATIONAL,https://maps.google.com/?cid=8071619810154894737&g_mp=Cilnb29nbGUubWFwcy5wbGFjZXMudjEuUGxhY2VzLlNlYXJjaE5lYXJieRACGAQgAA,ChIJ9eS9xhkZDTkRkdVJunMnBHA
Visitors Parking,parking_lot,parking_lot|parking|transportation_service|service|point_of_interest|establishment,,,"F3JG+MVP, Heritage Dr, Heritage City, Sector 25, Gurugram, Haryana 122002, India",3,1,OPERATIONAL,https://maps.google.com/?cid=6893275817744455403&g_mp=Cilnb29nbGUubWFwcy5wbGFjZXMudjEuUGxhY2VzLlNlYXJjaE5lYXJieRACGAQgAA,ChIJg7FzuEYZDTkR69Zyh9XVqV8
Agarwal Packers And Movers Pvt L,transportation_service,transportation_service|point_of_interest|establishment,095821 44001,,"J-6, Heritage City, Sector 25, Gurugram, Haryana 122002, India",5,1,OPERATIONAL,https://maps.google.com/?cid=2822443945472556421&g_mp=Cilnb29nbGUubWFwcy5wbGFjZXMudjEuUGxhY2VzLlNlYXJjaE5lYXJieRACGAQgAA,ChIJXynyya4ZDTkRhf1XgNBVKyc
Sikandarpur Metro Parking Area,parking,parking|transportation_service|point_of_interest|establishment,,,"F3JV+P45, Mehrauli-Gurgaon Rd, DLF Phase 2, Sector 25, Gurugram, Haryana 122002, India",4.3,16,OPERATIONAL,https://maps.google.com/?cid=4316947451662816728&g_mp=Cilnb29nbGUubWFwcy5wbGFjZXMudjEuUGxhY2VzLlNlYXJjaE5lYXJieRACGAQgAA,ChIJVVUVDi8ZDTkR2NVjytXg6Ds
Sh. Hanuman Taxi Service,taxi_service,taxi_service|transportation_service|service|point_of_interest|establishment,098116 10657,,"Shop No. 2, 1st Floor, Sikanderpur Market, M. G. Road Opp. Metro Pillar No. 48-49, Sikanderpur, DLF Phase 1, Sector 24, Gurugram, Haryana 122002, India",5,5,OPERATIONAL,https://maps.google.com/?cid=7108049507772606485&g_mp=Cilnb29nbGUubWFwcy5wbGFjZXMudjEuUGxhY2VzLlNlYXJjaE5lYXJieRACGAQgAA,ChIJF67QXCwZDTkRFSitBF7dpGI
Twb technical,electric_vehicle_charging_station,electric_vehicle_charging_station|transportation_service|point_of_interest|establishment,,,"Sarhaul, Kabaria Mohalla, behind sunpharma, near rahul yadav complex, Sector 18, Gurugram, Haryana 122015, India",5,3,OPERATIONAL,https://maps.google.com/?cid=12290222469994109991&g_mp=Cilnb29nbGUubWFwcy5wbGFjZXMudjEuUGxhY2VzLlNlYXJjaE5lYXJieRACGAQgAA,ChIJSUuxGy0ZDTkRJ9yFVjikj6o
Ather Charging Station,electric_vehicle_charging_station,electric_vehicle_charging_station|transportation_service|point_of_interest|establishment,,https://www.atherenergy.com/,"F3PC+FJ6, Sarhaul, Sector 18, Gurugram, Haryana 122015, India",3.8,10,OPERATIONAL,https://maps.google.com/?cid=1131332874384276934&g_mp=Cilnb29nbGUubWFwcy5wbGFjZXMudjEuUGxhY2VzLlNlYXJjaE5lYXJieRACGAQgAA,ChIJC0CcBREZDTkRxn1lVEFNsw8
Job Carpenter,storage,storage|point_of_interest|establishment,,,"L-6/3, L-6, DLF Phase 2, Sector 25, Gurugram, Sarhol, Haryana 122002, India",,,OPERATIONAL,https://maps.google.com/?cid=12332476886017855567&g_mp=Cilnb29nbGUubWFwcy5wbGFjZXMudjEuUGxhY2VzLlNlYXJjaE5lYXJieRACGAQgAA,ChIJ5XdtCgAZDTkRT1DPN2PCJas
Home Packers And Movers Gurgaon,moving_company,shipping_service|moving_company|storage|transportation_service|service|point_of_interest|establishment,092899 11084,http://essencemovers.com/,"455/5, Main Market, Mushedpur, DLF Phase 2, Sector 25, Gurugram, Haryana 122002, India",5,1,OPERATIONAL,https://maps.google.com/?cid=5520992588468395328&g_mp=Cilnb29nbGUubWFwcy5wbGFjZXMudjEuUGxhY2VzLlNlYXJjaE5lYXJieRACGAQgAA,ChIJE4zySuMZDTkRQB05-4GBnkw
Luxoratech,transportation_service,transportation_service|point_of_interest|establishment,097186 86984,https://www.luxoratech.in/,"V11, 1, DLF Phase 2, Sector 25, Gurugram, Haryana 122002, India",,,OPERATIONAL,https://maps.google.com/?cid=10983888495501868028&g_mp=Cilnb29nbGUubWFwcy5wbGFjZXMudjEuUGxhY2VzLlNlYXJjaE5lYXJieRACGAQgAA,ChIJlyq8hSsZDTkR_HvjOmScbpg
Agarwal Packers & Movers Gurgaon,moving_company,moving_company|transportation_service|service|point_of_interest|establishment,096547 67078,,"Shop Number 9, Q-3, DLF Phase 2, Sector 25, Gurugram, Haryana 122002, India",5,10,OPERATIONAL,https://maps.google.com/?cid=3468722083621893279&g_mp=Cilnb29nbGUubWFwcy5wbGFjZXMudjEuUGxhY2VzLlNlYXJjaE5lYXJieRACGAQgAA,ChIJqQWWCpIZDTkRn_TVYltgIzA
SUD’s Residence : 23plusone,shoe_store,shoe_store|store|point_of_interest|establishment,,https://instagram.com/23plusone?igshid=OGQ5ZDc2ODk2ZA==,"5, Q-5, DLF Phase 2, Sector 25, Gurugram, Haryana 122002, India",5,2,OPERATIONAL,https://maps.google.com/?cid=4942563529850059567&g_mp=Cilnb29nbGUubWFwcy5wbGFjZXMudjEuUGxhY2VzLlNlYXJjaE5lYXJieRACGAQgAA,ChIJHw33pMkZDTkRL3uD9FeDl0Q
NSGA Travels,taxi_service,taxi_service|transportation_service|service|point_of_interest|establishment,,,"16, Galli Number 37, S Block, DLF Phase 3, Sector 24, Gurugram, Haryana 122010, India",4.9,19,OPERATIONAL,https://maps.google.com/?cid=13942853943803864338&g_mp=Cilnb29nbGUubWFwcy5wbGFjZXMudjEuUGxhY2VzLlNlYXJjaE5lYXJieRACGAQgAA,ChIJ-Wvun0IZDTkREmWVG8r3fsE
Park2Land (coming soon),parking_lot,parking_lot|parking|transportation_service|service|point_of_interest|establishment,,https://park2land.com/,"F3PX+CMX, S Block, Garden Estate, Nathupur, Sector 24, Gurugram, Haryana 122010, India",,,CLOSED_TEMPORARILY,https://maps.google.com/?cid=472137984498353932&g_mp=Cilnb29nbGUubWFwcy5wbGFjZXMudjEuUGxhY2VzLlNlYXJjaE5lYXJieRACGAQgAA,ChIJ4-8twAoZDTkRDEf-0v5ejQY
Parking Zen Mobility,parking,parking|transportation_service|point_of_interest|establishment,,,"F3PC+VQ2, Sarhaul, Sector 18, Sarhol, Gurugram, Haryana 122015, India",5,9,OPERATIONAL,https://maps.google.com/?cid=1607801491938488684&g_mp=Cilnb29nbGUubWFwcy5wbGFjZXMudjEuUGxhY2VzLlNlYXJjaE5lYXJieRACGAQgAA,ChIJo2EgQgAZDTkRbDFWPPAOUBY
FOOT OVER BRIDGE,transportation_service,transportation_service|point_of_interest|establishment,,,"F3PG+GR6, NH 48, Sector 18, Gurugram, Haryana 122015, India",5,2,OPERATIONAL,https://maps.google.com/?cid=9384197792256621326&g_mp=Cilnb29nbGUubWFwcy5wbGFjZXMudjEuUGxhY2VzLlNlYXJjaE5lYXJieRACGAQgAA,ChIJ5X2U7T0ZDTkRDvt1JSxeO4I
Genpact opposite ( UBER shuttle Drop / Pickup ),transportation_service,transportation_service|point_of_interest|establishment,,,"39, DLF Phase 2, Sector 25, Gurugram, Sarhol, Haryana 122002, India",,,OPERATIONAL,https://maps.google.com/?cid=4891346098869726628&g_mp=Cilnb29nbGUubWFwcy5wbGFjZXMudjEuUGxhY2VzLlNlYXJjaE5lYXJieRACGAQgAA,ChIJCRUZfwAZDTkRpG2fiFyN4UM
L Discovery warehouse gurugram,winery,winery|farm|manufacturer|service|food|point_of_interest|establishment,,,"BLOCK-G, MGF THE VILLAS, Mushedpur, DLF Phase 2, Sector 25, Shahpur, Gurugram, Haryana 122002, India",4.2,17,OPERATIONAL,https://maps.google.com/?cid=11333775005408203347&g_mp=Cilnb29nbGUubWFwcy5wbGFjZXMudjEuUGxhY2VzLlNlYXJjaE5lYXJieRACGAQgAA,ChIJCdpYd0kZDTkRU5KOiVGoSZ0
Krishna Packers And Movers Pvt Ltd,transportation_service,transportation_service|point_of_interest|establishment,092271 61442,,"MM4, Madhya Marg, Mushedpur, DLF Phase 2, Sector 25, Gurugram, Haryana 122002, India",,,OPERATIONAL,https://maps.google.com/?cid=11538906875681871883&g_mp=Cilnb29nbGUubWFwcy5wbGFjZXMudjEuUGxhY2VzLlNlYXJjaE5lYXJieRACGAQgAA,ChIJpXvRT6YZDTkRC5hU7apuIqA
DLF Cyber City Surface Parking - 6,transportation_service,transportation_service|point_of_interest|establishment,,,"122022, U Block, DLF Phase 3, Sector 24, Gurugram, Haryana 122002, India",4,2,OPERATIONAL,https://maps.google.com/?cid=11258997494206030499&g_mp=Cilnb29nbGUubWFwcy5wbGFjZXMudjEuUGxhY2VzLlNlYXJjaE5lYXJieRACGAQgAA,ChIJu2plWjAZDTkRo-IpeZH-P5w
Phase-2,subway_station,subway_station|transit_station|transportation_service|point_of_interest|establishment,062910 17800,http://www.rapidmetrogurgaon.com/,"U Block, DLF Phase 2, Sector 25, Gurugram, Haryana 122002, India",4.4,275,OPERATIONAL,https://maps.google.com/?cid=15851950323007451814&g_mp=Cilnb29nbGUubWFwcy5wbGFjZXMudjEuUGxhY2VzLlNlYXJjaE5lYXJieRACGAQgAA,ChIJGXyfWzAZDTkRpnL_39Rw_ds
Professional Cargo Packers And Movers,transportation_service,transportation_service|point_of_interest|establishment,092533 04001,,"Shop No,98/25, Cyber City, U Block, DLF Phase 3, Sector 24, Gurugram, Haryana 122002, India",,,OPERATIONAL,https://maps.google.com/?cid=9589339791620964609&g_mp=Cilnb29nbGUubWFwcy5wbGFjZXMudjEuUGxhY2VzLlNlYXJjaE5lYXJieRACGAQgAA,ChIJe81BYlkZDTkRAQEW5rstFIU
Lohia house,storage,storage|point_of_interest|establishment,,,"D-4/69, Nathupur, Sector 24, Gurugram, Haryana 122010, India",3.7,3,OPERATIONAL,https://maps.google.com/?cid=17006248409971674351&g_mp=Cilnb29nbGUubWFwcy5wbGFjZXMudjEuUGxhY2VzLlNlYXJjaE5lYXJieRACGAQgAA,ChIJG0Jl1DoZDTkR78xpbtNUAuw
sajid,taxi_service,taxi_service|transportation_service|service|point_of_interest|establishment,,,"U Block, Nathupur, Sector 24, Gurugram, Haryana 122010, India",5,1,OPERATIONAL,https://maps.google.com/?cid=2129908510122799868&g_mp=Cilnb29nbGUubWFwcy5wbGFjZXMudjEuUGxhY2VzLlNlYXJjaE5lYXJieRACGAQgAA,ChIJXZo0uZ4ZDTkR_HLzVYH0jh0
Miraj Alam,chauffeur_service,chauffeur_service|transportation_service|point_of_interest|establishment,099587 22932,,"F3QX+5RG, Nathupur, Sector 24, Gurugram, Haryana 122002, India",5,1,CLOSED_TEMPORARILY,https://maps.google.com/?cid=4128848411437493477&g_mp=Cilnb29nbGUubWFwcy5wbGFjZXMudjEuUGxhY2VzLlNlYXJjaE5lYXJieRACGAQgAA,ChIJ_Q5WdYIZDTkR5ewqL8GdTDk
Kamal Narayan,parking_lot,parking_lot|parking|transportation_service|service|point_of_interest|establishment,,,"F3QX+5RG, Nathupur, Sector 24, Gurugram, Haryana 122010, India",,,OPERATIONAL,https://maps.google.com/?cid=7110632775411856341&g_mp=Cilnb29nbGUubWFwcy5wbGFjZXMudjEuUGxhY2VzLlNlYXJjaE5lYXJieRACGAQgAA,ChIJ4y8CYgAZDTkR1XOs4tUKrmI
All india cab service,chauffeur_service,chauffeur_service|transportation_service|point_of_interest|establishment,,,"Nathupur, Sector 24, Gurugram, Haryana 122010, India",4.2,5,OPERATIONAL,https://maps.google.com/?cid=13508906426949489338&g_mp=Cilnb29nbGUubWFwcy5wbGFjZXMudjEuUGxhY2VzLlNlYXJjaE5lYXJieRACGAQgAA,ChIJccswUecZDTkRutJQctJGebs
DHRL Packers And Movers,moving_company,storage|shipping_service|moving_company|transportation_service|service|point_of_interest|establishment,097286 50456,,"Shop No.15, Main Road, DLF Phase 3, Sector 24, Gurugram, Haryana 122010, India",5,8,OPERATIONAL,https://maps.google.com/?cid=11280357033086710789&g_mp=Cilnb29nbGUubWFwcy5wbGFjZXMudjEuUGxhY2VzLlNlYXJjaE5lYXJieRACGAQgAA,ChIJ02AbhewfDTkRBXS2qPTgi5w
RAMS Services,transportation_service,transportation_service|point_of_interest|establishment,,,"Booth no. B90, urban estate, Sector 18, Gurugram, Haryana 122015, India",,,OPERATIONAL,https://maps.google.com/?cid=16334717810945074048&g_mp=Cilnb29nbGUubWFwcy5wbGFjZXMudjEuUGxhY2VzLlNlYXJjaE5lYXJieRACGAQgAA,ChIJQayMNQAZDTkRgKOg002TsOI
Railway Ticketing Office,train_ticket_office,train_ticket_office|transportation_service|point_of_interest|establishment,,,"38, Sector 17/18 Dividing Rd, Sector 17, Gurugram, Haryana 122015, India",4.3,47,OPERATIONAL,https://maps.google.com/?cid=5698523291493759844&g_mp=Cilnb29nbGUubWFwcy5wbGFjZXMudjEuUGxhY2VzLlNlYXJjaE5lYXJieRACGAQgAA,ChIJR0KSSgwZDTkRZHvG1b04FU8
Groccy Warehouse,storage,storage|point_of_interest|establishment,,,"F3Q8+X6P, Sector 18, Sarhol, Gurugram, Haryana 122015, India",3,1,OPERATIONAL,https://maps.google.com/?cid=12315695597367931902&g_mp=Cilnb29nbGUubWFwcy5wbGFjZXMudjEuUGxhY2VzLlNlYXJjaE5lYXJieRACGAQgAA,ChIJ1y4mLg0ZDTkR_jP1-uQj6qo
ACPL Transport UDYOG VIHAR,transportation_service,transportation_service|point_of_interest|establishment,074101 05079,https://www.acplcargo.com/,"Plot, No 24, Old Dehi Road, near Sheetal Hotel, Noble Enclave, Sector 22, Palam Vihar Extension, Gurugram, Haryana 122015, India",,,OPERATIONAL,https://maps.google.com/?cid=4124947339482105049&g_mp=Cilnb29nbGUubWFwcy5wbGFjZXMudjEuUGxhY2VzLlNlYXJjaE5lYXJieRACGAQgAA,ChIJgU1PDT0ZDTkR2QQGF8DBPjk
Best roadways Lmt,transportation_service,transportation_service|point_of_interest|establishment,,,"F3Q8+X6P, Sector 18, Sarhol, Gurugram, Haryana 122015, India",5,2,OPERATIONAL,https://maps.google.com/?cid=8884580987074625897&g_mp=Cilnb29nbGUubWFwcy5wbGFjZXMudjEuUGxhY2VzLlNlYXJjaE5lYXJieRACGAQgAA,ChIJqW41AgAZDTkRacHF0FVfTHs
Suntek Axpress India Pvt Ltd Gurgaon,transportation_service,transportation_service|point_of_interest|establishment,,,"4, Sub. Major Laxmi Chand Rd, Maruti Udyog, Sector 18, Gurugram, Haryana 122015, India",5,3,OPERATIONAL,https://maps.google.com/?cid=12058568539219215844&g_mp=Cilnb29nbGUubWFwcy5wbGFjZXMudjEuUGxhY2VzLlNlYXJjaE5lYXJieRACGAQgAA,ChIJeVJKSacZDTkR5MXchzKkWKc
BR21 Nalanda Tourist,chauffeur_service,chauffeur_service|transportation_service|point_of_interest|establishment,076670 72108,,"Shop 23, Sarhaul Marg, Sarhaul, Sector 18, Gurugram, Haryana 122015, India",,,OPERATIONAL,https://maps.google.com/?cid=5487950363596962550&g_mp=Cilnb29nbGUubWFwcy5wbGFjZXMudjEuUGxhY2VzLlNlYXJjaE5lYXJieRACGAQgAA,ChIJ37IoeOEZDTkR9josf8cdKUw
"Tata1MG, Sector-18",storage,storage|point_of_interest|establishment,,,"42, Sector 18, Gurugram, Haryana 122015, India",,,OPERATIONAL,https://maps.google.com/?cid=10431578171931379730&g_mp=Cilnb29nbGUubWFwcy5wbGFjZXMudjEuUGxhY2VzLlNlYXJjaE5lYXJieRACGAQgAA,ChIJbxfWeKoZDTkREkiwGBRpxJA
Rajawat Brother's Bus Service (महाकाल ट्रेवल्स),travel_agency,travel_agency|transportation_service|service|point_of_interest|establishment,088608 92929,,"Gali no 2, near Munjal Showa Limited, Sarhaul, Sector 18, Sarhol, Gurugram, Haryana 122015, India",4.7,3,OPERATIONAL,https://maps.google.com/?cid=9533599568872276178&g_mp=Cilnb29nbGUubWFwcy5wbGFjZXMudjEuUGxhY2VzLlNlYXJjaE5lYXJieRACGAQgAA,ChIJtcFPUAAZDTkR0gBz9UsmToQ
Shree Maruti Courier Service Pvt. Ltd,courier_service,courier_service|shipping_service|service|point_of_interest|establishment,093503 49947,,"1st Floor, Pehalwan Market, Opposite Fiat Service Works, Sarhaul, Sector 18, Gurugram, Haryana 122015, India",3.4,76,OPERATIONAL,https://maps.google.com/?cid=3821264192136687378&g_mp=Cilnb29nbGUubWFwcy5wbGFjZXMudjEuUGxhY2VzLlNlYXJjaE5lYXJieRACGAQgAA,ChIJ____PzgYDTkREi86bYnbBzU
Self Storage India Warehouse,storage,storage|point_of_interest|establishment,090902 06090,https://selfstorageindia.com/,"Dynamic Business Park, Maruti Industrial Development Area, Plot No 29, Sector 18, Gurugram, Haryana 122015, India",4.7,126,OPERATIONAL,https://maps.google.com/?cid=4971849768365511659&g_mp=Cilnb29nbGUubWFwcy5wbGFjZXMudjEuUGxhY2VzLlNlYXJjaE5lYXJieRACGAQgAA,ChIJeRg8ExQZDTkR69MIuAWP_0Q
Western Technologies Pvt Ltd,storage,storage|point_of_interest|establishment,,,"28, Sector 18, Gurugram, Sarhol, Haryana 122015, India",,,OPERATIONAL,https://maps.google.com/?cid=11239807683255658901&g_mp=Cilnb29nbGUubWFwcy5wbGFjZXMudjEuUGxhY2VzLlNlYXJjaE5lYXJieRACGAQgAA,ChIJoXnsPwAZDTkRlekocInR-5s
Global Network International,courier_service,courier_service|shipping_service|service|point_of_interest|establishment,0124 401 1871,http://www.gniexpress.com/,"Shed No 3,Mahindra Market, opp. Passport Office, Phase IV, Udyog Vihar, Sector 18, Gurugram, Haryana 122015, India",5,5,OPERATIONAL,https://maps.google.com/?cid=7521249049351769959&g_mp=Cilnb29nbGUubWFwcy5wbGFjZXMudjEuUGxhY2VzLlNlYXJjaE5lYXJieRACGAQgAA,ChIJDeTvyRUZDTkRZ0_bPSnYYGg
BMW Charging Station,electric_vehicle_charging_station,electric_vehicle_charging_station|transportation_service|point_of_interest|establishment,,https://onelink.to/5695dc,"F3RH+493, behind Office Premises, Gu, Sector 18, Shahpur, Gurugram, Haryana 122015, India",4.7,3,OPERATIONAL,https://maps.google.com/?cid=12461802199983829088&g_mp=Cilnb29nbGUubWFwcy5wbGFjZXMudjEuUGxhY2VzLlNlYXJjaE5lYXJieRACGAQgAA,ChIJ4zbk5RUZDTkRYLA3TxM38aw
FlyMyParcel,courier_service,courier_service|shipping_service|service|point_of_interest|establishment,098113 91139,http://www.flymyparcel.com/,"Mahindra Market, near Passport office, Sector 18, Gurugram, Haryana 122015, India",4.7,6,OPERATIONAL,https://maps.google.com/?cid=2541786200634344889&g_mp=Cilnb29nbGUubWFwcy5wbGFjZXMudjEuUGxhY2VzLlNlYXJjaE5lYXJieRACGAQgAA,ChIJk0ykxxUZDTkRucXMHxU9RiM
Kartik International,courier_service,courier_service|shipping_service|service|point_of_interest|establishment,088532 22925,http://www.kartikinternational.com/,"Godown-1, Mahendra Singh Compound, near Passport Office, Sector 18, Gurugram, Haryana 122015, India",5,7,OPERATIONAL,https://maps.google.com/?cid=10371184804709298000&g_mp=Cilnb29nbGUubWFwcy5wbGFjZXMudjEuUGxhY2VzLlNlYXJjaE5lYXJieRACGAQgAA,ChIJdec_WNAZDTkRUG-giKHZ7Y8
Atlas Chowk Service Lane Ferri Shuttle Stop,transit_depot,transit_depot|transportation_service|point_of_interest|establishment,,,"Atlas Chowk Drop Express, F3RJ+5M6, DLF Phase 2, Sector 25, Gurugram, Haryana 122002, India",4.3,55,OPERATIONAL,https://maps.google.com/?cid=130622383829066034&g_mp=Cilnb29nbGUubWFwcy5wbGFjZXMudjEuUGxhY2VzLlNlYXJjaE5lYXJieRACGAQgAA,ChIJX-xI_pwZDTkRMqHYs10Q0AE
Rajesh Motor,chauffeur_service,chauffeur_service|transportation_service|point_of_interest|establishment,083689 08162,,"8, Phase IV, Udyog Vihar, Sector 18, Gurugram, Haryana 122015, India",,,CLOSED_TEMPORARILY,https://maps.google.com/?cid=11100772635634397803&g_mp=Cilnb29nbGUubWFwcy5wbGFjZXMudjEuUGxhY2VzLlNlYXJjaE5lYXJieRACGAQgAA,ChIJ5WlNpXwZDTkRa3Jdz-XdDZo
BMW Destination Charging Station,electric_vehicle_charging_station,electric_vehicle_charging_station|transportation_service|point_of_interest|establishment,080707 43743,https://www.bmw.de/de/index.html,"F3QH+QP8, Sector 18, Gurugram, Shahpur, Haryana 122015, India",,,OPERATIONAL,https://maps.google.com/?cid=6775426951602309482&g_mp=Cilnb29nbGUubWFwcy5wbGFjZXMudjEuUGxhY2VzLlNlYXJjaE5lYXJieRACGAQgAA,ChIJtR4oBz4ZDTkRagndK-omB14
GLIDA Charging Station,electric_vehicle_charging_station,electric_vehicle_charging_station|transportation_service|point_of_interest|establishment,1800 120 3578,https://onelink.to/5695dc,"The Oberoi Centre, Building, N-11, DLF Cyber City, DLF Phase 2, Sector 24, Gurugram, Haryana 122002, India",,,OPERATIONAL,https://maps.google.com/?cid=4130641352928428837&g_mp=Cilnb29nbGUubWFwcy5wbGFjZXMudjEuUGxhY2VzLlNlYXJjaE5lYXJieRACGAQgAA,ChIJPcXteDgZDTkRJYPW52z8Ujk
GLIDA Charging Station,electric_vehicle_charging_station,electric_vehicle_charging_station|transportation_service|point_of_interest|establishment,1800 120 3578,https://onelink.to/5695dc,"Building No 5, DLF Epitome, Indian Oil petrol pump, DLF Cyber City, DLF Phase 2, Sector 24, Gurugram, Haryana 122002, India",5,1,OPERATIONAL,https://maps.google.com/?cid=17614991383670322955&g_mp=Cilnb29nbGUubWFwcy5wbGFjZXMudjEuUGxhY2VzLlNlYXJjaE5lYXJieRACGAQgAA,ChIJv4sgxTAZDTkRC3c80VUFdfQ
Ajay airtel Xstream Fiber broadband connection,service,service|point_of_interest|establishment,097179 79573,,"U16, road, U Block, DLF Phase 3, Sector 24, Gurugram, Haryana 122001, India",4.9,60,OPERATIONAL,https://maps.google.com/?cid=11931707324098114339&g_mp=Cilnb29nbGUubWFwcy5wbGFjZXMudjEuUGxhY2VzLlNlYXJjaE5lYXJieRACGAQgAA,ChIJOUOgvBMZDTkRI3PLKJjwlaU
Dtdc Express Service Gurgaon,courier_service,courier_service|shipping_service|service|point_of_interest|establishment,078383 00093,,"U55 Rd, U Block, DLF Phase 3, Sector 24, Gurugram, Haryana 122002, India",4.9,11,OPERATIONAL,https://maps.google.com/?cid=4888222481630355776&g_mp=Cilnb29nbGUubWFwcy5wbGFjZXMudjEuUGxhY2VzLlNlYXJjaE5lYXJieRACGAQgAA,ChIJ4SvoUAUZDTkRQOGnuHJ01kM
Neha,storage,storage|point_of_interest|establishment,,,"C-2/58, Nathupur, Sector 24, Gurugram, Haryana 122002, India",5,5,OPERATIONAL,https://maps.google.com/?cid=12970893960013035000&g_mp=Cilnb29nbGUubWFwcy5wbGFjZXMudjEuUGxhY2VzLlNlYXJjaE5lYXJieRACGAQgAA,ChIJGZuBMjkZDTkR-DXWeVXfAbQ
Kosik Mondal,transit_depot,transit_depot|transportation_service|point_of_interest|establishment,,,"F4Q2+XR8, Nathupur, Sector 24, Gurugram, Haryana 122002, India",2.5,2,OPERATIONAL,https://maps.google.com/?cid=5747062762427531010&g_mp=Cilnb29nbGUubWFwcy5wbGFjZXMudjEuUGxhY2VzLlNlYXJjaE5lYXJieRACGAQgAA,ChIJG6BnbgQZDTkRAj9eGCKrwU8
Aashish international packers and movers,transportation_service,transportation_service|point_of_interest|establishment,087965 34461,,"Office No 3, No 2, Maruti Gate, Maruti Udyog, Sector 18, Gurugram, Haryana 122015, India",5,5,OPERATIONAL,https://maps.google.com/?cid=5190184089614730898&g_mp=Cilnb29nbGUubWFwcy5wbGFjZXMudjEuUGxhY2VzLlNlYXJjaE5lYXJieRACGAQgAA,ChIJ170PyOkZDTkRksZeRO48B0g
FlyMyParcel,courier_service,courier_service|shipping_service|transportation_service|service|point_of_interest|establishment,098118 51185,http://www.flymyparcel.com/,"shed no 3,mahendra complex, Behind Airterl Building Sec, Maruti Udyog, Sector 18, Gurugram, Haryana 122015, India",2.1,11,CLOSED_TEMPORARILY,https://maps.google.com/?cid=8434814691335269532&g_mp=Cilnb29nbGUubWFwcy5wbGFjZXMudjEuUGxhY2VzLlNlYXJjaE5lYXJieRACGAQgAA,ChIJsVDPSm0ZDTkRnOxIr0V7DnU
DTDC - Sector 18,courier_service,courier_service|shipping_service|service|point_of_interest|establishment,098105 48641,,"office-2, Chhattar Singh Market ciemens ltd sectore 18 Opp, Plot no 6, Sector 37, Maruti Udyog, Sector 18, Gurugram, Haryana 122015, India",2.9,53,OPERATIONAL,https://maps.google.com/?cid=5461537583557547352&g_mp=Cilnb29nbGUubWFwcy5wbGFjZXMudjEuUGxhY2VzLlNlYXJjaE5lYXJieRACGAQgAA,ChIJrTQk-RIZDTkRWJVk635Hy0s
NHGrid,electric_vehicle_charging_station,electric_vehicle_charging_station|transportation_service|point_of_interest|establishment,077383 98035,http://nhgrid.com/,"90B, Udyog Vihar, Sector 18, Gurugram, Haryana 122015, India",,,OPERATIONAL,https://maps.google.com/?cid=11820834942316236277&g_mp=Cilnb29nbGUubWFwcy5wbGFjZXMudjEuUGxhY2VzLlNlYXJjaE5lYXJieRACGAQgAA,ChIJ__9GExMZDTkR9c1IJcAKDKQ
TRANS ORANGE PACKERS & MOVERS,corporate_office,corporate_office|point_of_interest|establishment,040 3247 3573,,"Plot no. 15, Hitech Building, Sector 14, near Khatala Chawk, Maruthi, gate no. 3, Maruti Udyog, Sector 18, Gurugram, Haryana 122015, India",5,4,CLOSED_TEMPORARILY,https://maps.google.com/?cid=10199762584336165308&g_mp=Cilnb29nbGUubWFwcy5wbGFjZXMudjEuUGxhY2VzLlNlYXJjaE5lYXJieRACGAQgAA,ChIJE0fYdhUZDTkRvGmtoAfWjI0
APL LOGISTICS | VASCOR,,point_of_interest|establishment,1800 123 827 267,http://www.apllvascor.com/,"Plot No 19, 4th Floor, Sewa Tower, Phase-4, Phase IV, Maruti Udyog, Sector 18, Gurugram, Haryana 122015, India",4.4,66,OPERATIONAL,https://maps.google.com/?cid=4667896067267145762&g_mp=Cilnb29nbGUubWFwcy5wbGFjZXMudjEuUGxhY2VzLlNlYXJjaE5lYXJieRACGAQgAA,ChIJAQDA2DcZDTkRIrDm2b2yx0A
Parking Space for Passport Office Visitors,transportation_service,transportation_service|point_of_interest|establishment,,,"F3RM+X3M, Phase IV, Udyog Vihar, Sector 18, Gurugram, Haryana 122015, India",3.4,17,OPERATIONAL,https://maps.google.com/?cid=15304050647402855535&g_mp=Cilnb29nbGUubWFwcy5wbGFjZXMudjEuUGxhY2VzLlNlYXJjaE5lYXJieRACGAQgAA,ChIJy0cYPmMZDTkRb7wIv_roYtQ
Maa Cab Service,taxi_service,taxi_service|transportation_service|service|point_of_interest|establishment,091280 24748,,"Shop 14, Phase IV, DLF Phase 2, Sector 18, Gurugram, Haryana 122015, India",,,OPERATIONAL,https://maps.google.com/?cid=14999340356159637621&g_mp=Cilnb29nbGUubWFwcy5wbGFjZXMudjEuUGxhY2VzLlNlYXJjaE5lYXJieRACGAQgAA,ChIJWcsnLJ0ZDTkRdYgTgpVcKNA
"Hii Style Furniture - Office Chairs, Table, sofa, Storage racks & Almirah for Office or warehouse",furniture_store,general_contractor|furniture_store|home_improvement_store|home_goods_store|storage|supplier|store|manufacturer|service|point_of_interest|establishment,099996 65133,http://www.hiistylefurniture.com/,"Cyber Hub, Dlf Cyber City, DLF Cyber City, DLF Phase 2, Sector 24, Gurugram, Haryana 122002, India",1,5,OPERATIONAL,https://maps.google.com/?cid=16552462455033943147&g_mp=Cilnb29nbGUubWFwcy5wbGFjZXMudjEuUGxhY2VzLlNlYXJjaE5lYXJieRACGAQgAA,ChIJVaML5SkZDTkRa9RJducotuU
Crown Cabs,taxi_service,taxi_service|tour_agency|travel_agency|transportation_service|service|point_of_interest|establishment,,https://crowncabs.in/,"Office no 28, DLF Tower 8th Rd, DLF Cyber City, DLF Phase 2, Sector 24, Gurugram, Haryana 122002, India",5,8,OPERATIONAL,https://maps.google.com/?cid=16689586376591514071&g_mp=Cilnb29nbGUubWFwcy5wbGFjZXMudjEuUGxhY2VzLlNlYXJjaE5lYXJieRACGAQgAA,ChIJIYQ13vAZDTkR15nvYGJSnec
Office parking Harman,transportation_service,transportation_service|point_of_interest|establishment,,,"F3RQ+PVG, Unnamed Road, DLF Cyber City, DLF Phase 2, Sector 24, Gurugram, Haryana 122002, India",4,1,OPERATIONAL,https://maps.google.com/?cid=2637210953191970147&g_mp=Cilnb29nbGUubWFwcy5wbGFjZXMudjEuUGxhY2VzLlNlYXJjaE5lYXJieRACGAQgAA,ChIJxfQw22QZDTkRY9XGrmNBmSQ
Leo Packers And Movers,transportation_service,transportation_service|point_of_interest|establishment,077427 44127,,"Gala 17 Road, u37, near RBS Hospital, U Block, DLF Phase 3, Sector 24, Gurugram, Haryana 122002, India",5,17,OPERATIONAL,https://maps.google.com/?cid=7500941564057920545&g_mp=Cilnb29nbGUubWFwcy5wbGFjZXMudjEuUGxhY2VzLlNlYXJjaE5lYXJieRACGAQgAA,ChIJ4ZWNO54ZDTkRIaSiXpyyGGg
DTDC - Cyber Green,courier_service,courier_service|shipping_service|service|point_of_interest|establishment,0124 410 4619,,"U-46/11, U-46 Rd, U Block, DLF Phase 3, Sector 24, Gurugram, Haryana 122002, India",4.1,27,CLOSED_TEMPORARILY,https://maps.google.com/?cid=5895534726606356489&g_mp=Cilnb29nbGUubWFwcy5wbGFjZXMudjEuUGxhY2VzLlNlYXJjaE5lYXJieRACGAQgAA,ChIJqUz98jYZDTkRCQBaFJkl0VE
Maxx Relocation Packers and Movers / Storage,transportation_service,transportation_service|point_of_interest|establishment,098702 71204,,"Shop no .0398, V Block, DLF Phase 3, Sector 24, G-Town, Gurugram, Haryana 122002, India",,,OPERATIONAL,https://maps.google.com/?cid=14802744945063730848&g_mp=Cilnb29nbGUubWFwcy5wbGFjZXMudjEuUGxhY2VzLlNlYXJjaE5lYXJieRACGAQgAA,ChIJAdHgNZMfDTkRoJ47Zxnqbc0
Xtracare Logistics Pvt. Ltd.,shipping_service,shipping_service|transportation_service|service|point_of_interest|establishment,099992 21851,http://xclpl.com/,"81, Moulsari Ave, DLF Phase 3, Sector 24, Gurugram, Haryana 122002, India",4.3,20,OPERATIONAL,https://maps.google.com/?cid=24196804108459802&g_mp=Cilnb29nbGUubWFwcy5wbGFjZXMudjEuUGxhY2VzLlNlYXJjaE5lYXJieRACGAQgAA,ChIJ8UkXjDYZDTkRGp-Ved32VQA
Maruti udhog,storage,storage|point_of_interest|establishment,,,"F3W6+6XR, Maruti Udyog, Sector 18, Gurugram, Haryana 122015, India",,,OPERATIONAL,https://maps.google.com/?cid=12465146678186382524&g_mp=Cilnb29nbGUubWFwcy5wbGFjZXMudjEuUGxhY2VzLlNlYXJjaE5lYXJieRACGAQgAA,ChIJQVXBGgAZDTkRvJRwUtwY_aw
Plot no 1 satguru enclave near by chapri farm,transportation_service,transportation_service|point_of_interest|establishment,,,"Old Delhi gurgaon road, F3W6+GQ6, Satguru Enclave Rd, Palam Vihar Extension, Gurugram, Haryana 122015, India",,,OPERATIONAL,https://maps.google.com/?cid=15017593864576642404&g_mp=Cilnb29nbGUubWFwcy5wbGFjZXMudjEuUGxhY2VzLlNlYXJjaE5lYXJieRACGAQgAA,ChIJS-TjQQAZDTkRZC0tnw02adA
Tirupati Trans Logistic,transportation_service,transportation_service|point_of_interest|establishment,095098 92535,http://tirupatitranslogistic.com/,"shop no gate no 2, opp. maruruti, 58, Old Delhi Gurugram Rd, Udyog Vihar, Sector 18, Gurugram, Haryana 122015, India",3,4,OPERATIONAL,https://maps.google.com/?cid=6975948802583264932&g_mp=Cilnb29nbGUubWFwcy5wbGFjZXMudjEuUGxhY2VzLlNlYXJjaE5lYXJieRACGAQgAA,ChIJKVufkHQZDTkRpH5JzXmMz2A
Car Transportation | Car Shifting | Tresco Logistics Private Limited,transportation_service,transportation_service|shipping_service|point_of_interest|service|establishment,085108 27108,http://www.trescologistics.com/,"Office No. 55, Shiva Tower, No. 02, Maruti Gate, Old Delhi Gurugram Rd, Palam Vihar Extension, Gurugram, Haryana 122015, India",3.3,26,OPERATIONAL,https://maps.google.com/?cid=3552833825362621846&g_mp=Cilnb29nbGUubWFwcy5wbGFjZXMudjEuUGxhY2VzLlNlYXJjaE5lYXJieRACGAQgAA,ChIJ6Ue7PVEZDTkRljW7WoozTjE
Car Transport Service - CarShifting.in,transportation_service,transportation_service|point_of_interest|establishment,098211 13129,https://carshifting.in/,"Office No 55, Shiva Tower, 2, Old Delhi Gurugram Rd, opposite Maruti Gate, Palam Vihar Extension, Gurugram, Haryana 122015, India",,,OPERATIONAL,https://maps.google.com/?cid=3424488511202891580&g_mp=Cilnb29nbGUubWFwcy5wbGFjZXMudjEuUGxhY2VzLlNlYXJjaE5lYXJieRACGAQgAA,ChIJ-Y1brJwZDTkRPJenPyg6hi8
Supply Chain Back Side,manufacturer,manufacturer|point_of_interest|establishment,,,"F3W8+CJW, Maruti Udyog, Sector 18, Gurugram, Haryana 122015, India",,,OPERATIONAL,https://maps.google.com/?cid=4980723061764919509&g_mp=Cilnb29nbGUubWFwcy5wbGFjZXMudjEuUGxhY2VzLlNlYXJjaE5lYXJieRACGAQgAA,ChIJD73mJgAZDTkR1RAYVTwVH0U
Maruti material gate,parking_lot,parking_lot|parking|transportation_service|service|point_of_interest|establishment,,,"F3W9+9Q6, Maruti Udyog, Sector 18, Gurugram, Haryana 122015, India",,,OPERATIONAL,https://maps.google.com/?cid=467843061020137876&g_mp=Cilnb29nbGUubWFwcy5wbGFjZXMudjEuUGxhY2VzLlNlYXJjaE5lYXJieRACGAQgAA,ChIJvyIpfgAZDTkRlJm8BskcfgY
GGN Warehouse,storage,storage|point_of_interest|establishment,,,"F3W9+9QJ, Maruti Udyog, Sector 18, Gurugram, Haryana 122015, India",5,1,OPERATIONAL,https://maps.google.com/?cid=15137487076269384489&g_mp=Cilnb29nbGUubWFwcy5wbGFjZXMudjEuUGxhY2VzLlNlYXJjaE5lYXJieRACGAQgAA,ChIJd3fShcwZDTkRKWMaRUsoE9I
HR & Supply chain office AS-2,manufacturer,manufacturer|point_of_interest|establishment,,,"Assembly Shop 2, Maruti Udyog, Sector 18, Gurugram, Haryana 122015, India",,,OPERATIONAL,https://maps.google.com/?cid=16470516215731768824&g_mp=Cilnb29nbGUubWFwcy5wbGFjZXMudjEuUGxhY2VzLlNlYXJjaE5lYXJieRACGAQgAA,ChIJvxPUPgAZDTkR-M0A0jsHk-Q
Gurgaon Maruti udyog,parking_lot,parking_lot|parking|transportation_service|service|point_of_interest|establishment,,,"MARUTI SUZUKI INDIA-2, Maruti Udyog, Sector 18, Gurugram, Haryana 122015, India",,,OPERATIONAL,https://maps.google.com/?cid=5987463977994655232&g_mp=Cilnb29nbGUubWFwcy5wbGFjZXMudjEuUGxhY2VzLlNlYXJjaE5lYXJieRACGAQgAA,ChIJzXXsPAAZDTkRAJbR2cO-F1M
Maruti Suzuki Gurgaon Plant MCGP5 SHOP,transportation_service,transportation_service|point_of_interest|establishment,,,"F3WC+4XQ, Maruti Udyog, Sector 18, Gurugram, Haryana 122015, India",4,4,OPERATIONAL,https://maps.google.com/?cid=2394578234851864675&g_mp=Cilnb29nbGUubWFwcy5wbGFjZXMudjEuUGxhY2VzLlNlYXJjaE5lYXJieRACGAQgAA,ChIJk4btIgAZDTkRYzA6szdAOyE
Maruti Suzuki KDO,storage,storage|point_of_interest|establishment,,,"F3WF+Q3C, Maruti Udyog, Sector 18, Gurugram, Haryana 122015, India",,,OPERATIONAL,https://maps.google.com/?cid=10125833985619991077&g_mp=Cilnb29nbGUubWFwcy5wbGFjZXMudjEuUGxhY2VzLlNlYXJjaE5lYXJieRACGAQgAA,ChIJT0yuYwAZDTkRJRp1Z1wwhow
BPS,storage,storage|point_of_interest|establishment,,,"F3WG+8RH, Sector 22A, Sector 18, Gurugram, Haryana 122015, India",,,OPERATIONAL,https://maps.google.com/?cid=14660284549362306569&g_mp=Cilnb29nbGUubWFwcy5wbGFjZXMudjEuUGxhY2VzLlNlYXJjaE5lYXJieRACGAQgAA,ChIJ___z0GoZDTkRCU7jxh_Lc8s
Madhur Warehousing,storage,storage|point_of_interest|establishment,,,"F3VH+WFF, Phase IV, Udyog Vihar, Sector 18, Gurugram, Haryana 122015, India",,,OPERATIONAL,https://maps.google.com/?cid=3926698051011700797&g_mp=Cilnb29nbGUubWFwcy5wbGFjZXMudjEuUGxhY2VzLlNlYXJjaE5lYXJieRACGAQgAA,ChIJO1CdbQAZDTkRPWjFphJvfjY
Tulio Interior Fulfilment Hub,general_contractor,general_contractor|home_goods_store|store|service|point_of_interest|establishment,092255 55559,http://www.tulio.design/,"230, Phase IV, Udyog Vihar, Sector 18, Gurugram, Haryana 122015, India",3.7,19,OPERATIONAL,https://maps.google.com/?cid=10211756171198997515&g_mp=Cilnb29nbGUubWFwcy5wbGFjZXMudjEuUGxhY2VzLlNlYXJjaE5lYXJieRACGAQgAA,ChIJ_QoTCUAZDTkRCyQ4LSJyt40
Gravity Warehouse,storage,storage|point_of_interest|establishment,,,"Plot No 227, Phase IV, Udyog Vihar, Sector 18, Gurugram, Haryana 122015, India",5,4,OPERATIONAL,https://maps.google.com/?cid=16315471666860490236&g_mp=Cilnb29nbGUubWFwcy5wbGFjZXMudjEuUGxhY2VzLlNlYXJjaE5lYXJieRACGAQgAA,ChIJQa-1YwAZDTkR_H0rtgkzbOI
Bechtel Parking Lot,parking_lot,parking_lot|parking|transportation_service|service|point_of_interest|establishment,,,"F3WM+4CM, Phase IV, Udyog Vihar, Sector 18, Gurugram, Haryana 122015, India",5,2,OPERATIONAL,https://maps.google.com/?cid=9124739546820440560&g_mp=Cilnb29nbGUubWFwcy5wbGFjZXMudjEuUGxhY2VzLlNlYXJjaE5lYXJieRACGAQgAA,ChIJ9XbzJAAZDTkR8PEw3EWWoX4
Cyber City Parking Exit,parking_lot,parking_lot|parking|transportation_service|service|point_of_interest|establishment,,,"4, DLF Tower 8th Rd, DLF Cyber City, DLF Phase 2, Sector 24, Gurgaon Rural, Gurugram, Haryana 122002, India",4.2,20,OPERATIONAL,https://maps.google.com/?cid=9369171912721974630&g_mp=Cilnb29nbGUubWFwcy5wbGFjZXMudjEuUGxhY2VzLlNlYXJjaE5lYXJieRACGAQgAA,ChIJYaKMhDgZDTkRZkVc8Tb8BYI
Paradise Transport And Logistics CO.,transportation_service,transportation_service|point_of_interest|establishment,,,"Daily Service Mumbai ,Pune , Bangalore, Hyderabad , Chennai, F3WP+6XM, DLF Cyber City, DLF Phase 2, Sector 24, Gurugram, Haryana 122002, India",5,1,OPERATIONAL,https://maps.google.com/?cid=403830480928456384&g_mp=Cilnb29nbGUubWFwcy5wbGFjZXMudjEuUGxhY2VzLlNlYXJjaE5lYXJieRACGAQgAA,ChIJA582hTgZDTkRwD43za6xmgU
Cyber city parking,transportation_service,transportation_service|point_of_interest|establishment,,,"Cyber City, DLF Cyber City, DLF Phase 2, Sector 24, Gurugram, Haryana 122002, India",4.7,6,OPERATIONAL,https://maps.google.com/?cid=9871308104576935544&g_mp=Cilnb29nbGUubWFwcy5wbGFjZXMudjEuUGxhY2VzLlNlYXJjaE5lYXJieRACGAQgAA,ChIJf7OufAAZDTkReCa-sWvu_Yg
"Udyog Vihar to Maruti Kunj , Bike Service",transportation_service,transportation_service|point_of_interest|establishment,,,"Plot No. 448-451, Rao Gajraj Singh Marg, Phase V, Udyog Vihar, Sector 19, Gurugram, Haryana 122016, India",4.5,2,OPERATIONAL,https://maps.google.com/?cid=16117022121542193356&g_mp=Cilnb29nbGUubWFwcy5wbGFjZXMudjEuUGxhY2VzLlNlYXJjaE5lYXJieRACGAQgAA,ChIJlZT4GQAZDTkRzJCiVzoqq98
Cyber Hub Parking,transportation_service,transportation_service|point_of_interest|establishment,,,"Building 8-A, DLF Cyber City, DLF Phase 2, Sector 24, Gurugram, Haryana 122002, India",4,3,OPERATIONAL,https://maps.google.com/?cid=4911734627829134822&g_mp=Cilnb29nbGUubWFwcy5wbGFjZXMudjEuUGxhY2VzLlNlYXJjaE5lYXJieRACGAQgAA,ChIJo03qZQAZDTkR5rW92p78KUQ
National Packers And Movers Gurgaon,transportation_service,transportation_service|point_of_interest|establishment,087964 63503,https://nationalpackerandmover.com/,"SHOP, N-12 Rd, U Block, DLF Phase 3, Sector 24, Gurugram, Haryana 122002, India",5,3,OPERATIONAL,https://maps.google.com/?cid=12731159117147368623&g_mp=Cilnb29nbGUubWFwcy5wbGFjZXMudjEuUGxhY2VzLlNlYXJjaE5lYXJieRACGAQgAA,ChIJkZNhSeoZDTkRr2yLtMMprrA
Agarwal Movers Relocation | Packers And Movers,manufacturer,shipping_service|manufacturer|transportation_service|service|point_of_interest|establishment,097288 08744,https://agarwalmoversrelocation.com/,"W7/8, DLF Phase 3, Sector 24, Gurugram, Haryana 122002, India",4.7,31,OPERATIONAL,https://maps.google.com/?cid=12781367895283564525&g_mp=Cilnb29nbGUubWFwcy5wbGFjZXMudjEuUGxhY2VzLlNlYXJjaE5lYXJieRACGAQgAA,ChIJPQPQ_xYZDTkR7X_11WGKYLE
Bhagwati Relocation Packers And Movers Gurugram,transportation_service,transportation_service|point_of_interest|establishment,093069 10896,,"V26/7, V Block, DLF Phase 3, Sector 24, Gurugram, Haryana 122010, India",5,11,OPERATIONAL,https://maps.google.com/?cid=17445396235705299091&g_mp=Cilnb29nbGUubWFwcy5wbGFjZXMudjEuUGxhY2VzLlNlYXJjaE5lYXJieRACGAQgAA,ChIJFz0U0JcfDTkRk7AmW3J_GvI
Rao Tour and Travel,taxi_service,taxi_service|transportation_service|service|point_of_interest|establishment,,,"Gali 1, Old Delhi Gurugram Rd, opposite Iyra House, Palam Vihar Extension, Gurugram, Haryana 122015, India",5,12,OPERATIONAL,https://maps.google.com/?cid=8064249225947831737&g_mp=Cilnb29nbGUubWFwcy5wbGFjZXMudjEuUGxhY2VzLlNlYXJjaE5lYXJieRACGAQgAA,ChIJh26lqf_lZqURud3W3PH36W8
ElectricPe Charging Station,electric_vehicle_charging_station,electric_vehicle_charging_station|transportation_service|point_of_interest|establishment,081470 60222,https://electricpe.com/ev-charging-station/moms-pg3?utm_source=google_map_listing&utm_medium=referral,"H, sec.22, Noble Enclave Rd, opp. Maruti udyog, Noble Enclave, Palam Vihar Extension, Gurugram, Haryana 122015, India",,,OPERATIONAL,https://maps.google.com/?cid=11236243214954877647&g_mp=Cilnb29nbGUubWFwcy5wbGFjZXMudjEuUGxhY2VzLlNlYXJjaE5lYXJieRACGAQgAA,ChIJ3w_d8HMZDTkRz1JH_asn75s
E1-1,storage,storage|point_of_interest|establishment,,,"F3X8+3JM, Sector 22A, Sector 18, Gurugram, Haryana 122015, India",,,OPERATIONAL,https://maps.google.com/?cid=18344118218936281857&g_mp=Cilnb29nbGUubWFwcy5wbGFjZXMudjEuUGxhY2VzLlNlYXJjaE5lYXJieRACGAQgAA,ChIJq6r2Z3IZDTkRAet3LVRmk_4
Anytime Packers and Movers,moving_company,moving_company|corporate_office|transportation_service|service|point_of_interest|establishment,082393 10451,,"Ardee City Gate No. 2, Neval Elclave, Old Delhi Gurugram Rd, near Maruti Company, Maruti Udyog, Sector 18, Gurugram, Haryana 122015, India",1.5,8,OPERATIONAL,https://maps.google.com/?cid=5315766785898746512&g_mp=Cilnb29nbGUubWFwcy5wbGFjZXMudjEuUGxhY2VzLlNlYXJjaE5lYXJieRACGAQgAA,ChIJ2Tbpz3MZDTkRkJJQRrplxUk
Maruti Suzuki Parking Entry,parking_lot,parking_lot|parking|transportation_service|service|point_of_interest|establishment,,,"F3X7+9M3, Maruti Udyog, Sector 18, Gurugram, Haryana 122015, India",4.3,38,OPERATIONAL,https://maps.google.com/?cid=8322005813401651828&g_mp=Cilnb29nbGUubWFwcy5wbGFjZXMudjEuUGxhY2VzLlNlYXJjaE5lYXJieRACGAQgAA,ChIJRRbCiZMZDTkRdIqKBjK0fXM
TENON RED,consultant,transportation_service|consultant|point_of_interest|service|establishment,0124 647 9800,http://tenonred.com/,"Plot No. 13, Tenon Ln, Electronic City, Phase IV, Udyog Vihar, Sector 18, Gurugram, Haryana 122015, India",,,OPERATIONAL,https://maps.google.com/?cid=10109542787279177066&g_mp=Cilnb29nbGUubWFwcy5wbGFjZXMudjEuUGxhY2VzLlNlYXJjaE5lYXJieRACGAQgAA,ChIJ7wjs6G0ZDTkRakVjNZpPTIw
Air Taxi,transportation_service,transportation_service|point_of_interest|establishment,0124 400 7099,http://www.flyairtaxi.in/,"101 Block A, Hartron Technology Park, Plot No. 25A, Electronic City, Phase IV, Udyog Vihar, Sector 18, Gurugram, Haryana 122015, India",3.5,40,CLOSED_TEMPORARILY,https://maps.google.com/?cid=360172505102213092&g_mp=Cilnb29nbGUubWFwcy5wbGFjZXMudjEuUGxhY2VzLlNlYXJjaE5lYXJieRACGAQgAA,ChIJo3YK6AQZDTkR5N96MPyW_wQ
Gyrox Aviation Private Limited,consultant,transportation_service|consultant|service|point_of_interest|establishment,0124 463 3748,http://gyrox.in/,"101A, Hartron Technology Park, Plot No 25A, Electronic City, Phase IV, Udyog Vihar, Sector 18, Gurugram, Haryana 122015, India",2.5,2,OPERATIONAL,https://maps.google.com/?cid=7996878630959537895&g_mp=Cilnb29nbGUubWFwcy5wbGFjZXMudjEuUGxhY2VzLlNlYXJjaE5lYXJieRACGAQgAA,ChIJq9P3-JoiDTkR515B3r6e-m4
OmTrax Packaging Solutions Ltd.,shipping_service,shipping_service|transportation_service|service|point_of_interest|establishment,097111 91760,http://www.omtrax.com/,"F3XH+5CV, Maruti Udyog, Sector 18, Gurgaon -Haryana, Gurugram, Haryana 122015, India",3.7,7,OPERATIONAL,https://maps.google.com/?cid=1845128034203548165&g_mp=Cilnb29nbGUubWFwcy5wbGFjZXMudjEuUGxhY2VzLlNlYXJjaE5lYXJieRACGAQgAA,ChIJpTgFiWoZDTkRBTrR0ys2mxk
Airfleet Managers Pvt. Ltd.,consultant,transportation_service|consultant|service|store|point_of_interest|establishment,,https://www.airfleetmanagers.com/,"285, Ist Floor, 285, Phase-4, Phase IV, Udyog Vihar, Sector 18, Gurugram, Haryana 122015, India",5,6,OPERATIONAL,https://maps.google.com/?cid=8006228630300207690&g_mp=Cilnb29nbGUubWFwcy5wbGFjZXMudjEuUGxhY2VzLlNlYXJjaE5lYXJieRACGAQgAA,ChIJkbCc1cQaDTkRSiqbO4XWG28
Blue Dart Express Limited,courier_service,courier_service|shipping_service|service|point_of_interest|establishment,022 4061 1234,https://www.bluedart.com/,"Vanijya Nikunj Commercial Complex, ENKAY TOWER, B1 & B2, Udyog Vihar Phase V Rd, Phase V, Udyog Vihar, Sector 19, Gurugram, Haryana 122016, India",2.3,142,OPERATIONAL,https://maps.google.com/?cid=17542196241658156610&g_mp=Cilnb29nbGUubWFwcy5wbGFjZXMudjEuUGxhY2VzLlNlYXJjaE5lYXJieRACGAQgAA,ChIJN-_1zkAZDTkRQhY6DIpmcvM
Dheeraj Property (Industrial & Commercial HSIIDC Property Agent Gurgaon Haryana),real_estate_agency,general_contractor|real_estate_agency|storage|consultant|finance|service|point_of_interest|establishment,098180 17357,http://www.dheerajproperty.in/,"NH-8, A-1, Shankar Chowk, opp. Phase-5 Udyog Vihar, DLF Cyber City, DLF Phase 2, Sector 24, Gurugram, Haryana 122002, India",,,OPERATIONAL,https://maps.google.com/?cid=17735203912305831422&g_mp=Cilnb29nbGUubWFwcy5wbGFjZXMudjEuUGxhY2VzLlNlYXJjaE5lYXJieRACGAQgAA,ChIJJ8icxkcZDTkR_m0bPP4ZIPY
Car Parking Office,parking_lot,parking_lot|parking|transportation_service|service|point_of_interest|establishment,,,"Gateway Tower, DLF Cyber City, DLF Phase 2, Sector 24, Gurugram, Haryana 122002, India",,,OPERATIONAL,https://maps.google.com/?cid=10694326475205763866&g_mp=Cilnb29nbGUubWFwcy5wbGFjZXMudjEuUGxhY2VzLlNlYXJjaE5lYXJieRACGAQgAA,ChIJiemTWAAZDTkRGuOxqkThaZQ
Building No. 14 Car Parking,transportation_service,transportation_service|point_of_interest|establishment,,,"Ericsson Building, DLF Cybercity, Sector 25, DLF Cyber City, DLF Phase 2, DLF Cyber Green, Gurugram, Haryana 122002, India",1,1,OPERATIONAL,https://maps.google.com/?cid=10027030309801782761&g_mp=Cilnb29nbGUubWFwcy5wbGFjZXMudjEuUGxhY2VzLlNlYXJjaE5lYXJieRACGAQgAA,ChIJH-2sFwAZDTkR6W3P9_AqJ4s
Statiq Charging Station,electric_vehicle_charging_station,electric_vehicle_charging_station|transportation_service|point_of_interest|establishment,,https://onelink.to/5695dc,"F3XV+25H, DLF Cyber City, DLF Phase 2, Sector 24, Gurugram, Haryana 122002, India",5,1,OPERATIONAL,https://maps.google.com/?cid=8471721553903726990&g_mp=Cilnb29nbGUubWFwcy5wbGFjZXMudjEuUGxhY2VzLlNlYXJjaE5lYXJieRACGAQgAA,ChIJscjLCAAZDTkRjrFzQN6ZkXU
Parking,parking,parking|transportation_service|point_of_interest|establishment,,,"Plot No. 175-176, sector-5 IMT Manesar, DLF Cyber City, DLF Phase 2, Sector 24, Gurugram, Haryana 122002, India",3,1,OPERATIONAL,https://maps.google.com/?cid=7406289688292643106&g_mp=Cilnb29nbGUubWFwcy5wbGFjZXMudjEuUGxhY2VzLlNlYXJjaE5lYXJieRACGAQgAA,ChIJV7LPCwAZDTkRIlFSNjttyGY
Rapid Metro Depot Station,transportation_service,transportation_service|point_of_interest|establishment,,,"F3XW+5JH, DLF Phase 3, Sector 24, Gurugram, Haryana 122002, India",4.3,6,OPERATIONAL,https://maps.google.com/?cid=9589280911416722534&g_mp=Cilnb29nbGUubWFwcy5wbGFjZXMudjEuUGxhY2VzLlNlYXJjaE5lYXJieRACGAQgAA,ChIJNcfsTakZDTkRZoRtyC74E4U
IAHA Group Worldwide Inc,educational_institution,transportation_service|educational_institution|point_of_interest|establishment,082874 44433,,"L 22/11, DLF City Phase 2, DLF Phase 3, Sector 24, Gurugram, Haryana 122002, India",,,CLOSED_TEMPORARILY,https://maps.google.com/?cid=15750150198747842217&g_mp=Cilnb29nbGUubWFwcy5wbGFjZXMudjEuUGxhY2VzLlNlYXJjaE5lYXJieRACGAQgAA,ChIJyR_cfUoZDTkRqcZpayjGk9o
EVO Supply Chain Pvt Ltd,,point_of_interest|establishment,,https://www.evoscs.com/,"6th Floor, Awfis, Ambience Mall, DLF Phase 3, Sector 24, Gurugram, Haryana 122010, India",5,1,CLOSED_TEMPORARILY,https://maps.google.com/?cid=10567455933394350041&g_mp=Cilnb29nbGUubWFwcy5wbGFjZXMudjEuUGxhY2VzLlNlYXJjaE5lYXJieRACGAQgAA,ChIJrWyR0A4O06IR2W-QwS4lp5I
Gurgaon One Apartments,bus_stop,bus_stop|transit_stop|transit_station|transportation_service|point_of_interest|establishment,,,"Palam Vihar Extension, Gurugram, Haryana 122015, India",2.5,2,OPERATIONAL,https://maps.google.com/?cid=13354716029338475593&g_mp=Cilnb29nbGUubWFwcy5wbGFjZXMudjEuUGxhY2VzLlNlYXJjaE5lYXJieRACGAQgAA,ChIJRfnKkHEZDTkRSVzv7Hh7Vbk
VPM PUC CENTER,transportation_service,transportation_service|point_of_interest|establishment,,,"G328+GG2, Sector 22, Gurugram, Haryana 122015, India",4.7,3,OPERATIONAL,https://maps.google.com/?cid=1860848622025473103&g_mp=Cilnb29nbGUubWFwcy5wbGFjZXMudjEuUGxhY2VzLlNlYXJjaE5lYXJieRACGAQgAA,ChIJT8j2bAAZDTkRT3yaaPYP0xk
V.P.M POLLUTION CENTERE,transportation_service,transportation_service|point_of_interest|establishment,,,"Hyatt Place, Old Delhi Gurugram Rd, Electronic City, Phase IV, Udyog Vihar, Sector 18, Gurugram, Haryana 122015, India",,,OPERATIONAL,https://maps.google.com/?cid=16876509586324828057&g_mp=Cilnb29nbGUubWFwcy5wbGFjZXMudjEuUGxhY2VzLlNlYXJjaE5lYXJieRACGAQgAA,ChIJ11QIHgAZDTkRma9dnQ1oNeo
Yahhvi Charging Station,electric_vehicle_charging_station,electric_vehicle_charging_station|transportation_service|point_of_interest|establishment,083830 70677,https://www.yahhvi.com/,"Electronic City, Phase IV, Udyog Vihar, Sector 18, Gurugram, Haryana 122015, India",4,4,OPERATIONAL,https://maps.google.com/?cid=17336084755167899412&g_mp=Cilnb29nbGUubWFwcy5wbGFjZXMudjEuUGxhY2VzLlNlYXJjaE5lYXJieRACGAQgAA,ChIJhe3lZAAZDTkRFO_Y-zsllvA
Aricent Parking Lot,parking_lot,parking_lot|parking|transportation_service|point_of_interest|service|establishment,,,"G329+862, Major Sushil Aima Marg, Electronic City, Phase IV, Udyog Vihar, Sector 18, Gurugram, Haryana 122015, India",4.3,26,OPERATIONAL,https://maps.google.com/?cid=4602388862071723768&g_mp=Cilnb29nbGUubWFwcy5wbGFjZXMudjEuUGxhY2VzLlNlYXJjaE5lYXJieRACGAQgAA,ChIJmxCxAm4ZDTkR-Nb_GUn43j8
Green SM depot sector 18,parking_lot,parking_lot|parking|transportation_service|point_of_interest|service|establishment,,,"E34, Electronic City, Phase IV, Udyog Vihar, Sector 18, Gurugram, Haryana 122015, India",3.8,12,OPERATIONAL,https://maps.google.com/?cid=10708745808022360720&g_mp=Cilnb29nbGUubWFwcy5wbGFjZXMudjEuUGxhY2VzLlNlYXJjaE5lYXJieRACGAQgAA,ChIJXVLeBwAZDTkRkFIgNZMbnZQ
Atrium place (Hines) steel yard shapoorji pallonji,storage,storage|point_of_interest|establishment,,,"AMBIENCE CREACIONS, Electronic City, Phase IV, Sector 22A, Sector 22, Gurugram, Haryana 122015, India",5,1,OPERATIONAL,https://maps.google.com/?cid=10076420076636157757&g_mp=Cilnb29nbGUubWFwcy5wbGFjZXMudjEuUGxhY2VzLlNlYXJjaE5lYXJieRACGAQgAA,ChIJO78YfwAZDTkRPTeDK6yi1os
UV 18 Chargesol Charging Station,electric_vehicle_charging_station,electric_vehicle_charging_station|transportation_service|point_of_interest|establishment,,https://www.chargesol.in/,"Khasra no 16, 1 2, Electronic City, Phase IV, Udyog Vihar, Sector 18, Gurugram, Haryana 122015, India",4.8,18,OPERATIONAL,https://maps.google.com/?cid=1534124598402108341&g_mp=Cilnb29nbGUubWFwcy5wbGFjZXMudjEuUGxhY2VzLlNlYXJjaE5lYXJieRACGAQgAA,ChIJgWSx0awZDTkRtUvysDFOShU
ElasticRun,moving_company,moving_company|shipping_service|transportation_service|service|point_of_interest|establishment,,,"ElasticRun, 388, Rao Gajraj Singh Marg, Electronic City, Phase IV, Udyog Vihar, Sector 18, Gurugram, Haryana 122015, India",1.7,43,OPERATIONAL,https://maps.google.com/?cid=5556640404595040323&g_mp=Cilnb29nbGUubWFwcy5wbGFjZXMudjEuUGxhY2VzLlNlYXJjaE5lYXJieRACGAQgAA,ChIJnY8im2UZDTkRQ2B49AEnHU0
My Garaage,chauffeur_service,chauffeur_service|transportation_service|point_of_interest|establishment,098995 29242,,"Sohna Road Sohna, G32F+2MW, Road, Electronic City, Phase IV, Udyog Vihar, Sector 18, Gurugram, Haryana 122015, India",3.7,3,OPERATIONAL,https://maps.google.com/?cid=4113316156146712576&g_mp=Cilnb29nbGUubWFwcy5wbGFjZXMudjEuUGxhY2VzLlNlYXJjaE5lYXJieRACGAQgAA,ChIJJ5tO-msZDTkRAAAAMEBvFTk
DISCOVERY LIQUOR WAREHOUSE,liquor_store,liquor_store|store|point_of_interest|establishment,,,"G32F+C73, Rao Gajraj Singh Marg, Electronic City, Phase IV, Udyog Vihar, Sector 18, Gurugram, Haryana 122015, India",3,1,OPERATIONAL,https://maps.google.com/?cid=957435830336131095&g_mp=Cilnb29nbGUubWFwcy5wbGFjZXMudjEuUGxhY2VzLlNlYXJjaE5lYXJieRACGAQgAA,ChIJBw3hrm4ZDTkRF5BqotB-SQ0
Asf Center,bus_stop,bus_stop|transit_stop|transit_station|transportation_service|point_of_interest|establishment,,,"Phase IV, Udyog Vihar, Sector 18, Gurugram, Haryana 122015, India",3.5,11,OPERATIONAL,https://maps.google.com/?cid=18428214446239140906&g_mp=Cilnb29nbGUubWFwcy5wbGFjZXMudjEuUGxhY2VzLlNlYXJjaE5lYXJieRACGAQgAA,ChIJV8iCIWoZDTkRKkzO6GYrvv8
CSD Udyog Vihar,bus_stop,bus_stop|transit_stop|transit_station|transportation_service|point_of_interest|establishment,,,"Phase IV, Udyog Vihar, Sector 18, Gurugram, Haryana 122015, India",4.2,5,OPERATIONAL,https://maps.google.com/?cid=11240694007580401162&g_mp=Cilnb29nbGUubWFwcy5wbGFjZXMudjEuUGxhY2VzLlNlYXJjaE5lYXJieRACGAQgAA,ChIJzexQJmoZDTkRCh6x5qT3_ps
Blitz,transportation_service,transportation_service|point_of_interest|establishment,,,"76, Udyog Vihar Phase 4 Rd, Phase III, Udyog Vihar, Sector 19, Gurugram, Haryana 122015, India",3,2,OPERATIONAL,https://maps.google.com/?cid=11108863136925903809&g_mp=Cilnb29nbGUubWFwcy5wbGFjZXMudjEuUGxhY2VzLlNlYXJjaE5lYXJieRACGAQgAA,ChIJp4seLAAZDTkRwWvmbiqcKpo
Optimax,storage,storage|point_of_interest|establishment,,,"27, Udyog Vihar 3, Phase V, Udyog Vihar, Sector 19, Gurugram, Haryana 122016, India",,,OPERATIONAL,https://maps.google.com/?cid=11767384312833524924&g_mp=Cilnb29nbGUubWFwcy5wbGFjZXMudjEuUGxhY2VzLlNlYXJjaE5lYXJieRACGAQgAA,ChIJM-8yTUEZDTkRvETyra8lTqM
Uniworld Logistics Pvt. Ltd.,transportation_service,transportation_service|point_of_interest|establishment,,,"No. 634, Udyog Vihar Phase V Rd, Udyog Vihar 3, Phase IV, Udyog Vihar, Sector 18, Gurugram, Haryana 122016, India",2.3,3,OPERATIONAL,https://maps.google.com/?cid=3314815803786015446&g_mp=Cilnb29nbGUubWFwcy5wbGFjZXMudjEuUGxhY2VzLlNlYXJjaE5lYXJieRACGAQgAA,ChIJg9x1Z0EZDTkR1jKEMGmXAC4
Corporate Flyers Pvt. Ltd.,tour_agency,tour_agency|travel_agency|transportation_service|service|point_of_interest|establishment,0124 460 3760,http://www.corporateflyers.com/,"635, Udyog Vihar Phase V Rd, Udyog Vihar 3, Udyog Vihar, Sector 19, Gurugram, Haryana 122016, India",4.2,27,OPERATIONAL,https://maps.google.com/?cid=1769451987410809965&g_mp=Cilnb29nbGUubWFwcy5wbGFjZXMudjEuUGxhY2VzLlNlYXJjaE5lYXJieRACGAQgAA,ChIJq6qqXmThDDkRbfS6JDVbjhg
DHL Supply Chain,corporate_office,corporate_office|shipping_service|point_of_interest|service|establishment,,https://www.dhl.com/sg-en/home/our-divisions/supply-chain/solutions.html,"445, Transport Network Center, 4th Floor, AIHP Horizon, Udyog Vihar Phase V Rd, Phase V, Udyog Vihar, Sector 19, Gurugram, Haryana 122016, India",4.7,3,OPERATIONAL,https://maps.google.com/?cid=11715212814536481384&g_mp=Cilnb29nbGUubWFwcy5wbGFjZXMudjEuUGxhY2VzLlNlYXJjaE5lYXJieRACGAQgAA,ChIJ7wUSz9wZDTkRaBqNJvzLlKI
RapidShyp,courier_service,courier_service|shipping_service|transportation_service|point_of_interest|service|establishment,,https://app.rapidshyp.com/?utm_source=Google&utm_medium=cpm&utm_campaign=Google-My-Bussiness&utm_term=Google&utm_content=GMB,"3rd Floor, AIHP Horizon 445, Udyog Vihar Phase V Rd, Phase V, Udyog Vihar, Sector 19, Gurugram, Haryana 122016, India",3.6,377,OPERATIONAL,https://maps.google.com/?cid=12920900519014440426&g_mp=Cilnb29nbGUubWFwcy5wbGFjZXMudjEuUGxhY2VzLlNlYXJjaE5lYXJieRACGAQgAA,ChIJqcRn4R3-MaUR6h0EbpBCULM
Tata Power Charging Station,electric_vehicle_charging_station,electric_vehicle_charging_station|transportation_service|point_of_interest|establishment,1800 833 2233,https://www.tatapower.com/,"443, Shankar Chowk Rd, Phase V, Udyog Vihar, Sector 19, Gurugram, Haryana 122016, India",5,2,OPERATIONAL,https://maps.google.com/?cid=1223997284586476576&g_mp=Cilnb29nbGUubWFwcy5wbGFjZXMudjEuUGxhY2VzLlNlYXJjaE5lYXJieRACGAQgAA,ChIJmeEaF0YZDTkRINTRmQuD_BA
Shankar Chowk (A),bus_stop,bus_stop|transit_stop|transit_station|transportation_service|point_of_interest|establishment,,,"Phase V, Udyog Vihar, Sector 19, Gurugram, Haryana 122016, India",4.8,6,OPERATIONAL,https://maps.google.com/?cid=5021514463876417386&g_mp=Cilnb29nbGUubWFwcy5wbGFjZXMudjEuUGxhY2VzLlNlYXJjaE5lYXJieRACGAQgAA,ChIJh769PEYZDTkRagfXvcwAsEU
Moulsari Avenue Metro Station,bus_station,bus_station|transit_station|transportation_service|point_of_interest|establishment,,,"The National Media Centre, Sector 24, Gurugram, Haryana 122002, India",4.4,16,OPERATIONAL,https://maps.google.com/?cid=5323472048558998833&g_mp=Cilnb29nbGUubWFwcy5wbGFjZXMudjEuUGxhY2VzLlNlYXJjaE5lYXJieRACGAQgAA,ChIJ0Yq3H0kZDTkRMYUUip_F4Ek
DLF pedestrian Subway crossing,transportation_service,transportation_service|point_of_interest|establishment,,,"A, Shankar Chowk Rd, The National Media Centre, Sector 24, Gurugram, Haryana 122002, India",4.8,4,OPERATIONAL,https://maps.google.com/?cid=16394026388593763458&g_mp=Cilnb29nbGUubWFwcy5wbGFjZXMudjEuUGxhY2VzLlNlYXJjaE5lYXJieRACGAQgAA,ChIJndYXegAZDTkRguSCIiRIg-M
Shankar Chowk (A),bus_stop,bus_stop|transit_stop|transit_station|transportation_service|point_of_interest|establishment,,,"The National Media Centre, Sector 24, Gurugram, Haryana 122002, India",3.6,5,OPERATIONAL,https://maps.google.com/?cid=12862080614366065827&g_mp=Cilnb29nbGUubWFwcy5wbGFjZXMudjEuUGxhY2VzLlNlYXJjaE5lYXJieRACGAQgAA,ChIJqTvNokgZDTkRozS6KyxKf7I
Moulsari Avenue,subway_station,subway_station|transit_station|transportation_service|point_of_interest|establishment,,,"Ambience Island, DLF Phase 3, Sector 24, Gurugram, Haryana 122010, India",4.2,178,OPERATIONAL,https://maps.google.com/?cid=6305123981765101047&g_mp=Cilnb29nbGUubWFwcy5wbGFjZXMudjEuUGxhY2VzLlNlYXJjaE5lYXJieRACGAQgAA,ChIJiyacEEkZDTkR98Xn_dpMgFc
Shankar Chowk Ferry Shuttle Stop,transit_depot,transit_depot|transportation_service|point_of_interest|establishment,,,"G32R+PMM, Phase II, The National Media Centre, Sector 24, Gurugram, Haryana 122002, India",4.8,6,OPERATIONAL,https://maps.google.com/?cid=9925341632820023226&g_mp=Cilnb29nbGUubWFwcy5wbGFjZXMudjEuUGxhY2VzLlNlYXJjaE5lYXJieRACGAQgAA,ChIJs65Gx-wZDTkRug-i2qDlvYk
Ashnarayan RasTogi DLF gurugram haryana company,storage,storage|point_of_interest|establishment,,,"G32W+G52, Moulsari Ave, Ambience Island, The National Media Centre, Sector 24, Gurugram, Haryana 122002, India",,,OPERATIONAL,https://maps.google.com/?cid=4345712672096436027&g_mp=Cilnb29nbGUubWFwcy5wbGFjZXMudjEuUGxhY2VzLlNlYXJjaE5lYXJieRACGAQgAA,ChIJLcdGKgAZDTkRO784lKYSTzw
The Liquor Warehouse,liquor_store,liquor_store|store|point_of_interest|establishment,,,"Ambience Island, DLF Phase 3, Sector 24, Gurugram, Haryana 122002, India",4.3,1181,OPERATIONAL,https://maps.google.com/?cid=6620966953285000320&g_mp=Cilnb29nbGUubWFwcy5wbGFjZXMudjEuUGxhY2VzLlNlYXJjaE5lYXJieRACGAQgAA,ChIJ5-heZYsZDTkRgBwnWF1m4ls
"Open parking, Ambience Island",transportation_service,transportation_service|point_of_interest|establishment,,,"Home V-11/43 Galli, No 11, DLF Phase 3, Sector 24, Gurugram, Haryana 122010, India",5,4,OPERATIONAL,https://maps.google.com/?cid=2541061116124564148&g_mp=Cilnb29nbGUubWFwcy5wbGFjZXMudjEuUGxhY2VzLlNlYXJjaE5lYXJieRACGAQgAA,ChIJDT4bilgZDTkRtIopO5-pQyM
Ambience bike parking,parking_lot,parking_lot|parking|transportation_service|service|point_of_interest|establishment,,,"8, V Block, DLF Phase 3, Sector 24, Gurugram, Haryana 122010, India",,,OPERATIONAL,https://maps.google.com/?cid=8819513199366475653&g_mp=Cilnb29nbGUubWFwcy5wbGFjZXMudjEuUGxhY2VzLlNlYXJjaE5lYXJieRACGAQgAA,ChIJf70fJQAfDTkRhY8b7IY0ZXo
सेक्टर 22,parking_lot,parking_lot|parking|transportation_service|service|point_of_interest|establishment,,,"279, Sector 22 Rd, Sector 22B, Sector 22A, Sector 22, Gurugram, Haryana 122015, India",5,1,OPERATIONAL,https://maps.google.com/?cid=10620571928538337644&g_mp=Cilnb29nbGUubWFwcy5wbGFjZXMudjEuUGxhY2VzLlNlYXJjaE5lYXJieRACGAQgAA,ChIJq8tuTAAZDTkRbFEDGObZY5M
SANDEEP AUTO SARVICE,chauffeur_service,chauffeur_service|transportation_service|point_of_interest|establishment,080766 33031,,"22, JWALA MIL ROADVSEC, Sector 22A, 22, Gurugram, Haryana 122015, India",5,1,OPERATIONAL,https://maps.google.com/?cid=3588748340205519389&g_mp=Cilnb29nbGUubWFwcy5wbGFjZXMudjEuUGxhY2VzLlNlYXJjaE5lYXJieRACGAQgAA,ChIJrZ-RCPQZDTkRHQI59pnLzTE
Palam Vihar Chowk,bus_stop,bus_stop|transit_stop|transit_station|transportation_service|point_of_interest|establishment,,,"Sector 22A, Sector 22, Gurugram, Haryana 122015, India",3.5,10,OPERATIONAL,https://maps.google.com/?cid=9379004422009890595&g_mp=Cilnb29nbGUubWFwcy5wbGFjZXMudjEuUGxhY2VzLlNlYXJjaE5lYXJieRACGAQgAA,ChIJZy2VxG8ZDTkRI6e3aNTqKII
THE LIQUOR WAREHOUSE,liquor_store,liquor_store|store|point_of_interest|establishment,,,"G339+8FF, Old Delhi Gurugram Rd, Electronic City, Phase IV, Udyog Vihar, Sector 19, Gurugram, Haryana 122015, India",,,OPERATIONAL,https://maps.google.com/?cid=15395859450763185816&g_mp=Cilnb29nbGUubWFwcy5wbGFjZXMudjEuUGxhY2VzLlNlYXJjaE5lYXJieRACGAQgAA,ChIJdecJ0m8ZDTkRmI6UhpkUqdU
Udyog Vihar Phase 4,bus_stop,bus_stop|transit_stop|transit_station|transportation_service|point_of_interest|establishment,,,"IDPL Twp, Sector 22A, Sector 19, Gurugram, Haryana 122015, India",,,OPERATIONAL,https://maps.google.com/?cid=9438070565605577311&g_mp=Cilnb29nbGUubWFwcy5wbGFjZXMudjEuUGxhY2VzLlNlYXJjaE5lYXJieRACGAQgAA,ChIJL4qx924ZDTkRX5L9oyzD-oI
East West compny,parking_lot,parking_lot|parking|transportation_service|service|point_of_interest|establishment,,,"G33F+JW5, IDPL Twp, Udyog Vihar, Sector 19, Gurugram, Haryana 122016, India",,,OPERATIONAL,https://maps.google.com/?cid=17873983548720438750&g_mp=Cilnb29nbGUubWFwcy5wbGFjZXMudjEuUGxhY2VzLlNlYXJjaE5lYXJieRACGAQgAA,ChIJT6wLDgAZDTkR3l2oTlYlDfg
Helipad,heliport,heliport|airport|transportation_service|point_of_interest|establishment,,,"G33J+C8C, IDPL Twp, Sector 22A, Sector 19, Gurugram, Haryana 122016, India",4,1,OPERATIONAL,https://maps.google.com/?cid=9847825532953700899&g_mp=Cilnb29nbGUubWFwcy5wbGFjZXMudjEuUGxhY2VzLlNlYXJjaE5lYXJieRACGAQgAA,ChIJ9_rfFgAZDTkRIyq6bSWBqog
Udyog Vihar Phase II/III,bus_stop,bus_stop|transit_stop|transit_station|transportation_service|point_of_interest|establishment,,,"Phase V, Udyog Vihar, Sector 19, Gurugram, Haryana 122016, India",3.5,4,OPERATIONAL,https://maps.google.com/?cid=7786006019842837566&g_mp=Cilnb29nbGUubWFwcy5wbGFjZXMudjEuUGxhY2VzLlNlYXJjaE5lYXJieRACGAQgAA,ChIJ1SMERUQZDTkRPgzJFzlzDWw
DLF Downtown Bus Stop,transit_depot,transit_depot|transportation_service|point_of_interest|establishment,,,"G33V+5GM, Ambience Island, DLF Phase 3, Sector 24, Gurugram, Haryana 122010, India",3.6,7,OPERATIONAL,https://maps.google.com/?cid=16540272196963606174&g_mp=Cilnb29nbGUubWFwcy5wbGFjZXMudjEuUGxhY2VzLlNlYXJjaE5lYXJieRACGAQgAA,ChIJrZ_OCwAZDTkRnh5J1O3ZiuU
Jitendra Travel,taxi_service,taxi_service|transportation_service|point_of_interest|service|establishment,,,"House No 706/3, Phase II, Udyog Vihar, Prem Nagar, Gurugram, Haryana 122022, India",3.7,3,OPERATIONAL,https://maps.google.com/?cid=5723202189940715943&g_mp=Cilnb29nbGUubWFwcy5wbGFjZXMudjEuUGxhY2VzLlNlYXJjaE5lYXJieRACGAQgAA,ChIJA295sSoZDTkRp3EnpRHmbE8
Shankar Chowk (B),bus_stop,bus_stop|transit_stop|transit_station|transportation_service|point_of_interest|establishment,,,"Phase II, Udyog Vihar, Sector 20, Gurugram, Haryana 122016, India",2,2,OPERATIONAL,https://maps.google.com/?cid=1763375933655653327&g_mp=Cilnb29nbGUubWFwcy5wbGFjZXMudjEuUGxhY2VzLlNlYXJjaE5lYXJieRACGAQgAA,ChIJ__qcS08ZDTkRz5sEoxHFeBg
Bike drop,parking_lot,parking_lot|parking|transportation_service|service|point_of_interest|establishment,,,"G33X+GQW, Golf Dr, Ambience Island, DLF Phase 3, Sector 24, Gurugram, Haryana 122010, India",,,OPERATIONAL,https://maps.google.com/?cid=7128110784625595323&g_mp=Cilnb29nbGUubWFwcy5wbGFjZXMudjEuUGxhY2VzLlNlYXJjaE5lYXJieRACGAQgAA,ChIJ_RlBuNYZDTkRu1M9Bf4i7GI
SpeedEx Home Packers And Movers,moving_company,shipping_service|storage|moving_company|transportation_service|point_of_interest|service|establishment,083060 23981,http://speedexpackers.in/,"22, Sector 22 Rd, Mullahera, Sector 22, Gurugram, Haryana 122015, India",4.5,32,OPERATIONAL,https://maps.google.com/?cid=8719293491242237986&g_mp=Cilnb29nbGUubWFwcy5wbGFjZXMudjEuUGxhY2VzLlNlYXJjaE5lYXJieRACGAQgAA,ChIJQaFwpXYZDTkRIoDexTsnAXk
Electric Vehicle Charging Station,electric_vehicle_charging_station,electric_vehicle_charging_station|transportation_service|point_of_interest|establishment,,,"Battery Smart Station, Old Delhi Gurugram Rd, Anfilco Housing Colony, Sector 22A, Sector 22, Gurugram, Haryana 122015, India",5,2,OPERATIONAL,https://maps.google.com/?cid=14680534420557886096&g_mp=Cilnb29nbGUubWFwcy5wbGFjZXMudjEuUGxhY2VzLlNlYXJjaE5lYXJieRACGAQgAA,ChIJZbhk8jIZDTkRkHI_Uka8u8s
Bolt.Earth Charging Station,electric_vehicle_charging_station,electric_vehicle_charging_station|transportation_service|point_of_interest|establishment,084477 46385,https://boltearth.app.link/AOW7xpoV4Zb,"Old Delhi Gurugram Rd, Sector 22A, Sector 22, Gurugram, Haryana 122016, India",5,1,OPERATIONAL,https://maps.google.com/?cid=10484110030522178207&g_mp=Cilnb29nbGUubWFwcy5wbGFjZXMudjEuUGxhY2VzLlNlYXJjaE5lYXJieRACGAQgAA,ChIJfQVY_hsZDTkRn1pii4YKf5E
Tci Freight,transportation_service,transportation_service|point_of_interest|establishment,,,"H5, Anfilco Housing Colony, Udyog Vihar, Sector 22, Gurugram, Haryana 122016, India",5,3,OPERATIONAL,https://maps.google.com/?cid=5782112458450703447&g_mp=Cilnb29nbGUubWFwcy5wbGFjZXMudjEuUGxhY2VzLlNlYXJjaE5lYXJieRACGAQgAA,ChIJ0cA7QgAZDTkRV5RQYaUwPlA
ANURAG PARKING,parking_garage,parking_garage|parking_lot|parking|transportation_service|service|point_of_interest|establishment,077720 62717,,"408, Sohna Road, near by School, Sector 22B, Sector 22A, Sector 22, Gurugram, Haryana 122015, India",,,OPERATIONAL,https://maps.google.com/?cid=3139493018791834043&g_mp=Cilnb29nbGUubWFwcy5wbGFjZXMudjEuUGxhY2VzLlNlYXJjaE5lYXJieRACGAQgAA,ChIJxYho0o4ZDTkRu_HnT0S4kSs
Amazon Now,storage,storage|point_of_interest|establishment,,,"45, Udyog Vihar, Sector 22, Gurugram, Haryana 122016, India",4,2,OPERATIONAL,https://maps.google.com/?cid=3841940960696863580&g_mp=Cilnb29nbGUubWFwcy5wbGFjZXMudjEuUGxhY2VzLlNlYXJjaE5lYXJieRACGAQgAA,ChIJvTjfFQAZDTkRXAtcwvJQUTU
Amazon Now TSE3,storage,storage|point_of_interest|establishment,,,"45, Udyog Vihar, Sector 22, Gurugram, Haryana 122016, India",5,2,OPERATIONAL,https://maps.google.com/?cid=5854432252781369948&g_mp=Cilnb29nbGUubWFwcy5wbGFjZXMudjEuUGxhY2VzLlNlYXJjaE5lYXJieRACGAQgAA,ChIJg2-FIwAZDTkRXJqfpB0fP1E
Shree Maruti Courier Service - Sector 19,courier_service,courier_service|shipping_service|service|point_of_interest|establishment,093108 01690,https://nearme.shreemaruti.com/locator/gurugram/Sector-19/shree-maruti-courier-service-in-Sector-19-gurugram--6bozQq/home,"Shop 6, Baba Bhavan, Nearby Krishna Chowk, Sector 22 Rd, IDPL Twp, Sector 22A, Sector 19, Gurugram, Haryana 122016, India",,,OPERATIONAL,https://maps.google.com/?cid=146042256738974689&g_mp=Cilnb29nbGUubWFwcy5wbGFjZXMudjEuUGxhY2VzLlNlYXJjaE5lYXJieRACGAQgAA,ChIJcQDglwAZDTkR4Xsfo6jYBgI
DTDC Courier,corporate_office,corporate_office|point_of_interest|establishment,,,"G34C+GFV, IDPL Twp, Sector 22A, Sector 19, Gurugram, Haryana 122016, India",,,OPERATIONAL,https://maps.google.com/?cid=14068552284257246446&g_mp=Cilnb29nbGUubWFwcy5wbGFjZXMudjEuUGxhY2VzLlNlYXJjaE5lYXJieRACGAQgAA,ChIJu2kR-2YZDTkR7twpn8OJPcM
Corporate Cargo Solutions,travel_agency,travel_agency|service|point_of_interest|establishment,095990 39872,https://corporatecargosolutions.com/,"3, Baba Bhawa, Sector 228, Krishna Chowk, Old Delhi Gurugram Road, Gurugram, NCR, IDPL Twp, Sector 22A, Sector 19, Region, Gurugram, Haryana 122016, India",3.7,3,OPERATIONAL,https://maps.google.com/?cid=3085960027332968529&g_mp=Cilnb29nbGUubWFwcy5wbGFjZXMudjEuUGxhY2VzLlNlYXJjaE5lYXJieRACGAQgAA,ChIJp4JegWUZDTkRUYA8dEuI0yo
Sector-21/22,transit_station,transit_station|transportation_service|point_of_interest|establishment,,,"Sector 22A, Gurugram, Haryana 122016, India",5,1,OPERATIONAL,https://maps.google.com/?cid=2156994789356743732&g_mp=Cilnb29nbGUubWFwcy5wbGFjZXMudjEuUGxhY2VzLlNlYXJjaE5lYXJieRACGAQgAA,ChIJ2-e_hGUZDTkRNCz6KVUv7x0
Shree Krishna Chowk,bus_stop,bus_stop|transit_stop|transit_station|transportation_service|point_of_interest|establishment,,,"Anfilco Housing Colony, Sector 22A, Sector 22, Gurugram, Haryana 122016, India",4,2,OPERATIONAL,https://maps.google.com/?cid=13408789073783035538&g_mp=Cilnb29nbGUubWFwcy5wbGFjZXMudjEuUGxhY2VzLlNlYXJjaE5lYXJieRACGAQgAA,ChIJh1Vcg2UZDTkRkhb6qp6WFbo
Shree Krishna Chowk,bus_stop,bus_stop|transit_stop|transit_station|transportation_service|point_of_interest|establishment,,,"IDPL Twp, Sector 22A, Sector 19, Gurugram, Haryana 122016, India",3,2,OPERATIONAL,https://maps.google.com/?cid=2984369089367952447&g_mp=Cilnb29nbGUubWFwcy5wbGFjZXMudjEuUGxhY2VzLlNlYXJjaE5lYXJieRACGAQgAA,ChIJkcsYhWUZDTkRP8xu-t-baik
PEGASUS,transportation_service,transportation_service|point_of_interest|establishment,,,"Plot no. 327, Ground Floor, Phase IV, Sector 22A, Sector 19, Gurugram, Haryana 122016, India",,,OPERATIONAL,https://maps.google.com/?cid=12609493816619932933&g_mp=Cilnb29nbGUubWFwcy5wbGFjZXMudjEuUGxhY2VzLlNlYXJjaE5lYXJieRACGAQgAA,ChIJAQAAQGYZDTkRBZ0dedHr_a4
Shankar Chowk s - block e-rickshaw,parking_lot,parking_lot|parking|transportation_service|service|point_of_interest|establishment,,,"G35J+7M3, Shankar Chowk Rd, Udyog Vihar Phase 1, Udyog Vihar, Sector 20, Gurugram, Haryana 122016, India",3.3,4,OPERATIONAL,https://maps.google.com/?cid=9545292339731503720&g_mp=Cilnb29nbGUubWFwcy5wbGFjZXMudjEuUGxhY2VzLlNlYXJjaE5lYXJieRACGAQgAA,ChIJHQetcP8ZDTkRaBr0Us-wd4Q
Udyog Vihar,transit_station,transit_station|transportation_service|point_of_interest|establishment,,,"Udyog Vihar, Gurugram, Haryana 122016, India",5,1,OPERATIONAL,https://maps.google.com/?cid=13048088658922978501&g_mp=Cilnb29nbGUubWFwcy5wbGFjZXMudjEuUGxhY2VzLlNlYXJjaE5lYXJieRACGAQgAA,ChIJyYa7RkMZDTkRxTzo6IAfFLU
SATKAR TEMPO SERVICE,transportation_service,transportation_service|point_of_interest|establishment,,,"G34M+HGF, Shankar Chowk Rd, Phase V, Udyog Vihar, Sector 20, Gurugram, Haryana 122016, India",,,OPERATIONAL,https://maps.google.com/?cid=6558841986176753053&g_mp=Cilnb29nbGUubWFwcy5wbGFjZXMudjEuUGxhY2VzLlNlYXJjaE5lYXJieRACGAQgAA,ChIJjw2AOEMZDTkRnZ37QwmwBVs
Udyog Vihar Phase V,bus_stop,bus_stop|transit_stop|transit_station|transportation_service|point_of_interest|establishment,,,"Udyog Vihar Phase 1, Udyog Vihar, Sector 20, Gurugram, Haryana 122016, India",3.6,9,OPERATIONAL,https://maps.google.com/?cid=7514322532116379096&g_mp=Cilnb29nbGUubWFwcy5wbGFjZXMudjEuUGxhY2VzLlNlYXJjaE5lYXJieRACGAQgAA,ChIJTfCIRkMZDTkR2LWCxoc8SGg
Shri Krishan Dhram Kata,transportation_service,transportation_service|point_of_interest|establishment,099131 37381,,"3. Plot. 718719 Shnkar Chock Udhyog Cihar Gurugram, Udyog Vihar Phase 1, Udyog Vihar, Sector 20, Delhi, Gurugram, Haryana 122016, India",5,1,OPERATIONAL,https://maps.google.com/?cid=7638807995261228842&g_mp=Cilnb29nbGUubWFwcy5wbGFjZXMudjEuUGxhY2VzLlNlYXJjaE5lYXJieRACGAQgAA,ChIJQY39R0MZDTkRKpf1SGZ_Amo
Vaishali Enterprises Car Parking,parking_lot,parking_lot|parking|transportation_service|point_of_interest|service|establishment,,,"Plot no - 395, Phase III, Udyog Vihar, Sector 19, Gurugram, Haryana 122016, India",1.3,3,OPERATIONAL,https://maps.google.com/?cid=185502148351248304&g_mp=Cilnb29nbGUubWFwcy5wbGFjZXMudjEuUGxhY2VzLlNlYXJjaE5lYXJieRACGAQgAA,ChIJde8407EZDTkRsEeMmTgJkwI
Gurugram Gurgaon - Delhi Expressway,bus_stop,bus_stop|transit_stop|transit_station|transportation_service|point_of_interest|establishment,,,"Udyog Vihar III, Sector 20, Gurugram, Haryana 122016, India",,,OPERATIONAL,https://maps.google.com/?cid=4684804294969252532&g_mp=Cilnb29nbGUubWFwcy5wbGFjZXMudjEuUGxhY2VzLlNlYXJjaE5lYXJieRACGAQgAA,ChIJw7AdWE4ZDTkRtNrdY6_EA0E
Gurugram - Delhi Toll/Ambience Mall (Pickup by cab),bus_stop,bus_stop|transit_stop|transit_station|transportation_service|point_of_interest|establishment,,,"Rajokri Village, Rajokri, Gurugram, Haryana 122016, India",,,OPERATIONAL,https://maps.google.com/?cid=14161676864561404370&g_mp=Cilnb29nbGUubWFwcy5wbGFjZXMudjEuUGxhY2VzLlNlYXJjaE5lYXJieRACGAQgAA,ChIJkSB8ak4ZDTkR0tkMmBNiiMQ
Murli Battery Smart,electric_vehicle_charging_station,electric_vehicle_charging_station|transportation_service|point_of_interest|establishment,,,"Shop No. - 2, Huda Market, Sector 22B Rd, near community centre, Mullahera, Sector 22, Gurugram, Haryana 122015, India",5,4,OPERATIONAL,https://maps.google.com/?cid=13184987896559091185&g_mp=Cilnb29nbGUubWFwcy5wbGFjZXMudjEuUGxhY2VzLlNlYXJjaE5lYXJieRACGAQgAA,ChIJPcsOJBgZDTkR8b06hqJ8-rY
Roy Place Gurgoun,transportation_service,transportation_service|point_of_interest|establishment,,,"Plot 785, Sector 22B, 22B, Sector 22, Gurugram, Haryana 122015, India",5,2,OPERATIONAL,https://maps.google.com/?cid=11084627716772513831&g_mp=Cilnb29nbGUubWFwcy5wbGFjZXMudjEuUGxhY2VzLlNlYXJjaE5lYXJieRACGAQgAA,ChIJV7u9pLEZDTkRJ8is9S2C1Jk
HMSKY58,toll_station,toll_station|transportation_service|point_of_interest|establishment,098187 43388,,"IDPL Twp, Sector 22A, Sector 19, Gurugram, Haryana 122016, India",,,CLOSED_TEMPORARILY,https://maps.google.com/?cid=16590041320845416219&g_mp=Cilnb29nbGUubWFwcy5wbGFjZXMudjEuUGxhY2VzLlNlYXJjaE5lYXJieRACGAQgAA,ChIJh-ip-aoZDTkRGxcL-q6qO-Y
Samabary,storage,storage|point_of_interest|establishment,,,"G35G+53R, IDPL Twp, Sector 22A, Sector 19, Gurugram, Haryana 122016, India",,,OPERATIONAL,https://maps.google.com/?cid=3168276268078368665&g_mp=Cilnb29nbGUubWFwcy5wbGFjZXMudjEuUGxhY2VzLlNlYXJjaE5lYXJieRACGAQgAA,ChIJH362KAAZDTkRmYccxXr69ys
Ram Chowk Dundahera,bus_stop,bus_stop|transit_stop|transit_station|transportation_service|point_of_interest|establishment,,,"IDPL Twp, Sector 22A, Sector 19, Gurugram, Haryana 122016, India",5,2,OPERATIONAL,https://maps.google.com/?cid=16715056251194829859&g_mp=Cilnb29nbGUubWFwcy5wbGFjZXMudjEuUGxhY2VzLlNlYXJjaE5lYXJieRACGAQgAA,ChIJfXpugGcZDTkRI-wjrRnP9-c
Udyog vihar,storage,storage|point_of_interest|establishment,,,"276, Udyog Vihar II Rd, Udyog Vihar Phase 1, Udyog Vihar, Sector 20, Gurugram, Haryana 122016, India",,,OPERATIONAL,https://maps.google.com/?cid=622966747806015620&g_mp=Cilnb29nbGUubWFwcy5wbGFjZXMudjEuUGxhY2VzLlNlYXJjaE5lYXJieRACGAQgAA,ChIJPWAPMAAZDTkRhKDb3fQ4pQg
Trust Move Office Relocation Service Gurgaon,transportation_service,transportation_service|point_of_interest|establishment,077018 44410,https://trustmove.in/office-relocation-services-in-gurgaon/,"Office No.507, Metro / Main Road, Maruti Suzuki Industrial Area, near Udyog Vihar Phase III, Udyog Vihar III, Sector 20, Gurugram, Haryana 122016, India",5,8,OPERATIONAL,https://maps.google.com/?cid=10109936606574769442&g_mp=Cilnb29nbGUubWFwcy5wbGFjZXMudjEuUGxhY2VzLlNlYXJjaE5lYXJieRACGAQgAA,ChIJC0ahZZ4ZDTkRInWbaMe1TYw
Airbus India Training Centre,educational_institution,transportation_service|educational_institution|point_of_interest|establishment,011 4580 1300,http://airbus.com/,"509, Udyog Vihar II Rd, Phase III, Udyog Vihar III, Sector 20, Gurugram, Haryana 122016, India",4.6,100,CLOSED_TEMPORARILY,https://maps.google.com/?cid=1664921974914904778&g_mp=Cilnb29nbGUubWFwcy5wbGFjZXMudjEuUGxhY2VzLlNlYXJjaE5lYXJieRACGAQgAA,ChIJxbu7RdkZDTkRynKLDbf9Ghc
Shiprocket,courier_service,courier_service|shipping_service|service|point_of_interest|establishment,,https://www.shiprocket.in/,"416, Udyog Vihar III, Sector 20, Gurugram, Haryana 122016, India",3.8,14413,OPERATIONAL,https://maps.google.com/?cid=2619637573720762004&g_mp=Cilnb29nbGUubWFwcy5wbGFjZXMudjEuUGxhY2VzLlNlYXJjaE5lYXJieRACGAQgAA,ChIJpUiQoOThDDkRlGbkbX7SWiQ
Nippon Express India Pvt Ltd.,shipping_service,shipping_service|corporate_office|transportation_service|service|point_of_interest|establishment,0124 499 4200,http://www.nipponexpress.com/,"G35Q+QW6, Unnamed Road, Dundahera Village, Sector 20, Gurugram, Haryana 122016, India",4.1,96,OPERATIONAL,https://maps.google.com/?cid=16231295592207110477&g_mp=Cilnb29nbGUubWFwcy5wbGFjZXMudjEuUGxhY2VzLlNlYXJjaE5lYXJieRACGAQgAA,ChIJq6qq6j8ZDTkRTVHeEVglQeE
Piyu NHAI,bus_stop,bus_stop|transit_stop|transit_station|transportation_service|point_of_interest|establishment,,,"Kapas Hera Estate, Gurugram, Haryana 122016, India",4,2,OPERATIONAL,https://maps.google.com/?cid=3945595700339953780&g_mp=Cilnb29nbGUubWFwcy5wbGFjZXMudjEuUGxhY2VzLlNlYXJjaE5lYXJieRACGAQgAA,ChIJ0zAyRlAZDTkRdFASgmKSwTY
SS Innovations International Inc,consultant,health|consultant|service|point_of_interest|establishment,073375 53469,https://ssinnovations.com/,"3rd Floor, iLabs Center, 404-405, Phase III, Udyog Vihar III, Sector 20, Gurugram, Haryana 122016, India",4.6,21,OPERATIONAL,https://maps.google.com/?cid=1541468549472773822&g_mp=Cilnb29nbGUubWFwcy5wbGFjZXMudjEuUGxhY2VzLlNlYXJjaE5lYXJieRACGAQgAA,ChIJD1RKUIEZDTkRvubCi3plZBU
Gurgaon Toll Plaza,bus_stop,bus_stop|transit_stop|transit_station|transportation_service|point_of_interest|establishment,,,"Kapas Hera Estate, Gurugram, Haryana 122016, India",,,OPERATIONAL,https://maps.google.com/?cid=8060494980994998290&g_mp=Cilnb29nbGUubWFwcy5wbGFjZXMudjEuUGxhY2VzLlNlYXJjaE5lYXJieRACGAQgAA,ChIJh5iaR1AZDTkREqAGmHqh3G8
ScaleUp InfraTech,storage,storage|point_of_interest|establishment,098115 48432,https://scaleupinfratech.com/,"352, Sector 21A, Sector 21, Gurugram, Delhi, Haryana 122015, India",5,1,OPERATIONAL,https://maps.google.com/?cid=2357786751114472672&g_mp=Cilnb29nbGUubWFwcy5wbGFjZXMudjEuUGxhY2VzLlNlYXJjaE5lYXJieRACGAQgAA,ChIJmR4legkZDTkR4OxM3I6KuCA
Aspirant Anthem Academy,educational_institution,educational_institution|point_of_interest|establishment,098702 14729,,"Plot No. 1367, Ram Chowk, near Professional Courier, Dundahera Village, Sector 20, Gurugram, Haryana 122016, India",5,6,OPERATIONAL,https://maps.google.com/?cid=13055037447996565299&g_mp=Cilnb29nbGUubWFwcy5wbGFjZXMudjEuUGxhY2VzLlNlYXJjaE5lYXJieRACGAQgAA,ChIJeaAbjVcZDTkRM-dB8WPPLLU
2Wheels by GoMechanic - Lucky Bike Service Center,car_repair,parking_garage|parking_lot|parking|transportation_service|car_repair|service|point_of_interest|establishment,092669 08222,https://gomechanic.app.link/gmb,"Jangra Bazar, Plot No .125, Udyog Vihar Phase 1, Dundahera Village, Sector 20, Gurugram, Haryana 122016, India",4.9,7,OPERATIONAL,https://maps.google.com/?cid=6405752730134765399&g_mp=Cilnb29nbGUubWFwcy5wbGFjZXMudjEuUGxhY2VzLlNlYXJjaE5lYXJieRACGAQgAA,ChIJheUe6F0ZDTkRV9-rPivO5Vg
Global Cargo Connect,courier_service,courier_service|shipping_service|service|point_of_interest|establishment,,https://www.dtdc.in/,"G-4, opp. 127, Udyog Vihar Phase 1, Udyog Vihar, DHUDERA VILLAGE, Gurugram, Haryana 122016, India",5,5,OPERATIONAL,https://maps.google.com/?cid=12483968600669672788&g_mp=Cilnb29nbGUubWFwcy5wbGFjZXMudjEuUGxhY2VzLlNlYXJjaE5lYXJieRACGAQgAA,ChIJ5zXs_jQZDTkRVNULpkz3P60
Shanti International Cargo Services Pvt Ltd.,courier_service,courier_service|shipping_service|transportation_service|service|point_of_interest|establishment,,http://www.shantiexpress.in/,"Shop, N-8, opp. Plot No 127, Udyog Vihar Phase 1, Dundahera Village, Sector 20, Gurugram, Haryana 122016, India",4,1,OPERATIONAL,https://maps.google.com/?cid=12289772274163011604&g_mp=Cilnb29nbGUubWFwcy5wbGFjZXMudjEuUGxhY2VzLlNlYXJjaE5lYXJieRACGAQgAA,ChIJj8ak7l0ZDTkRFFDu88QKjqo
Traveling Agency,taxi_service,taxi_service|transportation_service|service|point_of_interest|establishment,098083 67517,,"Shop No. 112, Udyog Vihar Phase 1, Udyog Vihar, Sector 20, Gurugram, Haryana 122016, India",5,1,OPERATIONAL,https://maps.google.com/?cid=14949684144789337465&g_mp=Cilnb29nbGUubWFwcy5wbGFjZXMudjEuUGxhY2VzLlNlYXJjaE5lYXJieRACGAQgAA,ChIJE-OSdq8ZDTkReTV12oXyd88
Cds Highways Private Limited,transportation_service,transportation_service|point_of_interest|establishment,,,"390, Udyog Vihar Phase III, Udyog Vihar, Sector 19, Gurugram, Haryana 122016, India",,,OPERATIONAL,https://maps.google.com/?cid=3786667760196207394&g_mp=Cilnb29nbGUubWFwcy5wbGFjZXMudjEuUGxhY2VzLlNlYXJjaE5lYXJieRACGAQgAA,ChIJVVXFqkUZDTkRIkPr6EPyjDQ
Bird Execujet Airport Services,transportation_service,transportation_service|point_of_interest|establishment,,,"422, Udyog Vihar Phase III, Udyog Vihar, Sector 19, Gurugram, Haryana 122016, India",,,OPERATIONAL,https://maps.google.com/?cid=2772554172187870498&g_mp=Cilnb29nbGUubWFwcy5wbGFjZXMudjEuUGxhY2VzLlNlYXJjaE5lYXJieRACGAQgAA,ChIJr5PTsVsZDTkRIgXJeVQXeiY
Gurgaon Delhi border,transportation_service,transportation_service|point_of_interest|establishment,,,"Gurgaon - Delhi Expressway, G36V+X44, Village, Block B, Mahipalpur, New Delhi, Gurugram, Delhi 122016, India",3.3,6,CLOSED_TEMPORARILY,https://maps.google.com/?cid=12187961206783515648&g_mp=Cilnb29nbGUubWFwcy5wbGFjZXMudjEuUGxhY2VzLlNlYXJjaE5lYXJieRACGAQgAA,ChIJY2xKWgAZDTkRAJySmiRWJKk
Udhyog Vihar Delhi Toll Booth,transportation_service,transportation_service|point_of_interest|establishment,,,"G36V+F35, Udyog Vihar III, Sector 20, Gurugram, Haryana 122016, India",1,1,OPERATIONAL,https://maps.google.com/?cid=15072382806918169810&g_mp=Cilnb29nbGUubWFwcy5wbGFjZXMudjEuUGxhY2VzLlNlYXJjaE5lYXJieRACGAQgAA,ChIJ-wdxFgAZDTkR0gQQVU7cK9E
MCD Toll Plaza,toll_station,toll_station|transportation_service|point_of_interest|establishment,,,"521, Jaipur - Delhi Expy, Udyog Vihar III, Sector 20, Gurugram, Haryana 122016, India",2.9,1885,OPERATIONAL,https://maps.google.com/?cid=370689865562511556&g_mp=Cilnb29nbGUubWFwcy5wbGFjZXMudjEuUGxhY2VzLlNlYXJjaE5lYXJieRACGAQgAA,ChIJt7Dz6lAZDTkRxNiw_nf0JAU
Municipal Corporation Department HooliganismToll (MCD Tax),toll_station,toll_station|transportation_service|point_of_interest|establishment,011 2507 4100,,"G36R+CXW, Gurgaon - Delhi Expy, Rajokri Village, Rajokri, Gurugram, Delhi 122016, India",3,1234,OPERATIONAL,https://maps.google.com/?cid=9867876036451481659&g_mp=Cilnb29nbGUubWFwcy5wbGFjZXMudjEuUGxhY2VzLlNlYXJjaE5lYXJieRACGAQgAA,ChIJOeGC8VAZDTkRO7hHEPm88Yg
Mata mandar,transportation_service,transportation_service|point_of_interest|establishment,,,"G37V+2CP, Rajokri Village, Rajokri, Gurugram, Haryana 122016, India",,,OPERATIONAL,https://maps.google.com/?cid=11756144927663927023&g_mp=Cilnb29nbGUubWFwcy5wbGFjZXMudjEuUGxhY2VzLlNlYXJjaE5lYXJieRACGAQgAA,ChIJk8oaRgAZDTkR7y5rZYY3JqM
Hariyana Bordar,bus_stop,bus_stop|transit_stop|transit_station|transportation_service|point_of_interest|establishment,,,"Rajokri Village, Rajokri, Gurugram, Haryana 122016, India",,,OPERATIONAL,https://maps.google.com/?cid=14356483777757375197&g_mp=Cilnb29nbGUubWFwcy5wbGFjZXMudjEuUGxhY2VzLlNlYXJjaE5lYXJieRACGAQgAA,ChIJPeTC2VAZDTkR3erilO55PMc
Hariyana Bordar,bus_stop,bus_stop|transit_stop|transit_station|transportation_service|point_of_interest|establishment,,,"Kapas Hera Estate, Gurugram, Haryana 122016, India",2,1,OPERATIONAL,https://maps.google.com/?cid=13189907413023079535&g_mp=Cilnb29nbGUubWFwcy5wbGFjZXMudjEuUGxhY2VzLlNlYXJjaE5lYXJieRACGAQgAA,ChIJyXwmuFAZDTkRbzyItej2C7c
Anand pal tempo service,transportation_service,transportation_service|point_of_interest|establishment,,,"G464+W45, Rajokri Village, Rajokri, New Delhi, Delhi 110038, India",,,OPERATIONAL,https://maps.google.com/?cid=11099122032907859201&g_mp=Cilnb29nbGUubWFwcy5wbGFjZXMudjEuUGxhY2VzLlNlYXJjaE5lYXJieRACGAQgAA,ChIJy6mh9OofDTkRATUv6q4ACJo
Bimlesh taxi service,taxi_service,taxi_service|transportation_service|point_of_interest|service|establishment,,,"Rajokari, near barat ghar, Rajokri Village, Rajokri, New Delhi, Delhi 110038, India",4,2,OPERATIONAL,https://maps.google.com/?cid=8574550787233317168&g_mp=Cilnb29nbGUubWFwcy5wbGFjZXMudjEuUGxhY2VzLlNlYXJjaE5lYXJieRACGAQgAA,ChIJj5HE7TUfDTkRMIGW1YLs_nY
Urban Club Logistics India Pvt Ltd,manufacturer,manufacturer|point_of_interest|establishment,,http://urbanclub.co.in/,"packers and movers in rajokri movers and packers rajokri delhi, G465+G94, Rajokri Village, Rajokri, New Delhi, Delhi 110038, India",5,1,CLOSED_TEMPORARILY,https://maps.google.com/?cid=10324968674999526464&g_mp=Cilnb29nbGUubWFwcy5wbGFjZXMudjEuUGxhY2VzLlNlYXJjaE5lYXJieRACGAQgAA,ChIJNUdbz9kfDTkRQORhTk6oSY8
Chhavi transport pvt LTD,car_rental,car_rental|service|point_of_interest|establishment,,,"1248, Sector 21, Gurugram, Haryana 122016, India",5,1,OPERATIONAL,https://maps.google.com/?cid=63073861616211529&g_mp=Cilnb29nbGUubWFwcy5wbGFjZXMudjEuUGxhY2VzLlNlYXJjaE5lYXJieRACGAQgAA,ChIJVTWJSAAZDTkRSRY_zFcV4AA
Muskan tour and travels,transportation_service,transportation_service|point_of_interest|establishment,,,"1125, Sector 21, Gurugram, Haryana 122016, India",,,OPERATIONAL,https://maps.google.com/?cid=14003030879863617543&g_mp=Cilnb29nbGUubWFwcy5wbGFjZXMudjEuUGxhY2VzLlNlYXJjaE5lYXJieRACGAQgAA,ChIJr5t6OwAZDTkRB7gY3WTCVMI
mandi parking,parking_garage,parking_garage|parking_lot|parking|transportation_service|service|point_of_interest|establishment,,,"G37F+MP7, Sector 21, Gurugram, Haryana 122016, India",4.3,6,OPERATIONAL,https://maps.google.com/?cid=840645817192188379&g_mp=Cilnb29nbGUubWFwcy5wbGFjZXMudjEuUGxhY2VzLlNlYXJjaE5lYXJieRACGAQgAA,ChIJxxoIVikZDTkR24mos-qSqgs
ASTC SUPPLY CHAIN SOLUTIONS PRIVATE LIMITED,transportation_service,transportation_service|point_of_interest|establishment,098116 87957,https://astcsupplychain.com/,"4159, Mata Wali Gali, opp. SBI ATM, Tibri Mohala, Rajendra Park, Sector 20, Gurugram, Haryana 122016, India",5,81,OPERATIONAL,https://maps.google.com/?cid=6513872746412388033&g_mp=Cilnb29nbGUubWFwcy5wbGFjZXMudjEuUGxhY2VzLlNlYXJjaE5lYXJieRACGAQgAA,ChIJ1_rIkmAZDTkRwS4COsDsZVo
Deccan Odyssey,tour_agency,tour_agency|travel_agency|transportation_service|service|point_of_interest|establishment,,https://www.deccanodyssey.org/,"Plot no. 108, 1st & 2nd Floor, Udyog Vihar Phase 1, Udyog Vihar, Sector 20, Gurugram, Haryana 122016, India",5,2,OPERATIONAL,https://maps.google.com/?cid=14863799771968415186&g_mp=Cilnb29nbGUubWFwcy5wbGFjZXMudjEuUGxhY2VzLlNlYXJjaE5lYXJieRACGAQgAA,ChIJQwXDqAsZDTkR0qW1DCTTRs4
transport union,transportation_service,transportation_service|point_of_interest|establishment,085100 06062,,"Dundahera Village, Sector 20, Gurugram, Haryana 122016, India",4.4,11,OPERATIONAL,https://maps.google.com/?cid=1503323717158418870&g_mp=Cilnb29nbGUubWFwcy5wbGFjZXMudjEuUGxhY2VzLlNlYXJjaE5lYXJieRACGAQgAA,ChIJIR2DeksZDTkRtrmlr_Tg3BQ
Bustro car,parking_lot,parking_lot|parking|transportation_service|service|point_of_interest|establishment,,,"D Block, D Block, Kapas Hera Estate, New Delhi, Delhi 110097, India",,,OPERATIONAL,https://maps.google.com/?cid=11197988308877308273&g_mp=Cilnb29nbGUubWFwcy5wbGFjZXMudjEuUGxhY2VzLlNlYXJjaE5lYXJieRACGAQgAA,ChIJ2flNdwAZDTkRcfGblQk_Z5s
Great Global Group Warehouse,storage,storage|point_of_interest|establishment,,,"D Block, Kapas Hera Estate, New Delhi, Delhi 110097, India",2.5,2,OPERATIONAL,https://maps.google.com/?cid=16358674303957749416&g_mp=Cilnb29nbGUubWFwcy5wbGFjZXMudjEuUGxhY2VzLlNlYXJjaE5lYXJieRACGAQgAA,ChIJ57VCZh4ZDTkRqE62g5uvBeM
Gurgaon Toll Ferri Shuttle Stop,transit_depot,transit_depot|transportation_service|point_of_interest|establishment,,,"G37V+RF5, Rajokri Village, Rajokri, New Delhi, Delhi 110097, India",2.3,7,OPERATIONAL,https://maps.google.com/?cid=12982198756597786401&g_mp=Cilnb29nbGUubWFwcy5wbGFjZXMudjEuUGxhY2VzLlNlYXJjaE5lYXJieRACGAQgAA,ChIJ4y0XOuIZDTkRIWeHivwIKrQ
Vijay Communication,chauffeur_service,chauffeur_service|transportation_service|point_of_interest|establishment,096253 81041,,"Airforce Camp, Rajokri, New Delhi, Delhi 110038, India",,,OPERATIONAL,https://maps.google.com/?cid=2746792377287966720&g_mp=Cilnb29nbGUubWFwcy5wbGFjZXMudjEuUGxhY2VzLlNlYXJjaE5lYXJieRACGAQgAA,ChIJIyNzQqseDTkRAAAAMB2RHiY
Elite Global Business Service Private Limited,storage,storage|point_of_interest|establishment,,http://www.elite-india.com/,"G474+J6Q, Rajokri Rd, Rajokri Village, Rajokri, New Delhi, Delhi 110038, India",5,4,OPERATIONAL,https://maps.google.com/?cid=3748231128453602685&g_mp=Cilnb29nbGUubWFwcy5wbGFjZXMudjEuUGxhY2VzLlNlYXJjaE5lYXJieRACGAQgAA,ChIJ-deKJQAfDTkRfd2JM1pkBDQ
HARTRON Parking,parking_lot,parking_lot|parking|transportation_service|point_of_interest|service|establishment,,,"G38J+W73, Dundahera Village, Sector 20, Gurugram, Haryana 122016, India",4.3,3,OPERATIONAL,https://maps.google.com/?cid=8261281197217224873&g_mp=Cilnb29nbGUubWFwcy5wbGFjZXMudjEuUGxhY2VzLlNlYXJjaE5lYXJieRACGAQgAA,ChIJc5NW6jAZDTkRqRi_jXr3pXI
Mahesh Kumar,chauffeur_service,chauffeur_service|transportation_service|point_of_interest|establishment,070780 46199,,"Shop No4 Sector 20 Phesa Market, Dundahera Village, Sector 20, Gurugram, Haryana 122016, India",,,OPERATIONAL,https://maps.google.com/?cid=9837026691663776484&g_mp=Cilnb29nbGUubWFwcy5wbGFjZXMudjEuUGxhY2VzLlNlYXJjaE5lYXJieRACGAQgAA,ChIJhRuFmXwZDTkR5MqnQqgjhIg
Daakit Gurugram Office,courier_service,courier_service|shipping_service|point_of_interest|service|establishment,092664 26868,https://www.daakit.com/,"Plot No. 1, Udyog Vihar Phase 1, Udyog Vihar, Sector 20, Gurugram, Haryana 122016, India",4.6,23,OPERATIONAL,https://maps.google.com/?cid=10590204509220799178&g_mp=Cilnb29nbGUubWFwcy5wbGFjZXMudjEuUGxhY2VzLlNlYXJjaE5lYXJieRACGAQgAA,ChIJdVldbwDfDDkRyoLYTuT295I
COCOCART WAREHOUSE,chocolate_shop,chocolate_shop|candy_store|dessert_shop|confectionery|food_store|store|point_of_interest|food|establishment,082879 12929,https://cococart.in/,"Cococart venture private limited 2nd floor mustatil no 39 Killa no 19 & mustatil no 41, Killa no 02, revenue estate of village, Kapas Hera, border, New Delhi, Delhi 110097, India",3.9,15,OPERATIONAL,https://maps.google.com/?cid=16741947161326125743&g_mp=Cilnb29nbGUubWFwcy5wbGFjZXMudjEuUGxhY2VzLlNlYXJjaE5lYXJieRACGAQgAA,ChIJJ10LOesbDTkRrwI0lz1YV-g
Aadhar Mectech Private Limited,storage,storage|point_of_interest|establishment,072900 90883,,"Mustatil 41 Killa No. 2 & Mustatil, 37 Killa No. 19, Border, behind IGL CNG Pump, D Block, Kapas Hera, New Delhi, Delhi 110097, India",4,4,OPERATIONAL,https://maps.google.com/?cid=15600952477541311643&g_mp=Cilnb29nbGUubWFwcy5wbGFjZXMudjEuUGxhY2VzLlNlYXJjaE5lYXJieRACGAQgAA,ChIJ43dmcV8ZDTkRm6SZ9Z63gdg
Mann tours,transportation_service,transportation_service|point_of_interest|establishment,,,"Firm No 1, D Block, Kapas Hera Estate, New Delhi, Delhi 110097, India",4.3,23,OPERATIONAL,https://maps.google.com/?cid=4184831094925951638&g_mp=Cilnb29nbGUubWFwcy5wbGFjZXMudjEuUGxhY2VzLlNlYXJjaE5lYXJieRACGAQgAA,ChIJRzul7BcZDTkRlgISarWBEzo
Pace Fleet Management Pvt Ltd,transportation_service,transportation_service|point_of_interest|establishment,011 4603 7207,,"NH48, Khasra No 34/16 Ground floor, D Block, Kapashera, Delhi, New Delhi, Delhi 110097, India",3.8,19,OPERATIONAL,https://maps.google.com/?cid=315935438010491750&g_mp=Cilnb29nbGUubWFwcy5wbGFjZXMudjEuUGxhY2VzLlNlYXJjaE5lYXJieRACGAQgAA,ChIJr-4RK-QbDTkRZqOSYpttYgQ
DTDC COURIER,government_office,government_office|point_of_interest|establishment,098185 53051,,"540, Rajokri Village, Rajokri, New Delhi, Delhi 110038, India",5,1,OPERATIONAL,https://maps.google.com/?cid=9698622234645549008&g_mp=Cilnb29nbGUubWFwcy5wbGFjZXMudjEuUGxhY2VzLlNlYXJjaE5lYXJieRACGAQgAA,ChIJ-bK-s9kfDTkR0M_AcoltmIY
"Euro Cars, New Delhi",taxi_service,taxi_service|transportation_service|service|point_of_interest|establishment,022 4939 4949,,"3, Unnamed Road, Rajokri Village, Rajokri, New Delhi, Delhi 110038, India",4.6,26,OPERATIONAL,https://maps.google.com/?cid=13879641910072839540&g_mp=Cilnb29nbGUubWFwcy5wbGFjZXMudjEuUGxhY2VzLlNlYXJjaE5lYXJieRACGAQgAA,ChIJk4TBqrgfDTkRdA2Em8dknsA
Pushpendra Namdev,taxi_service,taxi_service|transportation_service|service|point_of_interest|establishment,,,"Dwarka Sector 14, near Metro Station, Kapas Hera Extension, Kapas Hera, New Delhi, Delhi, 110097, India",5,1,OPERATIONAL,https://maps.google.com/?cid=985516830183277476&g_mp=Cilnb29nbGUubWFwcy5wbGFjZXMudjEuUGxhY2VzLlNlYXJjaE5lYXJieRACGAQgAA,ChIJ69woHRwbDTkRpEM-51VCrQ0
Pappu khan,storage,storage|point_of_interest|establishment,,,"G39G+J59, Kapas Hera Extension, Kapas Hera, New Delhi, Delhi 110097, India",1,1,OPERATIONAL,https://maps.google.com/?cid=6198149423129747656&g_mp=Cilnb29nbGUubWFwcy5wbGFjZXMudjEuUGxhY2VzLlNlYXJjaE5lYXJieRACGAQgAA,ChIJCc-wTXYbDTkRyOBwpg9ABFY
Sharma transport service,transportation_service,transportation_service|point_of_interest|establishment,,,"102, Kapas Hera Extension, Kapas Hera, New Delhi, Delhi 110097, India",3,2,OPERATIONAL,https://maps.google.com/?cid=7537343631437887113&g_mp=Cilnb29nbGUubWFwcy5wbGFjZXMudjEuUGxhY2VzLlNlYXJjaE5lYXJieRACGAQgAA,ChIJhxmr0x8bDTkRiXboJRkGmmg
SHREE SHYAM DHRAM KATA,bridge,bridge|transportation_service|point_of_interest|establishment,,,"KH NO-39, 3 BAGH WALI, Gali Number 2, Surya Vihar, Kapas Hera, New Delhi, Delhi 110097, India",5,2,OPERATIONAL,https://maps.google.com/?cid=11839885721616592388&g_mp=Cilnb29nbGUubWFwcy5wbGFjZXMudjEuUGxhY2VzLlNlYXJjaE5lYXJieRACGAQgAA,ChIJJ8PNvFkbDTkRBC4tWlW5T6Q
Soniya tour and travels munaa ji,tour_agency,tour_agency|travel_agency|transportation_service|service|point_of_interest|establishment,,,"G39J+P9J, Main Rd, Kapas Hera Extension, Kapas Hera, New Delhi, Delhi 110097, India",,,OPERATIONAL,https://maps.google.com/?cid=11367831412387194155&g_mp=Cilnb29nbGUubWFwcy5wbGFjZXMudjEuUGxhY2VzLlNlYXJjaE5lYXJieRACGAQgAA,ChIJrZ3KUwAbDTkRK6XdsXCmwp0
Sonia tour and travels,tour_agency,tour_agency|travel_agency|transportation_service|service|point_of_interest|establishment,,,"G39J+P9J, Main Rd, Kapas Hera Extension, Kapas Hera, New Delhi, Delhi 110097, India",,,OPERATIONAL,https://maps.google.com/?cid=10089766820902649909&g_mp=Cilnb29nbGUubWFwcy5wbGFjZXMudjEuUGxhY2VzLlNlYXJjaE5lYXJieRACGAQgAA,ChIJUfPFYQAbDTkRNcBsOncNBow
ENROUTE TOUR N TRAVEL PVT LTD,travel_agency,travel_agency|transportation_service|service|point_of_interest|establishment,097006 49700,https://www.enroute.travel/,"Khasra No, 37/17, D Block, Kapas Hera Estate, New Delhi, Delhi 110097, India",4.8,220,OPERATIONAL,https://maps.google.com/?cid=16756398329523466790&g_mp=Cilnb29nbGUubWFwcy5wbGFjZXMudjEuUGxhY2VzLlNlYXJjaE5lYXJieRACGAQgAA,ChIJRZAeNAUbDTkRJvIxYoCviug
ADITYA BUS SERVICES PRIVATE LIMITED,transportation_service,transportation_service|point_of_interest|establishment,,https://www.abspl.group/,"FIRST FLOOR , KHASRA NO 37/17, D Block, Kapas Hera Estate, New Delhi, Delhi 110097, India",5,13,OPERATIONAL,https://maps.google.com/?cid=2139104966260159285&g_mp=Cilnb29nbGUubWFwcy5wbGFjZXMudjEuUGxhY2VzLlNlYXJjaE5lYXJieRACGAQgAA,ChIJmSFbJcUZDTkRNfM1I6Kgrx0
MSR Bonded Dc,transportation_service,transportation_service|point_of_interest|establishment,,,"G3CM+C7H, C69, DC Officers St, D Block, Kapas Hera Estate, New Delhi, Delhi 110097, India",5,2,OPERATIONAL,https://maps.google.com/?cid=18195960765744774485&g_mp=Cilnb29nbGUubWFwcy5wbGFjZXMudjEuUGxhY2VzLlNlYXJjaE5lYXJieRACGAQgAA,ChIJRwITHz4bDTkRVX0p_egJhfw
Ram Lal,storage,storage|point_of_interest|establishment,,,"G3CM+FFM, DC Officers St, opposite D.C. Officer's Street, D Block, Kapashera Border, Kapas Hera Estate, New Delhi, Delhi 110097, India",,,OPERATIONAL,https://maps.google.com/?cid=6534983260518579660&g_mp=Cilnb29nbGUubWFwcy5wbGFjZXMudjEuUGxhY2VzLlNlYXJjaE5lYXJieRACGAQgAA,ChIJFVc_ouEbDTkRzH1V0KbssFo
Skynet WorldWide Express,courier_service,courier_service|shipping_service|service|point_of_interest|establishment,088088 08500,https://skynetww.com/,"Second Floor ,JMK Tower NH-8, Mustatil No. 44,Killa, No. 5, 5, near HDFC Bank, D Block, Kapas Hera, New Delhi, Delhi 110097, India",3.1,157,OPERATIONAL,https://maps.google.com/?cid=6468449806539115153&g_mp=Cilnb29nbGUubWFwcy5wbGFjZXMudjEuUGxhY2VzLlNlYXJjaE5lYXJieRACGAQgAA,ChIJxcc7LBUcDTkRkUo15tOMxFk
Raman Bus Service (Raman Travels),transportation_service,transportation_service|point_of_interest|establishment,098115 45402,,"Old Delhi Gurugram Rd, D Block, Samalkha, Kapas Hera Estate, New Delhi, Delhi 110097, India",4.3,71,OPERATIONAL,https://maps.google.com/?cid=15207622065108211396&g_mp=Cilnb29nbGUubWFwcy5wbGFjZXMudjEuUGxhY2VzLlNlYXJjaE5lYXJieRACGAQgAA,ChIJx_KWeV8ZDTkRxNYq3bFTDNM
शाहदरा दिलशाद,storage,storage|point_of_interest|establishment,,,"G3CM+GJW, D ब्लॉक, मानसरोवर पार्क, शाहदरा, नई दिल्ली, दिल्ली 110097, India",,,OPERATIONAL,https://maps.google.com/?cid=1999326360271999458&g_mp=Cilnb29nbGUubWFwcy5wbGFjZXMudjEuUGxhY2VzLlNlYXJjaE5lYXJieRACGAQgAA,ChIJo_fXQQAbDTkR4lEWVrsIvxs
ABR (AHMEDABAD BENGAL ROADWAYS PVT. LTD.),corporate_office,corporate_office|transportation_service|point_of_interest|establishment,011 4168 6077,,"G3CM+HG2, D Block, Kapas Hera, New Delhi, Delhi 110097, India",4.4,41,OPERATIONAL,https://maps.google.com/?cid=3429292538923147232&g_mp=Cilnb29nbGUubWFwcy5wbGFjZXMudjEuUGxhY2VzLlNlYXJjaE5lYXJieRACGAQgAA,ChIJM5xCKmIXDTkR4F9pHWVLly8
Mega Cabs uber black,taxi_service,taxi_service|transportation_service|service|point_of_interest|establishment,,,"D Block, C44, D Block, Kapas Hera Estate, New Delhi, Delhi 110097, India",5,1,OPERATIONAL,https://maps.google.com/?cid=2691488917832741814&g_mp=Cilnb29nbGUubWFwcy5wbGFjZXMudjEuUGxhY2VzLlNlYXJjaE5lYXJieRACGAQgAA,ChIJhbbVCgAbDTkRtjNSIOkWWiU
TYKE PARK PVT LTD,parking,parking|transportation_service|point_of_interest|establishment,,,"Farm No 36, D Block, Kapas Hera Estate, New Delhi, Delhi 110097, India",5,1,OPERATIONAL,https://maps.google.com/?cid=5095412533994680912&g_mp=Cilnb29nbGUubWFwcy5wbGFjZXMudjEuUGxhY2VzLlNlYXJjaE5lYXJieRACGAQgAA,ChIJNQsbWW4ZDTkRUHLT-LOKtkY
"Luxorides | Premium and Luxury Cabs for Tours, Travel and Delhi Airport Transfers",,car_rental|airport_shuttle_service|chauffeur_service|taxi_service|transportation_service|service|point_of_interest|establishment,087006 63974,https://luxorides.com/rent-luxury-cars-in-delhi.html,"Farm 47, Umbrella Estate Rd, D Block, Kapas Hera Estate, New Delhi, Delhi 110037, India",5,8,OPERATIONAL,https://maps.google.com/?cid=305312114705658488&g_mp=Cilnb29nbGUubWFwcy5wbGFjZXMudjEuUGxhY2VzLlNlYXJjaE5lYXJieRACGAQgAA,ChIJ13caZtoZDTkReHKnLsCvPAQ
Overseas Courier Service India Pvt Ltd,corporate_office,corporate_office|courier_service|shipping_service|service|point_of_interest|establishment,011 6920 1800,https://ocs-india.co/,"THE ONE, KHASRA NO 30, REVENUE ESTATE OF KAPASHERA, 14/1, D Block, Kapas Hera Estate, New Delhi, Delhi 110037, India",4.8,12,OPERATIONAL,https://maps.google.com/?cid=13943753874199021018&g_mp=Cilnb29nbGUubWFwcy5wbGFjZXMudjEuUGxhY2VzLlNlYXJjaE5lYXJieRACGAQgAA,ChIJdTIOKVUbDTkR2gUce0UqgsE
Parking,parking_lot,parking_lot|parking|transportation_service|service|point_of_interest|establishment,,,"G3CX+QG5, Yawantika Colony, Rangpuri, New Delhi, Delhi 110038, India",3,1,OPERATIONAL,https://maps.google.com/?cid=12882744785072873054&g_mp=Cilnb29nbGUubWFwcy5wbGFjZXMudjEuUGxhY2VzLlNlYXJjaE5lYXJieRACGAQgAA,ChIJb3YsRv4bDTkRXt5IViC0yLI
Haveus warehouse,storage,storage|point_of_interest|establishment,,,"D Block, C21, D Block, Kapas Hera Estate, New Delhi, Delhi 110097, India",5,1,OPERATIONAL,https://maps.google.com/?cid=310812798918708546&g_mp=Cilnb29nbGUubWFwcy5wbGFjZXMudjEuUGxhY2VzLlNlYXJjaE5lYXJieRACGAQgAA,ChIJfdGHbAAbDTkRQs0xB5g6UAQ
Leasewarehouse.in,real_estate_agency,real_estate_agency|consultant|general_contractor|service|point_of_interest|establishment,089295 80086,https://leasewarehouse.in/,"behind Fun N Food Village, D Block, Kapashera, New Delhi, Delhi 110097, India",4.9,14,OPERATIONAL,https://maps.google.com/?cid=2030084814593084249&g_mp=Cilnb29nbGUubWFwcy5wbGFjZXMudjEuUGxhY2VzLlNlYXJjaE5lYXJieRACGAQgAA,ChIJsavZE2YbDTkRWUu8DWJPLBw
Team computers ware house,storage,storage|point_of_interest|establishment,,,"G3FP+2H, D Block, Kapas Hera Estate, New Delhi, Delhi 110097, India",5,8,OPERATIONAL,https://maps.google.com/?cid=17406409681101980834&g_mp=Cilnb29nbGUubWFwcy5wbGFjZXMudjEuUGxhY2VzLlNlYXJjaE5lYXJieRACGAQgAA,ChIJnVV7Df0bDTkRogQBwWH9j_E
DTDC Efulfillment Center - Kapashera,courier_service,courier_service|shipping_service|service|point_of_interest|establishment,095993 87311,http://www.dtdc.com/product-services#warehousing,"G3CP+VGW, D Block, Kapas Hera Estate, New Delhi, Delhi 110097, India",3.8,55,OPERATIONAL,https://maps.google.com/?cid=8953528101202116956&g_mp=Cilnb29nbGUubWFwcy5wbGFjZXMudjEuUGxhY2VzLlNlYXJjaE5lYXJieRACGAQgAA,ChIJLYNozuMbDTkRXEGhxl5SQXw
Fulfilment Centre Delhi - FC 7,,point_of_interest|establishment,,,"27/9, Internal Road, behind Fun and Food Village, D Block, Kapashera, New Delhi, Delhi 110097, India",4.1,8,CLOSED_TEMPORARILY,https://maps.google.com/?cid=12977699975061332524&g_mp=Cilnb29nbGUubWFwcy5wbGFjZXMudjEuUGxhY2VzLlNlYXJjaE5lYXJieRACGAQgAA,ChIJC1hv7SobDTkRLGIgV14NGrQ
TRx Logistics & support services,corporate_office,corporate_office|point_of_interest|establishment,011 4909 3349,http://trxlogistic.com/,"G3FP+5FP, Unnamed Road, D Block, Kapas Hera Estate, New Delhi, Delhi 110097, India",4.6,29,OPERATIONAL,https://maps.google.com/?cid=18004129798083760280&g_mp=Cilnb29nbGUubWFwcy5wbGFjZXMudjEuUGxhY2VzLlNlYXJjaE5lYXJieRACGAQgAA,ChIJ9yGyVqkbDTkRmNDOUKmE2_k
Kuber factory,storage,storage|point_of_interest|establishment,,,"C6, Kapashera Estate Rd, D Block, Kapas Hera Estate, New Delhi, Delhi 110097, India",,,OPERATIONAL,https://maps.google.com/?cid=9279622858384144765&g_mp=Cilnb29nbGUubWFwcy5wbGFjZXMudjEuUGxhY2VzLlNlYXJjaE5lYXJieRACGAQgAA,ChIJm0KCaWkbDTkRffmU-9LXx4A
Dryden Energy Charging Station,electric_vehicle_charging_station,electric_vehicle_charging_station|transportation_service|point_of_interest|establishment,098110 67012,,"Kapashera, Gopal Chowk, 24, D Block, Kapas Hera Estate, New Delhi, Delhi 110097, India",3.6,17,OPERATIONAL,https://maps.google.com/?cid=9117910886666266132&g_mp=Cilnb29nbGUubWFwcy5wbGFjZXMudjEuUGxhY2VzLlNlYXJjaE5lYXJieRACGAQgAA,ChIJaYQL9RYbDTkRFOZohaRTiX4
ChargeZone Charging Station,electric_vehicle_charging_station,electric_vehicle_charging_station|transportation_service|point_of_interest|establishment,1800 121 2025,https://ev-stations.chargezone.co.in/near-me/new-delhi/D-Block/chargezone-charging-station-in-D-Block-new-delhi--6AByfG/home,"D Block, Kapas Hera Estate, New Delhi, Delhi 110037, India",4,2,OPERATIONAL,https://maps.google.com/?cid=10125840859869238072&g_mp=Cilnb29nbGUubWFwcy5wbGFjZXMudjEuUGxhY2VzLlNlYXJjaE5lYXJieRACGAQgAA,ChIJzU3fSHobDTkROFOk8Jw2how
